user_id,rank,movie_id,title,predicted_score
196,1,483,Casablanca (1942),4.329448223114014
196,2,114,Wallace & Gromit: The Best of Aardman Animation (1996),4.32087516784668
196,3,64,"Shawshank Redemption, The (1994)",4.310065269470215
196,4,408,"Close Shave, A (1995)",4.300786972045898
196,5,480,North by Northwest (1959),4.261386394500732
196,6,318,Schindler's List (1993),4.255898475646973
196,7,127,"Godfather, The (1972)",4.255021572113037
196,8,657,"Manchurian Candidate, The (1962)",4.222129821777344
196,9,515,"Boot, Das (1981)",4.2181501388549805
196,10,656,M (1931),4.212228775024414
186,1,174,Raiders of the Lost Ark (1981),4.60788631439209
186,2,1449,Pather Panchali (1955),4.5778117179870605
186,3,483,Casablanca (1942),4.573321342468262
186,4,114,Wallace & Gromit: The Best of Aardman Animation (1996),4.564942359924316
186,5,318,Schindler's List (1993),4.561663627624512
186,6,64,"Shawshank Redemption, The (1994)",4.561093330383301
186,7,480,North by Northwest (1959),4.552599906921387
186,8,187,"Godfather: Part II, The (1974)",4.551036834716797
186,9,50,Star Wars (1977),4.522791862487793
186,10,178,12 Angry Men (1957),4.509903430938721
22,1,64,"Shawshank Redemption, The (1994)",4.50567626953125
22,2,114,Wallace & Gromit: The Best of Aardman Animation (1996),4.480784893035889
22,3,318,Schindler's List (1993),4.478110313415527
22,4,1449,Pather Panchali (1955),4.4766621589660645
22,5,1500,Santa with Muscles (1996),4.463509559631348
22,6,12,"Usual Suspects, The (1995)",4.457744121551514
22,7,408,"Close Shave, A (1995)",4.452754020690918
22,8,603,Rear Window (1954),4.4436116218566895
22,9,480,North by Northwest (1959),4.434298038482666
22,10,483,Casablanca (1942),4.432701110839844
244,1,480,North by Northwest (1959),4.357220649719238
244,2,483,Casablanca (1942),4.3278889656066895
244,3,656,M (1931),4.318539142608643
244,4,657,"Manchurian Candidate, The (1962)",4.309247970581055
244,5,513,"Third Man, The (1949)",4.304717540740967
244,6,1500,Santa with Muscles (1996),4.29167366027832
244,7,408,"Close Shave, A (1995)",4.291346549987793
244,8,313,Titanic (1997),4.263871192932129
244,9,479,Vertigo (1958),4.260933876037598
244,10,178,12 Angry Men (1957),4.255524635314941
166,1,174,Raiders of the Lost Ark (1981),4.68997049331665
166,2,318,Schindler's List (1993),4.675227642059326
166,3,50,Star Wars (1977),4.656502723693848
166,4,187,"Godfather: Part II, The (1974)",4.655996322631836
166,5,64,"Shawshank Redemption, The (1994)",4.650029182434082
166,6,1449,Pather Panchali (1955),4.64504861831665
166,7,114,Wallace & Gromit: The Best of Aardman Animation (1996),4.637921333312988
166,8,1500,Santa with Muscles (1996),4.607298374176025
166,9,483,Casablanca (1942),4.606739044189453
166,10,408,"Close Shave, A (1995)",4.6061577796936035
298,1,114,Wallace & Gromit: The Best of Aardman Animation (1996),4.577422618865967
298,2,1500,Santa with Muscles (1996),4.556524753570557
298,3,1449,Pather Panchali (1955),4.543085098266602
298,4,313,Titanic (1997),4.508459091186523
298,5,408,"Close Shave, A (1995)",4.5060272216796875
298,6,480,North by Northwest (1959),4.492669582366943
298,7,64,"Shawshank Redemption, The (1994)",4.492082118988037
298,8,657,"Manchurian Candidate, The (1962)",4.489311695098877
298,9,1367,Faust (1994),4.486204147338867
298,10,169,"Wrong Trousers, The (1993)",4.4832048416137695
115,1,318,Schindler's List (1993),4.578025817871094
115,2,114,Wallace & Gromit: The Best of Aardman Animation (1996),4.57646369934082
115,3,480,North by Northwest (1959),4.554625511169434
115,4,1449,Pather Panchali (1955),4.543551921844482
115,5,483,Casablanca (1942),4.540687561035156
115,6,1500,Santa with Muscles (1996),4.525437355041504
115,7,64,"Shawshank Redemption, The (1994)",4.516648292541504
115,8,427,To Kill a Mockingbird (1962),4.516010284423828
115,9,313,Titanic (1997),4.487931251525879
115,10,169,"Wrong Trousers, The (1993)",4.483160495758057
253,1,480,North by Northwest (1959),4.723596572875977
253,2,174,Raiders of the Lost Ark (1981),4.696882247924805
253,3,1449,Pather Panchali (1955),4.691229820251465
253,4,114,Wallace & Gromit: The Best of Aardman Animation (1996),4.684849262237549
253,5,1500,Santa with Muscles (1996),4.666072368621826
253,6,657,"Manchurian Candidate, The (1962)",4.653584957122803
253,7,187,"Godfather: Part II, The (1974)",4.647011756896973
253,8,408,"Close Shave, A (1995)",4.642121315002441
253,9,178,12 Angry Men (1957),4.640103340148926
253,10,313,Titanic (1997),4.639249801635742
305,1,1449,Pather Panchali (1955),4.430715084075928
305,2,1500,Santa with Muscles (1996),4.387335777282715
305,3,114,Wallace & Gromit: The Best of Aardman Animation (1996),4.3234710693359375
305,4,313,Titanic (1997),4.31247615814209
305,5,603,Rear Window (1954),4.29909086227417
305,6,1367,Faust (1994),4.2714667320251465
305,7,657,"Manchurian Candidate, The (1962)",4.221442222595215
305,8,519,"Treasure of the Sierra Madre, The (1948)",4.219326972961426
305,9,513,"Third Man, The (1949)",4.191335678100586
305,10,124,Lone Star (1996),4.190171241760254
6,1,657,"Manchurian Candidate, The (1962)",4.297253608703613
6,2,603,Rear Window (1954),4.2639055252075195
6,3,313,Titanic (1997),4.263274669647217
6,4,1500,Santa with Muscles (1996),4.260209083557129
6,5,114,Wallace & Gromit: The Best of Aardman Animation (1996),4.258403778076172
6,6,1449,Pather Panchali (1955),4.240313529968262
6,7,656,M (1931),4.1748528480529785
6,8,1367,Faust (1994),4.173612594604492
6,9,648,"Quiet Man, The (1952)",4.163886547088623
6,10,647,Ran (1985),4.131335258483887
62,1,1500,Santa with Muscles (1996),4.386104583740234
62,2,178,12 Angry Men (1957),4.36549186706543
62,3,408,"Close Shave, A (1995)",4.350048065185547
62,4,1449,Pather Panchali (1955),4.337336540222168
62,5,313,Titanic (1997),4.318770408630371
62,6,169,"Wrong Trousers, The (1993)",4.309770107269287
62,7,603,Rear Window (1954),4.268675804138184
62,8,187,"Godfather: Part II, The (1974)",4.2588582038879395
62,9,656,M (1931),4.25538444519043
62,10,657,"Manchurian Candidate, The (1962)",4.24390172958374
286,1,178,12 Angry Men (1957),4.521554470062256
286,2,64,"Shawshank Redemption, The (1994)",4.47742223739624
286,3,187,"Godfather: Part II, The (1974)",4.477075099945068
286,4,302,L.A. Confidential (1997),4.474791049957275
286,5,656,M (1931),4.47265100479126
286,6,513,"Third Man, The (1949)",4.469120025634766
286,7,480,North by Northwest (1959),4.466340065002441
286,8,657,"Manchurian Candidate, The (1962)",4.43300724029541
286,9,313,Titanic (1997),4.432151794433594
286,10,1240,Ghost in the Shell (Kokaku kidotai) (1995),4.4312424659729
200,1,187,"Godfather: Part II, The (1974)",4.737465858459473
200,2,114,Wallace & Gromit: The Best of Aardman Animation (1996),4.719744682312012
200,3,64,"Shawshank Redemption, The (1994)",4.709286212921143
200,4,1449,Pather Panchali (1955),4.702856063842773
200,5,127,"Godfather, The (1972)",4.693526744842529
200,6,1500,Santa with Muscles (1996),4.692050457000732
200,7,479,Vertigo (1958),4.678433895111084
200,8,480,North by Northwest (1959),4.6698808670043945
200,9,408,"Close Shave, A (1995)",4.66975212097168
200,10,134,Citizen Kane (1941),4.669132709503174
210,1,318,Schindler's List (1993),4.6475629806518555
210,2,1449,Pather Panchali (1955),4.64555549621582
210,3,1500,Santa with Muscles (1996),4.634331703186035
210,4,480,North by Northwest (1959),4.630380153656006
210,5,313,Titanic (1997),4.629046440124512
210,6,64,"Shawshank Redemption, The (1994)",4.626861095428467
210,7,408,"Close Shave, A (1995)",4.616123199462891
210,8,178,12 Angry Men (1957),4.61387825012207
210,9,1367,Faust (1994),4.581127643585205
210,10,12,"Usual Suspects, The (1995)",4.5811004638671875
224,1,427,To Kill a Mockingbird (1962),4.20711612701416
224,2,483,Casablanca (1942),4.2034912109375
224,3,64,"Shawshank Redemption, The (1994)",4.171280384063721
224,4,1449,Pather Panchali (1955),4.170843124389648
224,5,408,"Close Shave, A (1995)",4.167954444885254
224,6,1500,Santa with Muscles (1996),4.141845226287842
224,7,98,"Silence of the Lambs, The (1991)",4.136977195739746
224,8,127,"Godfather, The (1972)",4.1338582038879395
224,9,169,"Wrong Trousers, The (1993)",4.113255500793457
224,10,114,Wallace & Gromit: The Best of Aardman Animation (1996),4.095537185668945
303,1,114,Wallace & Gromit: The Best of Aardman Animation (1996),4.633616924285889
303,2,178,12 Angry Men (1957),4.627710342407227
303,3,1449,Pather Panchali (1955),4.614969730377197
303,4,1500,Santa with Muscles (1996),4.611381530761719
303,5,657,"Manchurian Candidate, The (1962)",4.593817234039307
303,6,313,Titanic (1997),4.565732955932617
303,7,169,"Wrong Trousers, The (1993)",4.561237812042236
303,8,648,"Quiet Man, The (1952)",4.5502166748046875
303,9,515,"Boot, Das (1981)",4.541871070861816
303,10,1367,Faust (1994),4.541625022888184
122,1,483,Casablanca (1942),4.633640289306641
122,2,178,12 Angry Men (1957),4.601571083068848
122,3,64,"Shawshank Redemption, The (1994)",4.593572616577148
122,4,480,North by Northwest (1959),4.591087818145752
122,5,408,"Close Shave, A (1995)",4.583469390869141
122,6,657,"Manchurian Candidate, The (1962)",4.58281135559082
122,7,114,Wallace & Gromit: The Best of Aardman Animation (1996),4.564884185791016
122,8,318,Schindler's List (1993),4.55095911026001
122,9,302,L.A. Confidential (1997),4.549334526062012
122,10,1449,Pather Panchali (1955),4.547966003417969
194,1,1500,Santa with Muscles (1996),4.027092933654785
194,2,408,"Close Shave, A (1995)",4.010763645172119
194,3,1449,Pather Panchali (1955),4.008543014526367
194,4,114,Wallace & Gromit: The Best of Aardman Animation (1996),4.005059242248535
194,5,169,"Wrong Trousers, The (1993)",3.9836831092834473
194,6,313,Titanic (1997),3.981635093688965
194,7,484,"Maltese Falcon, The (1941)",3.9266574382781982
194,8,480,North by Northwest (1959),3.9079644680023193
194,9,603,Rear Window (1954),3.9045586585998535
194,10,1554,Safe Passage (1994),3.9025721549987793
291,1,318,Schindler's List (1993),4.641923904418945
291,2,114,Wallace & Gromit: The Best of Aardman Animation (1996),4.611700534820557
291,3,187,"Godfather: Part II, The (1974)",4.597259521484375
291,4,1449,Pather Panchali (1955),4.593967437744141
291,5,483,Casablanca (1942),4.593479156494141
291,6,178,12 Angry Men (1957),4.582476615905762
291,7,408,"Close Shave, A (1995)",4.579981327056885
291,8,313,Titanic (1997),4.569507598876953
291,9,1500,Santa with Muscles (1996),4.56919002532959
291,10,480,North by Northwest (1959),4.567715644836426
234,1,1500,Santa with Muscles (1996),4.146013259887695
234,2,114,Wallace & Gromit: The Best of Aardman Animation (1996),4.145581245422363
234,3,169,"Wrong Trousers, The (1993)",4.131202697753906
234,4,408,"Close Shave, A (1995)",4.115799903869629
234,5,1367,Faust (1994),4.058705806732178
234,6,272,Good Will Hunting (1997),3.933781385421753
234,7,1529,Underground (1995),3.915531873703003
234,8,1554,Safe Passage (1994),3.9122376441955566
234,9,868,Hearts and Minds (1996),3.87558913230896
234,10,83,Much Ado About Nothing (1993),3.8738255500793457
119,1,318,Schindler's List (1993),4.701686859130859
119,2,187,"Godfather: Part II, The (1974)",4.678534507751465
119,3,114,Wallace & Gromit: The Best of Aardman Animation (1996),4.644370079040527
119,4,1449,Pather Panchali (1955),4.640307903289795
119,5,285,Secrets & Lies (1996),4.628896713256836
119,6,483,Casablanca (1942),4.610537528991699
119,7,478,"Philadelphia Story, The (1940)",4.608754634857178
119,8,408,"Close Shave, A (1995)",4.600756645202637
119,9,1500,Santa with Muscles (1996),4.590885639190674
119,10,427,To Kill a Mockingbird (1962),4.588171005249023
167,1,1449,Pather Panchali (1955),4.637324333190918
167,2,483,Casablanca (1942),4.627856254577637
167,3,114,Wallace & Gromit: The Best of Aardman Animation (1996),4.627359390258789
167,4,1500,Santa with Muscles (1996),4.618139266967773
167,5,480,North by Northwest (1959),4.600434303283691
167,6,427,To Kill a Mockingbird (1962),4.598722457885742
167,7,98,"Silence of the Lambs, The (1991)",4.596927642822266
167,8,127,"Godfather, The (1972)",4.591629505157471
167,9,357,One Flew Over the Cuckoo's Nest (1975),4.583467483520508
167,10,178,12 Angry Men (1957),4.580604553222656
299,1,1449,Pather Panchali (1955),4.360982894897461
299,2,64,"Shawshank Redemption, The (1994)",4.346487998962402
299,3,1500,Santa with Muscles (1996),4.290101051330566
299,4,357,One Flew Over the Cuckoo's Nest (1975),4.279879570007324
299,5,1367,Faust (1994),4.273186683654785
299,6,427,To Kill a Mockingbird (1962),4.236594200134277
299,7,178,12 Angry Men (1957),4.224620342254639
299,8,657,"Manchurian Candidate, The (1962)",4.1657280921936035
299,9,223,Sling Blade (1996),4.16050386428833
299,10,199,"Bridge on the River Kwai, The (1957)",4.14854621887207
308,1,114,Wallace & Gromit: The Best of Aardman Animation (1996),4.437237739562988
308,2,1449,Pather Panchali (1955),4.431427955627441
308,3,1500,Santa with Muscles (1996),4.389804840087891
308,4,478,"Philadelphia Story, The (1940)",4.31229305267334
308,5,1367,Faust (1994),4.292922019958496
308,6,302,L.A. Confidential (1997),4.270218849182129
308,7,1529,Underground (1995),4.256701946258545
308,8,606,All About Eve (1950),4.239684104919434
308,9,173,"Princess Bride, The (1987)",4.234442710876465
308,10,1642,Some Mother's Son (1996),4.219236373901367
95,1,1449,Pather Panchali (1955),4.420581817626953
95,2,114,Wallace & Gromit: The Best of Aardman Animation (1996),4.369478225708008
95,3,1500,Santa with Muscles (1996),4.35947322845459
95,4,479,Vertigo (1958),4.351685523986816
95,5,134,Citizen Kane (1941),4.345866680145264
95,6,169,"Wrong Trousers, The (1993)",4.344326019287109
95,7,1367,Faust (1994),4.33364725112915
95,8,408,"Close Shave, A (1995)",4.33056116104126
95,9,318,Schindler's List (1993),4.326951026916504
95,10,603,Rear Window (1954),4.308121681213379
38,1,64,"Shawshank Redemption, The (1994)",4.64276123046875
38,2,114,Wallace & Gromit: The Best of Aardman Animation (1996),4.530975341796875
38,3,174,Raiders of the Lost Ark (1981),4.528522491455078
38,4,12,"Usual Suspects, The (1995)",4.51039981842041
38,5,302,L.A. Confidential (1997),4.506461143493652
38,6,483,Casablanca (1942),4.503689765930176
38,7,408,"Close Shave, A (1995)",4.483081340789795
38,8,187,"Godfather: Part II, The (1974)",4.462507724761963
38,9,285,Secrets & Lies (1996),4.456586837768555
38,10,1500,Santa with Muscles (1996),4.45534610748291
102,1,1449,Pather Panchali (1955),3.8098201751708984
102,2,178,12 Angry Men (1957),3.769336462020874
102,3,603,Rear Window (1954),3.749053955078125
102,4,64,"Shawshank Redemption, The (1994)",3.73125958442688
102,5,483,Casablanca (1942),3.724828004837036
102,6,519,"Treasure of the Sierra Madre, The (1948)",3.7173004150390625
102,7,1500,Santa with Muscles (1996),3.711954355239868
102,8,318,Schindler's List (1993),3.6907360553741455
102,9,114,Wallace & Gromit: The Best of Aardman Animation (1996),3.6824216842651367
102,10,12,"Usual Suspects, The (1995)",3.6658620834350586
63,1,1449,Pather Panchali (1955),4.331516265869141
63,2,169,"Wrong Trousers, The (1993)",4.306953430175781
63,3,178,12 Angry Men (1957),4.299117088317871
63,4,114,Wallace & Gromit: The Best of Aardman Animation (1996),4.229775428771973
63,5,483,Casablanca (1942),4.186439037322998
63,6,603,Rear Window (1954),4.182373046875
63,7,1500,Santa with Muscles (1996),4.17105770111084
63,8,134,Citizen Kane (1941),4.154839515686035
63,9,1367,Faust (1994),4.139338493347168
63,10,98,"Silence of the Lambs, The (1991)",4.119105339050293
160,1,114,Wallace & Gromit: The Best of Aardman Animation (1996),4.584829330444336
160,2,64,"Shawshank Redemption, The (1994)",4.560635566711426
160,3,480,North by Northwest (1959),4.555605888366699
160,4,1500,Santa with Muscles (1996),4.5340776443481445
160,5,178,12 Angry Men (1957),4.52147102355957
160,6,12,"Usual Suspects, The (1995)",4.516664505004883
160,7,479,Vertigo (1958),4.5159196853637695
160,8,1449,Pather Panchali (1955),4.507158279418945
160,9,357,One Flew Over the Cuckoo's Nest (1975),4.5019330978393555
160,10,318,Schindler's List (1993),4.4949951171875
50,1,318,Schindler's List (1993),4.469103813171387
50,2,50,Star Wars (1977),4.4597086906433105
50,3,174,Raiders of the Lost Ark (1981),4.421730995178223
50,4,1449,Pather Panchali (1955),4.409147262573242
50,5,483,Casablanca (1942),4.3776750564575195
50,6,64,"Shawshank Redemption, The (1994)",4.375854015350342
50,7,187,"Godfather: Part II, The (1974)",4.365914344787598
50,8,223,Sling Blade (1996),4.347134590148926
50,9,178,12 Angry Men (1957),4.3388166427612305
50,10,114,Wallace & Gromit: The Best of Aardman Animation (1996),4.326432228088379
301,1,114,Wallace & Gromit: The Best of Aardman Animation (1996),4.303468704223633
301,2,479,Vertigo (1958),4.267765998840332
301,3,1449,Pather Panchali (1955),4.265045166015625
301,4,178,12 Angry Men (1957),4.253508567810059
301,5,1500,Santa with Muscles (1996),4.234379291534424
301,6,480,North by Northwest (1959),4.224767208099365
301,7,408,"Close Shave, A (1995)",4.211024284362793
301,8,313,Titanic (1997),4.202009677886963
301,9,657,"Manchurian Candidate, The (1962)",4.2016754150390625
301,10,285,Secrets & Lies (1996),4.194233417510986
225,1,114,Wallace & Gromit: The Best of Aardman Animation (1996),4.722970008850098
225,2,318,Schindler's List (1993),4.720678806304932
225,3,174,Raiders of the Lost Ark (1981),4.7143144607543945
225,4,1449,Pather Panchali (1955),4.714160919189453
225,5,483,Casablanca (1942),4.6924262046813965
225,6,187,"Godfather: Part II, The (1974)",4.688292503356934
225,7,178,12 Angry Men (1957),4.684991836547852
225,8,50,Star Wars (1977),4.6829118728637695
225,9,1500,Santa with Muscles (1996),4.676785469055176
225,10,313,Titanic (1997),4.6508378982543945
290,1,479,Vertigo (1958),4.0823259353637695
290,2,1449,Pather Panchali (1955),4.050697326660156
290,3,313,Titanic (1997),4.004571914672852
290,4,427,To Kill a Mockingbird (1962),3.9727582931518555
290,5,114,Wallace & Gromit: The Best of Aardman Animation (1996),3.9698235988616943
290,6,1500,Santa with Muscles (1996),3.9676828384399414
290,7,302,L.A. Confidential (1997),3.926934003829956
290,8,408,"Close Shave, A (1995)",3.9207141399383545
290,9,223,Sling Blade (1996),3.9158053398132324
290,10,169,"Wrong Trousers, The (1993)",3.902296543121338
97,1,483,Casablanca (1942),4.602590560913086
97,2,178,12 Angry Men (1957),4.596854209899902
97,3,127,"Godfather, The (1972)",4.555657386779785
97,4,1500,Santa with Muscles (1996),4.552424907684326
97,5,480,North by Northwest (1959),4.546722412109375
97,6,318,Schindler's List (1993),4.539663314819336
97,7,302,L.A. Confidential (1997),4.53671932220459
97,8,657,"Manchurian Candidate, The (1962)",4.528264045715332
97,9,114,Wallace & Gromit: The Best of Aardman Animation (1996),4.5274481773376465
97,10,1449,Pather Panchali (1955),4.526511192321777
157,1,483,Casablanca (1942),4.664463996887207
157,2,64,"Shawshank Redemption, The (1994)",4.571732044219971
157,3,1449,Pather Panchali (1955),4.551996231079102
157,4,178,12 Angry Men (1957),4.545923233032227
157,5,408,"Close Shave, A (1995)",4.544833183288574
157,6,427,To Kill a Mockingbird (1962),4.544368743896484
157,7,169,"Wrong Trousers, The (1993)",4.5420989990234375
157,8,1500,Santa with Muscles (1996),4.533015251159668
157,9,480,North by Northwest (1959),4.523708343505859
157,10,134,Citizen Kane (1941),4.520985126495361
181,1,483,Casablanca (1942),2.8062570095062256
181,2,12,"Usual Suspects, The (1995)",2.6990342140197754
181,3,1550,Destiny Turns on the Radio (1995),2.624223232269287
181,4,64,"Shawshank Redemption, The (1994)",2.557375907897949
181,5,318,Schindler's List (1993),2.452305316925049
181,6,427,To Kill a Mockingbird (1962),2.426272392272949
181,7,1449,Pather Panchali (1955),2.4225058555603027
181,8,1554,Safe Passage (1994),2.327007293701172
181,9,169,"Wrong Trousers, The (1993)",2.3184688091278076
181,10,178,12 Angry Men (1957),2.295586109161377
278,1,318,Schindler's List (1993),4.650277137756348
278,2,174,Raiders of the Lost Ark (1981),4.64247465133667
278,3,50,Star Wars (1977),4.639623165130615
278,4,187,"Godfather: Part II, The (1974)",4.593570709228516
278,5,64,"Shawshank Redemption, The (1994)",4.562747001647949
278,6,1449,Pather Panchali (1955),4.552526473999023
278,7,114,Wallace & Gromit: The Best of Aardman Animation (1996),4.5457305908203125
278,8,285,Secrets & Lies (1996),4.517894744873047
278,9,427,To Kill a Mockingbird (1962),4.517800331115723
278,10,408,"Close Shave, A (1995)",4.517229080200195
276,1,483,Casablanca (1942),4.704041481018066
276,2,114,Wallace & Gromit: The Best of Aardman Animation (1996),4.673490524291992
276,3,1500,Santa with Muscles (1996),4.671840667724609
276,4,1449,Pather Panchali (1955),4.671577453613281
276,5,178,12 Angry Men (1957),4.661537170410156
276,6,480,North by Northwest (1959),4.64317512512207
276,7,657,"Manchurian Candidate, The (1962)",4.637539386749268
276,8,1367,Faust (1994),4.616968154907227
276,9,515,"Boot, Das (1981)",4.60518741607666
276,10,513,"Third Man, The (1949)",4.604069232940674
7,1,114,Wallace & Gromit: The Best of Aardman Animation (1996),4.675634384155273
7,2,1500,Santa with Muscles (1996),4.633701801300049
7,3,1449,Pather Panchali (1955),4.629521369934082
7,4,709,Strictly Ballroom (1992),4.605772972106934
7,5,169,"Wrong Trousers, The (1993)",4.598365783691406
7,6,408,"Close Shave, A (1995)",4.595055103302002
7,7,313,Titanic (1997),4.583800315856934
7,8,302,L.A. Confidential (1997),4.580423355102539
7,9,1367,Faust (1994),4.576542854309082
7,10,1642,Some Mother's Son (1996),4.561357498168945
10,1,114,Wallace & Gromit: The Best of Aardman Animation (1996),4.650201320648193
10,2,427,To Kill a Mockingbird (1962),4.630176067352295
10,3,408,"Close Shave, A (1995)",4.620064735412598
10,4,1449,Pather Panchali (1955),4.611863136291504
10,5,1500,Santa with Muscles (1996),4.602304935455322
10,6,272,Good Will Hunting (1997),4.594133377075195
10,7,1367,Faust (1994),4.593233108520508
10,8,313,Titanic (1997),4.587023735046387
10,9,316,As Good As It Gets (1997),4.582113265991211
10,10,318,Schindler's List (1993),4.562347412109375
284,1,483,Casablanca (1942),4.560888767242432
284,2,114,Wallace & Gromit: The Best of Aardman Animation (1996),4.555248260498047
284,3,178,12 Angry Men (1957),4.552715301513672
284,4,318,Schindler's List (1993),4.536843299865723
284,5,480,North by Northwest (1959),4.535305976867676
284,6,1449,Pather Panchali (1955),4.528726577758789
284,7,174,Raiders of the Lost Ark (1981),4.5182623863220215
284,8,657,"Manchurian Candidate, The (1962)",4.514408111572266
284,9,1500,Santa with Muscles (1996),4.504669666290283
284,10,64,"Shawshank Redemption, The (1994)",4.504127502441406
201,1,427,To Kill a Mockingbird (1962),4.161918640136719
201,2,1449,Pather Panchali (1955),4.107980728149414
201,3,169,"Wrong Trousers, The (1993)",4.081270217895508
201,4,1500,Santa with Muscles (1996),4.0776214599609375
201,5,114,Wallace & Gromit: The Best of Aardman Animation (1996),4.066017150878906
201,6,178,12 Angry Men (1957),4.002387046813965
201,7,657,"Manchurian Candidate, The (1962)",3.9822604656219482
201,8,484,"Maltese Falcon, The (1941)",3.943725347518921
201,9,1367,Faust (1994),3.92946720123291
201,10,709,Strictly Ballroom (1992),3.900958776473999
287,1,318,Schindler's List (1993),4.747274398803711
287,2,114,Wallace & Gromit: The Best of Aardman Animation (1996),4.745890140533447
287,3,178,12 Angry Men (1957),4.736429214477539
287,4,480,North by Northwest (1959),4.733046531677246
287,5,174,Raiders of the Lost Ark (1981),4.7235636711120605
287,6,483,Casablanca (1942),4.717865467071533
287,7,1449,Pather Panchali (1955),4.714700698852539
287,8,1500,Santa with Muscles (1996),4.714584827423096
287,9,513,"Third Man, The (1949)",4.705241680145264
287,10,357,One Flew Over the Cuckoo's Nest (1975),4.704243183135986
246,1,1449,Pather Panchali (1955),4.342150688171387
246,2,114,Wallace & Gromit: The Best of Aardman Animation (1996),4.321256160736084
246,3,483,Casablanca (1942),4.308990478515625
246,4,480,North by Northwest (1959),4.2759108543396
246,5,134,Citizen Kane (1941),4.2692742347717285
246,6,1500,Santa with Muscles (1996),4.265346527099609
246,7,1367,Faust (1994),4.258801460266113
246,8,64,"Shawshank Redemption, The (1994)",4.255147933959961
246,9,515,"Boot, Das (1981)",4.240785121917725
246,10,318,Schindler's List (1993),4.219843864440918
242,1,483,Casablanca (1942),4.733656883239746
242,2,174,Raiders of the Lost Ark (1981),4.7085981369018555
242,3,114,Wallace & Gromit: The Best of Aardman Animation (1996),4.694273948669434
242,4,64,"Shawshank Redemption, The (1994)",4.687276840209961
242,5,187,"Godfather: Part II, The (1974)",4.672530174255371
242,6,1449,Pather Panchali (1955),4.658723831176758
242,7,313,Titanic (1997),4.658604621887207
242,8,1500,Santa with Muscles (1996),4.656368255615234
242,9,408,"Close Shave, A (1995)",4.6483612060546875
242,10,480,North by Northwest (1959),4.645754814147949
249,1,1449,Pather Panchali (1955),4.6783342361450195
249,2,1500,Santa with Muscles (1996),4.657371520996094
249,3,178,12 Angry Men (1957),4.647871494293213
249,4,134,Citizen Kane (1941),4.637674808502197
249,5,187,"Godfather: Part II, The (1974)",4.631106376647949
249,6,127,"Godfather, The (1972)",4.6302032470703125
249,7,313,Titanic (1997),4.6284685134887695
249,8,1367,Faust (1994),4.613381385803223
249,9,654,Chinatown (1974),4.598353385925293
249,10,316,As Good As It Gets (1997),4.597660064697266
99,1,483,Casablanca (1942),4.403963088989258
99,2,318,Schindler's List (1993),4.281474590301514
99,3,427,To Kill a Mockingbird (1962),4.272527694702148
99,4,114,Wallace & Gromit: The Best of Aardman Animation (1996),4.271240711212158
99,5,178,12 Angry Men (1957),4.259315490722656
99,6,357,One Flew Over the Cuckoo's Nest (1975),4.257814407348633
99,7,480,North by Northwest (1959),4.251822471618652
99,8,657,"Manchurian Candidate, The (1962)",4.2485504150390625
99,9,1449,Pather Panchali (1955),4.233520030975342
99,10,1500,Santa with Muscles (1996),4.218252182006836
178,1,1500,Santa with Muscles (1996),4.450211524963379
178,2,114,Wallace & Gromit: The Best of Aardman Animation (1996),4.441824913024902
178,3,1449,Pather Panchali (1955),4.431221008300781
178,4,408,"Close Shave, A (1995)",4.421738624572754
178,5,357,One Flew Over the Cuckoo's Nest (1975),4.404600620269775
178,6,169,"Wrong Trousers, The (1993)",4.401549339294434
178,7,513,"Third Man, The (1949)",4.340895652770996
178,8,656,M (1931),4.339041709899902
178,9,657,"Manchurian Candidate, The (1962)",4.334217071533203
178,10,1367,Faust (1994),4.331356525421143
251,1,483,Casablanca (1942),4.573521614074707
251,2,127,"Godfather, The (1972)",4.5065107345581055
251,3,1449,Pather Panchali (1955),4.50009822845459
251,4,114,Wallace & Gromit: The Best of Aardman Animation (1996),4.488273620605469
251,5,178,12 Angry Men (1957),4.481405735015869
251,6,1500,Santa with Muscles (1996),4.475961685180664
251,7,318,Schindler's List (1993),4.4722747802734375
251,8,408,"Close Shave, A (1995)",4.454266548156738
251,9,357,One Flew Over the Cuckoo's Nest (1975),4.446008682250977
251,10,98,"Silence of the Lambs, The (1991)",4.434174537658691
81,1,480,North by Northwest (1959),4.616899013519287
81,2,483,Casablanca (1942),4.585790157318115
81,3,114,Wallace & Gromit: The Best of Aardman Animation (1996),4.569120407104492
81,4,127,"Godfather, The (1972)",4.559177398681641
81,5,64,"Shawshank Redemption, The (1994)",4.556950569152832
81,6,1449,Pather Panchali (1955),4.55664587020874
81,7,178,12 Angry Men (1957),4.55195951461792
81,8,408,"Close Shave, A (1995)",4.523313999176025
81,9,657,"Manchurian Candidate, The (1962)",4.520936012268066
81,10,1500,Santa with Muscles (1996),4.51467752456665
260,1,483,Casablanca (1942),4.593686580657959
260,2,174,Raiders of the Lost Ark (1981),4.58036994934082
260,3,1500,Santa with Muscles (1996),4.553900718688965
260,4,187,"Godfather: Part II, The (1974)",4.553877830505371
260,5,114,Wallace & Gromit: The Best of Aardman Animation (1996),4.546333312988281
260,6,357,One Flew Over the Cuckoo's Nest (1975),4.543560981750488
260,7,169,"Wrong Trousers, The (1993)",4.5434064865112305
260,8,64,"Shawshank Redemption, The (1994)",4.538665294647217
260,9,1449,Pather Panchali (1955),4.538577079772949
260,10,50,Star Wars (1977),4.525090217590332
25,1,64,"Shawshank Redemption, The (1994)",4.498453617095947
25,2,318,Schindler's List (1993),4.469249725341797
25,3,12,"Usual Suspects, The (1995)",4.410920143127441
25,4,313,Titanic (1997),4.401230812072754
25,5,223,Sling Blade (1996),4.388277053833008
25,6,178,12 Angry Men (1957),4.348187446594238
25,7,187,"Godfather: Part II, The (1974)",4.344000816345215
25,8,199,"Bridge on the River Kwai, The (1957)",4.335348606109619
25,9,483,Casablanca (1942),4.332101821899414
25,10,1449,Pather Panchali (1955),4.328137397766113
59,1,114,Wallace & Gromit: The Best of Aardman Animation (1996),4.606024742126465
59,2,408,"Close Shave, A (1995)",4.559011459350586
59,3,1500,Santa with Muscles (1996),4.531120777130127
59,4,656,M (1931),4.522472381591797
59,5,302,L.A. Confidential (1997),4.516643524169922
59,6,1449,Pather Panchali (1955),4.507354736328125
59,7,178,12 Angry Men (1957),4.4815874099731445
59,8,1367,Faust (1994),4.458914756774902
59,9,478,"Philadelphia Story, The (1940)",4.442411422729492
59,10,648,"Quiet Man, The (1952)",4.420870780944824
72,1,483,Casablanca (1942),4.488977432250977
72,2,1449,Pather Panchali (1955),4.461915493011475
72,3,408,"Close Shave, A (1995)",4.451345443725586
72,4,114,Wallace & Gromit: The Best of Aardman Animation (1996),4.430273532867432
72,5,1500,Santa with Muscles (1996),4.429469108581543
72,6,478,"Philadelphia Story, The (1940)",4.42270565032959
72,7,313,Titanic (1997),4.420495510101318
72,8,178,12 Angry Men (1957),4.415234565734863
72,9,285,Secrets & Lies (1996),4.411851406097412
72,10,169,"Wrong Trousers, The (1993)",4.39696741104126
87,1,480,North by Northwest (1959),4.584221839904785
87,2,114,Wallace & Gromit: The Best of Aardman Animation (1996),4.537290573120117
87,3,408,"Close Shave, A (1995)",4.505067825317383
87,4,483,Casablanca (1942),4.5021867752075195
87,5,1449,Pather Panchali (1955),4.477790832519531
87,6,1500,Santa with Muscles (1996),4.4702911376953125
87,7,656,M (1931),4.469682693481445
87,8,187,"Godfather: Part II, The (1974)",4.465892791748047
87,9,313,Titanic (1997),4.454520225524902
87,10,191,Amadeus (1984),4.44869327545166
42,1,187,"Godfather: Part II, The (1974)",4.354490280151367
42,2,302,L.A. Confidential (1997),4.335111618041992
42,3,408,"Close Shave, A (1995)",4.33123254776001
42,4,313,Titanic (1997),4.330759525299072
42,5,114,Wallace & Gromit: The Best of Aardman Animation (1996),4.328085899353027
42,6,1449,Pather Panchali (1955),4.32781982421875
42,7,1500,Santa with Muscles (1996),4.315082550048828
42,8,223,Sling Blade (1996),4.308811187744141
42,9,127,"Godfather, The (1972)",4.298908710479736
42,10,169,"Wrong Trousers, The (1993)",4.293575286865234
292,1,114,Wallace & Gromit: The Best of Aardman Animation (1996),4.650238037109375
292,2,318,Schindler's List (1993),4.646683692932129
292,3,480,North by Northwest (1959),4.638801097869873
292,4,178,12 Angry Men (1957),4.637974739074707
292,5,1449,Pather Panchali (1955),4.624810218811035
292,6,1500,Santa with Muscles (1996),4.61759090423584
292,7,1367,Faust (1994),4.571918487548828
292,8,357,One Flew Over the Cuckoo's Nest (1975),4.571649551391602
292,9,134,Citizen Kane (1941),4.561864852905273
292,10,12,"Usual Suspects, The (1995)",4.561732769012451
20,1,64,"Shawshank Redemption, The (1994)",4.007101058959961
20,2,1449,Pather Panchali (1955),3.8962643146514893
20,3,408,"Close Shave, A (1995)",3.852715015411377
20,4,528,"Killing Fields, The (1984)",3.845754384994507
20,5,134,Citizen Kane (1941),3.835319995880127
20,6,483,Casablanca (1942),3.8277297019958496
20,7,187,"Godfather: Part II, The (1974)",3.821734666824341
20,8,657,"Manchurian Candidate, The (1962)",3.818087100982666
20,9,178,12 Angry Men (1957),3.811323881149292
20,10,12,"Usual Suspects, The (1995)",3.8057656288146973
13,1,114,Wallace & Gromit: The Best of Aardman Animation (1996),4.3827009201049805
13,2,1500,Santa with Muscles (1996),4.378602027893066
13,3,1449,Pather Panchali (1955),4.373873233795166
13,4,408,"Close Shave, A (1995)",4.368213653564453
13,5,169,"Wrong Trousers, The (1993)",4.34332275390625
13,6,134,Citizen Kane (1941),4.304438591003418
13,7,1367,Faust (1994),4.2441864013671875
13,8,1554,Safe Passage (1994),4.21712064743042
13,9,496,It's a Wonderful Life (1946),4.206747055053711
13,10,528,"Killing Fields, The (1984)",4.16648006439209
138,1,174,Raiders of the Lost Ark (1981),4.724429130554199
138,2,64,"Shawshank Redemption, The (1994)",4.708831310272217
138,3,480,North by Northwest (1959),4.689024448394775
138,4,1449,Pather Panchali (1955),4.683244705200195
138,5,657,"Manchurian Candidate, The (1962)",4.68088436126709
138,6,50,Star Wars (1977),4.674420356750488
138,7,178,12 Angry Men (1957),4.667550086975098
138,8,408,"Close Shave, A (1995)",4.666401386260986
138,9,1500,Santa with Muscles (1996),4.647840976715088
138,10,127,"Godfather, The (1972)",4.647541522979736
60,1,318,Schindler's List (1993),4.572109222412109
60,2,127,"Godfather, The (1972)",4.567841529846191
60,3,657,"Manchurian Candidate, The (1962)",4.556488990783691
60,4,114,Wallace & Gromit: The Best of Aardman Animation (1996),4.549854278564453
60,5,408,"Close Shave, A (1995)",4.532276630401611
60,6,187,"Godfather: Part II, The (1974)",4.522466659545898
60,7,1449,Pather Panchali (1955),4.518896102905273
60,8,302,L.A. Confidential (1997),4.512265205383301
60,9,1500,Santa with Muscles (1996),4.511191368103027
60,10,285,Secrets & Lies (1996),4.489758491516113
57,1,483,Casablanca (1942),4.63217306137085
57,2,174,Raiders of the Lost Ark (1981),4.493840217590332
57,3,187,"Godfather: Part II, The (1974)",4.479462623596191
57,4,114,Wallace & Gromit: The Best of Aardman Animation (1996),4.469344139099121
57,5,1449,Pather Panchali (1955),4.469189167022705
57,6,480,North by Northwest (1959),4.468319892883301
57,7,178,12 Angry Men (1957),4.446788787841797
57,8,1500,Santa with Muscles (1996),4.435676574707031
57,9,98,"Silence of the Lambs, The (1991)",4.431227684020996
57,10,316,As Good As It Gets (1997),4.419339179992676
223,1,483,Casablanca (1942),4.456268310546875
223,2,427,To Kill a Mockingbird (1962),4.344322681427002
223,3,1449,Pather Panchali (1955),4.343074798583984
223,4,50,Star Wars (1977),4.342529773712158
223,5,64,"Shawshank Redemption, The (1994)",4.279969215393066
223,6,12,"Usual Suspects, The (1995)",4.274683952331543
223,7,480,North by Northwest (1959),4.269641876220703
223,8,178,12 Angry Men (1957),4.248967170715332
223,9,174,Raiders of the Lost Ark (1981),4.247113227844238
223,10,187,"Godfather: Part II, The (1974)",4.2380876541137695
189,1,64,"Shawshank Redemption, The (1994)",4.584493637084961
189,2,114,Wallace & Gromit: The Best of Aardman Animation (1996),4.541172981262207
189,3,1449,Pather Panchali (1955),4.532927513122559
189,4,12,"Usual Suspects, The (1995)",4.518172264099121
189,5,408,"Close Shave, A (1995)",4.517362117767334
189,6,1500,Santa with Muscles (1996),4.514415740966797
189,7,427,To Kill a Mockingbird (1962),4.474538803100586
189,8,1367,Faust (1994),4.4644012451171875
189,9,169,"Wrong Trousers, The (1993)",4.464236259460449
189,10,515,"Boot, Das (1981)",4.463401794433594
243,1,64,"Shawshank Redemption, The (1994)",4.414146423339844
243,2,1449,Pather Panchali (1955),4.33610725402832
243,3,427,To Kill a Mockingbird (1962),4.323408126831055
243,4,114,Wallace & Gromit: The Best of Aardman Animation (1996),4.3233642578125
243,5,98,"Silence of the Lambs, The (1991)",4.302200794219971
243,6,169,"Wrong Trousers, The (1993)",4.297916412353516
243,7,178,12 Angry Men (1957),4.291067600250244
243,8,483,Casablanca (1942),4.28372859954834
243,9,1500,Santa with Muscles (1996),4.283293724060059
243,10,12,"Usual Suspects, The (1995)",4.278162956237793
92,1,127,"Godfather, The (1972)",4.480923175811768
92,2,1449,Pather Panchali (1955),4.477171897888184
92,3,483,Casablanca (1942),4.47034215927124
92,4,1500,Santa with Muscles (1996),4.469887733459473
92,5,114,Wallace & Gromit: The Best of Aardman Animation (1996),4.446974754333496
92,6,187,"Godfather: Part II, The (1974)",4.435688018798828
92,7,480,North by Northwest (1959),4.4329729080200195
92,8,603,Rear Window (1954),4.420366287231445
92,9,427,To Kill a Mockingbird (1962),4.4057159423828125
92,10,178,12 Angry Men (1957),4.3998918533325195
241,1,1449,Pather Panchali (1955),4.290940761566162
241,2,483,Casablanca (1942),4.274083137512207
241,3,178,12 Angry Men (1957),4.25681209564209
241,4,64,"Shawshank Redemption, The (1994)",4.232748508453369
241,5,169,"Wrong Trousers, The (1993)",4.228410720825195
241,6,50,Star Wars (1977),4.2214531898498535
241,7,114,Wallace & Gromit: The Best of Aardman Animation (1996),4.219326972961426
241,8,357,One Flew Over the Cuckoo's Nest (1975),4.2085981369018555
241,9,1500,Santa with Muscles (1996),4.201641082763672
241,10,98,"Silence of the Lambs, The (1991)",4.199400424957275
254,1,483,Casablanca (1942),4.366256237030029
254,2,1449,Pather Panchali (1955),4.2904253005981445
254,3,408,"Close Shave, A (1995)",4.271144866943359
254,4,127,"Godfather, The (1972)",4.263855457305908
254,5,480,North by Northwest (1959),4.2577314376831055
254,6,114,Wallace & Gromit: The Best of Aardman Animation (1996),4.251504898071289
254,7,1500,Santa with Muscles (1996),4.225518226623535
254,8,134,Citizen Kane (1941),4.2156147956848145
254,9,12,"Usual Suspects, The (1995)",4.205026149749756
254,10,656,M (1931),4.2039875984191895
293,1,1449,Pather Panchali (1955),4.524729251861572
293,2,1500,Santa with Muscles (1996),4.49691104888916
293,3,114,Wallace & Gromit: The Best of Aardman Animation (1996),4.494584083557129
293,4,178,12 Angry Men (1957),4.484352111816406
293,5,169,"Wrong Trousers, The (1993)",4.483317852020264
293,6,408,"Close Shave, A (1995)",4.4727582931518555
293,7,318,Schindler's List (1993),4.4519500732421875
293,8,1367,Faust (1994),4.4117889404296875
293,9,661,High Noon (1952),4.404223442077637
293,10,515,"Boot, Das (1981)",4.355191230773926
127,1,483,Casablanca (1942),4.611229419708252
127,2,114,Wallace & Gromit: The Best of Aardman Animation (1996),4.593898773193359
127,3,127,"Godfather, The (1972)",4.588713645935059
127,4,1449,Pather Panchali (1955),4.576786994934082
127,5,480,North by Northwest (1959),4.575400352478027
127,6,64,"Shawshank Redemption, The (1994)",4.574468612670898
127,7,178,12 Angry Men (1957),4.568263053894043
127,8,1500,Santa with Muscles (1996),4.552913665771484
127,9,318,Schindler's List (1993),4.54047966003418
127,10,174,Raiders of the Lost Ark (1981),4.538264274597168
222,1,483,Casablanca (1942),4.498161315917969
222,2,1500,Santa with Muscles (1996),4.397796630859375
222,3,114,Wallace & Gromit: The Best of Aardman Animation (1996),4.391836166381836
222,4,1449,Pather Panchali (1955),4.374819278717041
222,5,408,"Close Shave, A (1995)",4.351554870605469
222,6,479,Vertigo (1958),4.344264984130859
222,7,178,12 Angry Men (1957),4.320432662963867
222,8,134,Citizen Kane (1941),4.319741249084473
222,9,603,Rear Window (1954),4.319462776184082
222,10,427,To Kill a Mockingbird (1962),4.316584587097168
267,1,1449,Pather Panchali (1955),4.690229415893555
267,2,318,Schindler's List (1993),4.6810197830200195
267,3,178,12 Angry Men (1957),4.664858818054199
267,4,313,Titanic (1997),4.657637119293213
267,5,1500,Santa with Muscles (1996),4.657470703125
267,6,134,Citizen Kane (1941),4.649579048156738
267,7,272,Good Will Hunting (1997),4.643090724945068
267,8,316,As Good As It Gets (1997),4.641916275024414
267,9,478,"Philadelphia Story, The (1940)",4.638063430786133
267,10,656,M (1931),4.629570484161377
11,1,64,"Shawshank Redemption, The (1994)",4.394796371459961
11,2,408,"Close Shave, A (1995)",4.289361000061035
11,3,114,Wallace & Gromit: The Best of Aardman Animation (1996),4.287080764770508
11,4,480,North by Northwest (1959),4.263495922088623
11,5,656,M (1931),4.236876010894775
11,6,657,"Manchurian Candidate, The (1962)",4.214445114135742
11,7,513,"Third Man, The (1949)",4.2083282470703125
11,8,483,Casablanca (1942),4.208141326904297
11,9,302,L.A. Confidential (1997),4.195291996002197
11,10,285,Secrets & Lies (1996),4.1549787521362305
8,1,318,Schindler's List (1993),4.6498517990112305
8,2,1449,Pather Panchali (1955),4.615115165710449
8,3,114,Wallace & Gromit: The Best of Aardman Animation (1996),4.592634201049805
8,4,64,"Shawshank Redemption, The (1994)",4.586715221405029
8,5,408,"Close Shave, A (1995)",4.576679229736328
8,6,178,12 Angry Men (1957),4.573619842529297
8,7,483,Casablanca (1942),4.562662124633789
8,8,12,"Usual Suspects, The (1995)",4.5541605949401855
8,9,1500,Santa with Muscles (1996),4.541333198547363
8,10,603,Rear Window (1954),4.539063453674316
162,1,64,"Shawshank Redemption, The (1994)",4.434812068939209
162,2,114,Wallace & Gromit: The Best of Aardman Animation (1996),4.393962860107422
162,3,483,Casablanca (1942),4.385486602783203
162,4,480,North by Northwest (1959),4.381883144378662
162,5,302,L.A. Confidential (1997),4.323568820953369
162,6,187,"Godfather: Part II, The (1974)",4.315088272094727
162,7,656,M (1931),4.310235023498535
162,8,313,Titanic (1997),4.304503440856934
162,9,513,"Third Man, The (1949)",4.3031721115112305
162,10,408,"Close Shave, A (1995)",4.300565242767334
279,1,483,Casablanca (1942),3.9559438228607178
279,2,479,Vertigo (1958),3.9362707138061523
279,3,427,To Kill a Mockingbird (1962),3.901315450668335
279,4,357,One Flew Over the Cuckoo's Nest (1975),3.8862104415893555
279,5,313,Titanic (1997),3.8836519718170166
279,6,1449,Pather Panchali (1955),3.8597447872161865
279,7,484,"Maltese Falcon, The (1941)",3.854844570159912
279,8,496,It's a Wonderful Life (1946),3.852978229522705
279,9,127,"Godfather, The (1972)",3.8504011631011963
279,10,498,"African Queen, The (1951)",3.8492825031280518
145,1,318,Schindler's List (1993),4.540258407592773
145,2,187,"Godfather: Part II, The (1974)",4.484633445739746
145,3,1449,Pather Panchali (1955),4.437766075134277
145,4,427,To Kill a Mockingbird (1962),4.430323600769043
145,5,178,12 Angry Men (1957),4.420498847961426
145,6,127,"Godfather, The (1972)",4.4163408279418945
145,7,223,Sling Blade (1996),4.406077861785889
145,8,408,"Close Shave, A (1995)",4.40192985534668
145,9,657,"Manchurian Candidate, The (1962)",4.393276214599609
145,10,114,Wallace & Gromit: The Best of Aardman Animation (1996),4.391658306121826
28,1,483,Casablanca (1942),4.672493934631348
28,2,178,12 Angry Men (1957),4.624405860900879
28,3,127,"Godfather, The (1972)",4.589813232421875
28,4,408,"Close Shave, A (1995)",4.5778350830078125
28,5,1500,Santa with Muscles (1996),4.5708489418029785
28,6,513,"Third Man, The (1949)",4.567084312438965
28,7,1449,Pather Panchali (1955),4.563607215881348
28,8,656,M (1931),4.562993049621582
28,9,187,"Godfather: Part II, The (1974)",4.562457084655762
28,10,114,Wallace & Gromit: The Best of Aardman Animation (1996),4.5543532371521
135,1,50,Star Wars (1977),4.408205986022949
135,2,318,Schindler's List (1993),4.383977890014648
135,3,1449,Pather Panchali (1955),4.380123615264893
135,4,174,Raiders of the Lost Ark (1981),4.368402004241943
135,5,114,Wallace & Gromit: The Best of Aardman Animation (1996),4.335145473480225
135,6,427,To Kill a Mockingbird (1962),4.332570552825928
135,7,483,Casablanca (1942),4.325010776519775
135,8,313,Titanic (1997),4.309638023376465
135,9,1500,Santa with Muscles (1996),4.309566497802734
135,10,178,12 Angry Men (1957),4.303728103637695
32,1,318,Schindler's List (1993),4.410834789276123
32,2,64,"Shawshank Redemption, The (1994)",4.408874988555908
32,3,114,Wallace & Gromit: The Best of Aardman Animation (1996),4.394163131713867
32,4,483,Casablanca (1942),4.387413024902344
32,5,1449,Pather Panchali (1955),4.3835062980651855
32,6,480,North by Northwest (1959),4.37203311920166
32,7,1500,Santa with Muscles (1996),4.363945960998535
32,8,174,Raiders of the Lost Ark (1981),4.359657287597656
32,9,127,"Godfather, The (1972)",4.331780910491943
32,10,134,Citizen Kane (1941),4.322193622589111
90,1,1449,Pather Panchali (1955),4.6727705001831055
90,2,1500,Santa with Muscles (1996),4.671103477478027
90,3,114,Wallace & Gromit: The Best of Aardman Animation (1996),4.657988548278809
90,4,408,"Close Shave, A (1995)",4.6573920249938965
90,5,169,"Wrong Trousers, The (1993)",4.634279727935791
90,6,172,"Empire Strikes Back, The (1980)",4.6120686531066895
90,7,1367,Faust (1994),4.610874652862549
90,8,173,"Princess Bride, The (1987)",4.601807594299316
90,9,1529,Underground (1995),4.591266632080078
90,10,1642,Some Mother's Son (1996),4.590884208679199
216,1,1449,Pather Panchali (1955),4.537006378173828
216,2,483,Casablanca (1942),4.518616199493408
216,3,114,Wallace & Gromit: The Best of Aardman Animation (1996),4.518083095550537
216,4,1500,Santa with Muscles (1996),4.475380897521973
216,5,285,Secrets & Lies (1996),4.4543962478637695
216,6,515,"Boot, Das (1981)",4.453786849975586
216,7,603,Rear Window (1954),4.4533891677856445
216,8,427,To Kill a Mockingbird (1962),4.450719356536865
216,9,480,North by Northwest (1959),4.44146728515625
216,10,1367,Faust (1994),4.439233779907227
250,1,483,Casablanca (1942),4.548114776611328
250,2,114,Wallace & Gromit: The Best of Aardman Animation (1996),4.519854545593262
250,3,1449,Pather Panchali (1955),4.49702262878418
250,4,178,12 Angry Men (1957),4.479508399963379
250,5,1500,Santa with Muscles (1996),4.473564624786377
250,6,408,"Close Shave, A (1995)",4.46068000793457
250,7,134,Citizen Kane (1941),4.451462745666504
250,8,427,To Kill a Mockingbird (1962),4.450672149658203
250,9,169,"Wrong Trousers, The (1993)",4.450255393981934
250,10,603,Rear Window (1954),4.43796443939209
271,1,483,Casablanca (1942),4.324669361114502
271,2,1449,Pather Panchali (1955),4.318986892700195
271,3,408,"Close Shave, A (1995)",4.308618545532227
271,4,1500,Santa with Muscles (1996),4.296356201171875
271,5,114,Wallace & Gromit: The Best of Aardman Animation (1996),4.291865348815918
271,6,223,Sling Blade (1996),4.233423233032227
271,7,1367,Faust (1994),4.224231719970703
271,8,478,"Philadelphia Story, The (1940)",4.207525253295898
271,9,484,"Maltese Falcon, The (1941)",4.203328609466553
271,10,1642,Some Mother's Son (1996),4.179965496063232
265,1,483,Casablanca (1942),4.411722183227539
265,2,479,Vertigo (1958),4.375938415527344
265,3,114,Wallace & Gromit: The Best of Aardman Animation (1996),4.346353530883789
265,4,64,"Shawshank Redemption, The (1994)",4.321745872497559
265,5,1500,Santa with Muscles (1996),4.312849521636963
265,6,1449,Pather Panchali (1955),4.298214912414551
265,7,357,One Flew Over the Cuckoo's Nest (1975),4.2915239334106445
265,8,427,To Kill a Mockingbird (1962),4.28704833984375
265,9,12,"Usual Suspects, The (1995)",4.273436546325684
265,10,178,12 Angry Men (1957),4.272439479827881
198,1,1449,Pather Panchali (1955),4.201294898986816
198,2,1500,Santa with Muscles (1996),4.162115097045898
198,3,169,"Wrong Trousers, The (1993)",4.155331611633301
198,4,483,Casablanca (1942),4.149211406707764
198,5,114,Wallace & Gromit: The Best of Aardman Animation (1996),4.1274309158325195
198,6,313,Titanic (1997),4.1267852783203125
198,7,223,Sling Blade (1996),4.122039794921875
198,8,1367,Faust (1994),4.10421085357666
198,9,12,"Usual Suspects, The (1995)",4.10258150100708
198,10,178,12 Angry Men (1957),4.098440170288086
168,1,114,Wallace & Gromit: The Best of Aardman Animation (1996),4.562716007232666
168,2,1449,Pather Panchali (1955),4.553454875946045
168,3,50,Star Wars (1977),4.5484724044799805
168,4,174,Raiders of the Lost Ark (1981),4.546643257141113
168,5,318,Schindler's List (1993),4.542207717895508
168,6,483,Casablanca (1942),4.534639835357666
168,7,64,"Shawshank Redemption, The (1994)",4.496707916259766
168,8,480,North by Northwest (1959),4.495606422424316
168,9,178,12 Angry Men (1957),4.489938735961914
168,10,1500,Santa with Muscles (1996),4.488134384155273
110,1,408,"Close Shave, A (1995)",4.202609062194824
110,2,114,Wallace & Gromit: The Best of Aardman Animation (1996),4.194746017456055
110,3,483,Casablanca (1942),4.186982154846191
110,4,50,Star Wars (1977),4.183472156524658
110,5,657,"Manchurian Candidate, The (1962)",4.167829513549805
110,6,479,Vertigo (1958),4.15706729888916
110,7,187,"Godfather: Part II, The (1974)",4.156292915344238
110,8,480,North by Northwest (1959),4.152624130249023
110,9,174,Raiders of the Lost Ark (1981),4.1466779708862305
110,10,427,To Kill a Mockingbird (1962),4.138981819152832
58,1,114,Wallace & Gromit: The Best of Aardman Animation (1996),4.391761779785156
58,2,479,Vertigo (1958),4.378917694091797
58,3,1449,Pather Panchali (1955),4.359880447387695
58,4,1500,Santa with Muscles (1996),4.352513313293457
58,5,178,12 Angry Men (1957),4.3444414138793945
58,6,478,"Philadelphia Story, The (1940)",4.339958190917969
58,7,427,To Kill a Mockingbird (1962),4.337224960327148
58,8,302,L.A. Confidential (1997),4.33493709564209
58,9,520,"Great Escape, The (1963)",4.326957702636719
58,10,357,One Flew Over the Cuckoo's Nest (1975),4.306403160095215
237,1,12,"Usual Suspects, The (1995)",4.47181510925293
237,2,427,To Kill a Mockingbird (1962),4.464310646057129
237,3,114,Wallace & Gromit: The Best of Aardman Animation (1996),4.463974952697754
237,4,318,Schindler's List (1993),4.4556565284729
237,5,1500,Santa with Muscles (1996),4.451263427734375
237,6,1449,Pather Panchali (1955),4.447195053100586
237,7,480,North by Northwest (1959),4.433967590332031
237,8,657,"Manchurian Candidate, The (1962)",4.425044536590576
237,9,50,Star Wars (1977),4.408601760864258
237,10,1367,Faust (1994),4.406618118286133
94,1,114,Wallace & Gromit: The Best of Aardman Animation (1996),4.6055450439453125
94,2,1449,Pather Panchali (1955),4.587972640991211
94,3,1500,Santa with Muscles (1996),4.5811920166015625
94,4,178,12 Angry Men (1957),4.5725884437561035
94,5,480,North by Northwest (1959),4.562137603759766
94,6,408,"Close Shave, A (1995)",4.5562028884887695
94,7,169,"Wrong Trousers, The (1993)",4.535497665405273
94,8,1367,Faust (1994),4.523936748504639
94,9,427,To Kill a Mockingbird (1962),4.518133640289307
94,10,478,"Philadelphia Story, The (1940)",4.517867088317871
128,1,114,Wallace & Gromit: The Best of Aardman Animation (1996),4.436176300048828
128,2,318,Schindler's List (1993),4.434834957122803
128,3,480,North by Northwest (1959),4.433835029602051
128,4,1449,Pather Panchali (1955),4.397636413574219
128,5,127,"Godfather, The (1972)",4.397138595581055
128,6,187,"Godfather: Part II, The (1974)",4.38795280456543
128,7,1500,Santa with Muscles (1996),4.375698089599609
128,8,513,"Third Man, The (1949)",4.35576868057251
128,9,12,"Usual Suspects, The (1995)",4.353518486022949
128,10,313,Titanic (1997),4.349664688110352
44,1,114,Wallace & Gromit: The Best of Aardman Animation (1996),4.351306438446045
44,2,483,Casablanca (1942),4.328707695007324
44,3,408,"Close Shave, A (1995)",4.3243255615234375
44,4,1500,Santa with Muscles (1996),4.309121131896973
44,5,1449,Pather Panchali (1955),4.302003860473633
44,6,12,"Usual Suspects, The (1995)",4.297064781188965
44,7,478,"Philadelphia Story, The (1940)",4.285996437072754
44,8,302,L.A. Confidential (1997),4.281949043273926
44,9,178,12 Angry Men (1957),4.28085994720459
44,10,134,Citizen Kane (1941),4.278500556945801
264,1,483,Casablanca (1942),4.709251403808594
264,2,174,Raiders of the Lost Ark (1981),4.707396507263184
264,3,318,Schindler's List (1993),4.703444480895996
264,4,114,Wallace & Gromit: The Best of Aardman Animation (1996),4.693950176239014
264,5,1449,Pather Panchali (1955),4.681790351867676
264,6,50,Star Wars (1977),4.674588203430176
264,7,127,"Godfather, The (1972)",4.672985553741455
264,8,64,"Shawshank Redemption, The (1994)",4.66976261138916
264,9,178,12 Angry Men (1957),4.665182590484619
264,10,187,"Godfather: Part II, The (1974)",4.661826133728027
41,1,64,"Shawshank Redemption, The (1994)",4.177700996398926
41,2,1449,Pather Panchali (1955),4.084047317504883
41,3,483,Casablanca (1942),4.0422492027282715
41,4,12,"Usual Suspects, The (1995)",4.036381244659424
41,5,169,"Wrong Trousers, The (1993)",4.025437355041504
41,6,408,"Close Shave, A (1995)",4.011303901672363
41,7,484,"Maltese Falcon, The (1941)",4.002857208251953
41,8,114,Wallace & Gromit: The Best of Aardman Animation (1996),3.9941325187683105
41,9,1500,Santa with Muscles (1996),3.986192226409912
41,10,1367,Faust (1994),3.9818480014801025
82,1,408,"Close Shave, A (1995)",4.3224897384643555
82,2,1449,Pather Panchali (1955),4.3184733390808105
82,3,1500,Santa with Muscles (1996),4.308704376220703
82,4,114,Wallace & Gromit: The Best of Aardman Animation (1996),4.307308673858643
82,5,12,"Usual Suspects, The (1995)",4.287868022918701
82,6,98,"Silence of the Lambs, The (1991)",4.244314193725586
82,7,427,To Kill a Mockingbird (1962),4.228155136108398
82,8,313,Titanic (1997),4.220582008361816
82,9,223,Sling Blade (1996),4.208911895751953
82,10,302,L.A. Confidential (1997),4.206208229064941
262,1,114,Wallace & Gromit: The Best of Aardman Animation (1996),4.248767852783203
262,2,483,Casablanca (1942),4.24339485168457
262,3,1449,Pather Panchali (1955),4.221273422241211
262,4,313,Titanic (1997),4.185241222381592
262,5,178,12 Angry Men (1957),4.172942638397217
262,6,12,"Usual Suspects, The (1995)",4.171064853668213
262,7,1500,Santa with Muscles (1996),4.169353485107422
262,8,408,"Close Shave, A (1995)",4.151236057281494
262,9,127,"Godfather, The (1972)",4.134105205535889
262,10,657,"Manchurian Candidate, The (1962)",4.122169494628906
174,1,480,North by Northwest (1959),4.812600612640381
174,2,408,"Close Shave, A (1995)",4.811031341552734
174,3,174,Raiders of the Lost Ark (1981),4.806859493255615
174,4,114,Wallace & Gromit: The Best of Aardman Animation (1996),4.804078102111816
174,5,318,Schindler's List (1993),4.802515029907227
174,6,656,M (1931),4.800112724304199
174,7,187,"Godfather: Part II, The (1974)",4.798674583435059
174,8,1449,Pather Panchali (1955),4.7947564125061035
174,9,313,Titanic (1997),4.7944793701171875
174,10,127,"Godfather, The (1972)",4.793219089508057
43,1,1449,Pather Panchali (1955),4.501040458679199
43,2,1500,Santa with Muscles (1996),4.4974212646484375
43,3,178,12 Angry Men (1957),4.476759433746338
43,4,480,North by Northwest (1959),4.454217910766602
43,5,483,Casablanca (1942),4.449321746826172
43,6,357,One Flew Over the Cuckoo's Nest (1975),4.423865795135498
43,7,1367,Faust (1994),4.42045259475708
43,8,603,Rear Window (1954),4.41001033782959
43,9,427,To Kill a Mockingbird (1962),4.40181827545166
43,10,656,M (1931),4.401061058044434
84,1,483,Casablanca (1942),4.57322883605957
84,2,114,Wallace & Gromit: The Best of Aardman Animation (1996),4.540244102478027
84,3,127,"Godfather, The (1972)",4.534537315368652
84,4,178,12 Angry Men (1957),4.520456314086914
84,5,657,"Manchurian Candidate, The (1962)",4.520305633544922
84,6,480,North by Northwest (1959),4.519510269165039
84,7,656,M (1931),4.512115955352783
84,8,1500,Santa with Muscles (1996),4.508215427398682
84,9,513,"Third Man, The (1949)",4.506709575653076
84,10,515,"Boot, Das (1981)",4.50167179107666
269,1,408,"Close Shave, A (1995)",4.311071872711182
269,2,178,12 Angry Men (1957),4.286071300506592
269,3,1500,Santa with Muscles (1996),4.276351451873779
269,4,1449,Pather Panchali (1955),4.2686262130737305
269,5,480,North by Northwest (1959),4.266874313354492
269,6,12,"Usual Suspects, The (1995)",4.25931978225708
269,7,114,Wallace & Gromit: The Best of Aardman Animation (1996),4.2154412269592285
269,8,313,Titanic (1997),4.211605072021484
269,9,169,"Wrong Trousers, The (1993)",4.201857089996338
269,10,513,"Third Man, The (1949)",4.173758506774902
259,1,64,"Shawshank Redemption, The (1994)",4.5915422439575195
259,2,174,Raiders of the Lost Ark (1981),4.563344478607178
259,3,114,Wallace & Gromit: The Best of Aardman Animation (1996),4.55777645111084
259,4,480,North by Northwest (1959),4.544971942901611
259,5,1449,Pather Panchali (1955),4.531729698181152
259,6,1500,Santa with Muscles (1996),4.5193705558776855
259,7,483,Casablanca (1942),4.513327121734619
259,8,408,"Close Shave, A (1995)",4.508364677429199
259,9,187,"Godfather: Part II, The (1974)",4.505032539367676
259,10,478,"Philadelphia Story, The (1940)",4.501380443572998
85,1,178,12 Angry Men (1957),4.422110080718994
85,2,408,"Close Shave, A (1995)",4.403979778289795
85,3,114,Wallace & Gromit: The Best of Aardman Animation (1996),4.385551452636719
85,4,1449,Pather Panchali (1955),4.3774590492248535
85,5,1500,Santa with Muscles (1996),4.347471237182617
85,6,603,Rear Window (1954),4.332286357879639
85,7,1367,Faust (1994),4.307412147521973
85,8,12,"Usual Suspects, The (1995)",4.295222759246826
85,9,656,M (1931),4.284154415130615
85,10,648,"Quiet Man, The (1952)",4.272615909576416
213,1,114,Wallace & Gromit: The Best of Aardman Animation (1996),4.718321800231934
213,2,1449,Pather Panchali (1955),4.707358360290527
213,3,1500,Santa with Muscles (1996),4.692547798156738
213,4,480,North by Northwest (1959),4.689606666564941
213,5,408,"Close Shave, A (1995)",4.6850175857543945
213,6,178,12 Angry Men (1957),4.676496982574463
213,7,654,Chinatown (1974),4.671204090118408
213,8,313,Titanic (1997),4.668129920959473
213,9,285,Secrets & Lies (1996),4.664506912231445
213,10,302,L.A. Confidential (1997),4.664114475250244
121,1,483,Casablanca (1942),4.621303558349609
121,2,114,Wallace & Gromit: The Best of Aardman Animation (1996),4.603295803070068
121,3,1449,Pather Panchali (1955),4.599417686462402
121,4,1500,Santa with Muscles (1996),4.599206924438477
121,5,178,12 Angry Men (1957),4.5945820808410645
121,6,408,"Close Shave, A (1995)",4.590873718261719
121,7,169,"Wrong Trousers, The (1993)",4.544813632965088
121,8,480,North by Northwest (1959),4.543048858642578
121,9,134,Citizen Kane (1941),4.524164199829102
121,10,603,Rear Window (1954),4.5239973068237305
49,1,1449,Pather Panchali (1955),4.314826011657715
49,2,169,"Wrong Trousers, The (1993)",4.245613098144531
49,3,1500,Santa with Muscles (1996),4.243658065795898
49,4,408,"Close Shave, A (1995)",4.206423759460449
49,5,483,Casablanca (1942),4.205105781555176
49,6,64,"Shawshank Redemption, The (1994)",4.202786445617676
49,7,318,Schindler's List (1993),4.190223693847656
49,8,427,To Kill a Mockingbird (1962),4.188414096832275
49,9,603,Rear Window (1954),4.170875549316406
49,10,1367,Faust (1994),4.168066024780273
155,1,114,Wallace & Gromit: The Best of Aardman Animation (1996),4.202303886413574
155,2,1500,Santa with Muscles (1996),4.188633918762207
155,3,1449,Pather Panchali (1955),4.186895370483398
155,4,483,Casablanca (1942),4.170929908752441
155,5,178,12 Angry Men (1957),4.1564130783081055
155,6,427,To Kill a Mockingbird (1962),4.141449928283691
155,7,169,"Wrong Trousers, The (1993)",4.138976097106934
155,8,408,"Close Shave, A (1995)",4.138382911682129
155,9,64,"Shawshank Redemption, The (1994)",4.136185646057129
155,10,318,Schindler's List (1993),4.131119728088379
68,1,483,Casablanca (1942),4.394748687744141
68,2,114,Wallace & Gromit: The Best of Aardman Animation (1996),4.379221439361572
68,3,64,"Shawshank Redemption, The (1994)",4.376772880554199
68,4,1500,Santa with Muscles (1996),4.372581481933594
68,5,318,Schindler's List (1993),4.366185188293457
68,6,1449,Pather Panchali (1955),4.363338947296143
68,7,408,"Close Shave, A (1995)",4.339681625366211
68,8,12,"Usual Suspects, The (1995)",4.32442569732666
68,9,427,To Kill a Mockingbird (1962),4.309087753295898
68,10,480,North by Northwest (1959),4.304632186889648
172,1,474,Dr. Strangelove or: How I Learned to Stop Worrying and Love the Bomb (1963),3.6225638389587402
172,2,313,Titanic (1997),3.605215311050415
172,3,1449,Pather Panchali (1955),3.603612184524536
172,4,64,"Shawshank Redemption, The (1994)",3.5737252235412598
172,5,169,"Wrong Trousers, The (1993)",3.5647292137145996
172,6,12,"Usual Suspects, The (1995)",3.5430960655212402
172,7,320,Paradise Lost: The Child Murders at Robin Hood Hills (1996),3.537400960922241
172,8,89,Blade Runner (1982),3.5370607376098633
172,9,302,L.A. Confidential (1997),3.5309200286865234
172,10,1500,Santa with Muscles (1996),3.5238404273986816
19,1,64,"Shawshank Redemption, The (1994)",4.292839050292969
19,2,483,Casablanca (1942),4.167415618896484
19,3,12,"Usual Suspects, The (1995)",4.15168571472168
19,4,427,To Kill a Mockingbird (1962),4.140792369842529
19,5,50,Star Wars (1977),4.137301921844482
19,6,127,"Godfather, The (1972)",4.137068748474121
19,7,1449,Pather Panchali (1955),4.1254658699035645
19,8,223,Sling Blade (1996),4.1247382164001465
19,9,479,Vertigo (1958),4.119528770446777
19,10,408,"Close Shave, A (1995)",4.119339942932129
268,1,1449,Pather Panchali (1955),4.454801559448242
268,2,1500,Santa with Muscles (1996),4.383520126342773
268,3,603,Rear Window (1954),4.380571365356445
268,4,318,Schindler's List (1993),4.360648155212402
268,5,1367,Faust (1994),4.327868461608887
268,6,427,To Kill a Mockingbird (1962),4.297371864318848
268,7,313,Titanic (1997),4.29094123840332
268,8,64,"Shawshank Redemption, The (1994)",4.285947799682617
268,9,657,"Manchurian Candidate, The (1962)",4.284743309020996
268,10,513,"Third Man, The (1949)",4.2429609298706055
5,1,483,Casablanca (1942),4.499149799346924
5,2,480,North by Northwest (1959),4.425417900085449
5,3,114,Wallace & Gromit: The Best of Aardman Animation (1996),4.417072772979736
5,4,1449,Pather Panchali (1955),4.415868759155273
5,5,12,"Usual Suspects, The (1995)",4.404332160949707
5,6,1500,Santa with Muscles (1996),4.403942584991455
5,7,178,12 Angry Men (1957),4.392174243927002
5,8,657,"Manchurian Candidate, The (1962)",4.384430408477783
5,9,313,Titanic (1997),4.377503395080566
5,10,64,"Shawshank Redemption, The (1994)",4.361586570739746
80,1,318,Schindler's List (1993),4.283757209777832
80,2,12,"Usual Suspects, The (1995)",4.262951374053955
80,3,479,Vertigo (1958),4.261410713195801
80,4,174,Raiders of the Lost Ark (1981),4.256403923034668
80,5,178,12 Angry Men (1957),4.245887756347656
80,6,313,Titanic (1997),4.238704204559326
80,7,114,Wallace & Gromit: The Best of Aardman Animation (1996),4.231447696685791
80,8,408,"Close Shave, A (1995)",4.229588508605957
80,9,1449,Pather Panchali (1955),4.226822853088379
80,10,187,"Godfather: Part II, The (1974)",4.218225479125977
66,1,64,"Shawshank Redemption, The (1994)",4.441716194152832
66,2,114,Wallace & Gromit: The Best of Aardman Animation (1996),4.434765338897705
66,3,1449,Pather Panchali (1955),4.388531684875488
66,4,1500,Santa with Muscles (1996),4.375932693481445
66,5,480,North by Northwest (1959),4.37143087387085
66,6,483,Casablanca (1942),4.371059417724609
66,7,479,Vertigo (1958),4.370436191558838
66,8,357,One Flew Over the Cuckoo's Nest (1975),4.3642072677612305
66,9,178,12 Angry Men (1957),4.363325119018555
66,10,318,Schindler's List (1993),4.361277103424072
18,1,114,Wallace & Gromit: The Best of Aardman Animation (1996),4.472114562988281
18,2,313,Titanic (1997),4.453946590423584
18,3,1449,Pather Panchali (1955),4.451576232910156
18,4,1500,Santa with Muscles (1996),4.4513630867004395
18,5,656,M (1931),4.372501373291016
18,6,1367,Faust (1994),4.3702192306518555
18,7,302,L.A. Confidential (1997),4.365790367126465
18,8,657,"Manchurian Candidate, The (1962)",4.3610453605651855
18,9,316,As Good As It Gets (1997),4.323202133178711
18,10,173,"Princess Bride, The (1987)",4.318290710449219
26,1,483,Casablanca (1942),4.396998405456543
26,2,1449,Pather Panchali (1955),4.218544960021973
26,3,64,"Shawshank Redemption, The (1994)",4.210831165313721
26,4,178,12 Angry Men (1957),4.204592704772949
26,5,1500,Santa with Muscles (1996),4.192996978759766
26,6,318,Schindler's List (1993),4.177783012390137
26,7,408,"Close Shave, A (1995)",4.170208930969238
26,8,480,North by Northwest (1959),4.166169166564941
26,9,427,To Kill a Mockingbird (1962),4.165350914001465
26,10,134,Citizen Kane (1941),4.1629438400268555
130,1,187,"Godfather: Part II, The (1974)",4.747165203094482
130,2,483,Casablanca (1942),4.726980209350586
130,3,114,Wallace & Gromit: The Best of Aardman Animation (1996),4.6872406005859375
130,4,318,Schindler's List (1993),4.686029434204102
130,5,478,"Philadelphia Story, The (1940)",4.681525230407715
130,6,480,North by Northwest (1959),4.677180767059326
130,7,1449,Pather Panchali (1955),4.671099662780762
130,8,408,"Close Shave, A (1995)",4.660735130310059
130,9,302,L.A. Confidential (1997),4.65648078918457
130,10,1500,Santa with Muscles (1996),4.652178764343262
256,1,483,Casablanca (1942),4.726511001586914
256,2,408,"Close Shave, A (1995)",4.6747894287109375
256,3,302,L.A. Confidential (1997),4.667599678039551
256,4,656,M (1931),4.658909797668457
256,5,480,North by Northwest (1959),4.656926155090332
256,6,114,Wallace & Gromit: The Best of Aardman Animation (1996),4.655732154846191
256,7,313,Titanic (1997),4.649472236633301
256,8,191,Amadeus (1984),4.646662712097168
256,9,178,12 Angry Men (1957),4.644751071929932
256,10,654,Chinatown (1974),4.644506931304932
1,1,483,Casablanca (1942),4.708341121673584
1,2,318,Schindler's List (1993),4.640052318572998
1,3,1449,Pather Panchali (1955),4.638454914093018
1,4,1500,Santa with Muscles (1996),4.630516052246094
1,5,657,"Manchurian Candidate, The (1962)",4.6281938552856445
1,6,408,"Close Shave, A (1995)",4.62325382232666
1,7,480,North by Northwest (1959),4.622342109680176
1,8,513,"Third Man, The (1949)",4.611481666564941
1,9,515,"Boot, Das (1981)",4.598264694213867
1,10,603,Rear Window (1954),4.596966743469238
56,1,318,Schindler's List (1993),4.485215663909912
56,2,1449,Pather Panchali (1955),4.455212593078613
56,3,1500,Santa with Muscles (1996),4.441112518310547
56,4,187,"Godfather: Part II, The (1974)",4.432123184204102
56,5,313,Titanic (1997),4.419685363769531
56,6,478,"Philadelphia Story, The (1940)",4.401406288146973
56,7,178,12 Angry Men (1957),4.38947868347168
56,8,302,L.A. Confidential (1997),4.388749122619629
56,9,427,To Kill a Mockingbird (1962),4.381614685058594
56,10,480,North by Northwest (1959),4.379909992218018
15,1,483,Casablanca (1942),4.287500381469727
15,2,64,"Shawshank Redemption, The (1994)",4.149044036865234
15,3,12,"Usual Suspects, The (1995)",4.106193542480469
15,4,408,"Close Shave, A (1995)",4.099842071533203
15,5,1449,Pather Panchali (1955),4.088692665100098
15,6,318,Schindler's List (1993),4.087950706481934
15,7,1500,Santa with Muscles (1996),4.085193157196045
15,8,484,"Maltese Falcon, The (1941)",4.07999324798584
15,9,603,Rear Window (1954),4.072419166564941
15,10,98,"Silence of the Lambs, The (1991)",4.067452430725098
207,1,657,"Manchurian Candidate, The (1962)",4.119527816772461
207,2,114,Wallace & Gromit: The Best of Aardman Animation (1996),4.037527561187744
207,3,479,Vertigo (1958),4.030202865600586
207,4,427,To Kill a Mockingbird (1962),4.018505096435547
207,5,528,"Killing Fields, The (1984)",4.012591361999512
207,6,408,"Close Shave, A (1995)",4.0057373046875
207,7,1449,Pather Panchali (1955),4.002123832702637
207,8,513,"Third Man, The (1949)",3.999164342880249
207,9,178,12 Angry Men (1957),3.9928839206695557
207,10,480,North by Northwest (1959),3.988281726837158
232,1,114,Wallace & Gromit: The Best of Aardman Animation (1996),4.415048122406006
232,2,480,North by Northwest (1959),4.398220062255859
232,3,1449,Pather Panchali (1955),4.396185874938965
232,4,1500,Santa with Muscles (1996),4.394509315490723
232,5,479,Vertigo (1958),4.377473831176758
232,6,427,To Kill a Mockingbird (1962),4.375931739807129
232,7,12,"Usual Suspects, The (1995)",4.367549896240234
232,8,174,Raiders of the Lost Ark (1981),4.347692966461182
232,9,1367,Faust (1994),4.334009170532227
232,10,169,"Wrong Trousers, The (1993)",4.332258224487305
52,1,187,"Godfather: Part II, The (1974)",4.867653846740723
52,2,174,Raiders of the Lost Ark (1981),4.848123550415039
52,3,1449,Pather Panchali (1955),4.8406877517700195
52,4,313,Titanic (1997),4.832278728485107
52,5,483,Casablanca (1942),4.830742835998535
52,6,114,Wallace & Gromit: The Best of Aardman Animation (1996),4.830416679382324
52,7,480,North by Northwest (1959),4.829323768615723
52,8,178,12 Angry Men (1957),4.818357467651367
52,9,127,"Godfather, The (1972)",4.81599235534668
52,10,1500,Santa with Muscles (1996),4.81539249420166
161,1,12,"Usual Suspects, The (1995)",3.260453462600708
161,2,427,To Kill a Mockingbird (1962),3.230440139770508
161,3,64,"Shawshank Redemption, The (1994)",3.2052817344665527
161,4,474,Dr. Strangelove or: How I Learned to Stop Worrying and Love the Bomb (1963),3.1538100242614746
161,5,89,Blade Runner (1982),3.1502492427825928
161,6,169,"Wrong Trousers, The (1993)",3.11899733543396
161,7,178,12 Angry Men (1957),3.105314016342163
161,8,519,"Treasure of the Sierra Madre, The (1948)",3.0842578411102295
161,9,114,Wallace & Gromit: The Best of Aardman Animation (1996),3.080524206161499
161,10,313,Titanic (1997),3.0760881900787354
148,1,483,Casablanca (1942),4.66070556640625
148,2,480,North by Northwest (1959),4.5781450271606445
148,3,1449,Pather Panchali (1955),4.544582366943359
148,4,134,Citizen Kane (1941),4.539534568786621
148,5,178,12 Angry Men (1957),4.539078712463379
148,6,302,L.A. Confidential (1997),4.537868499755859
148,7,604,It Happened One Night (1934),4.520315170288086
148,8,684,In the Line of Fire (1993),4.511345863342285
148,9,64,"Shawshank Redemption, The (1994)",4.50474739074707
148,10,487,Roman Holiday (1953),4.500147342681885
125,1,313,Titanic (1997),4.466436386108398
125,2,114,Wallace & Gromit: The Best of Aardman Animation (1996),4.452058792114258
125,3,408,"Close Shave, A (1995)",4.447231292724609
125,4,480,North by Northwest (1959),4.41644287109375
125,5,12,"Usual Suspects, The (1995)",4.393173694610596
125,6,656,M (1931),4.387965679168701
125,7,654,Chinatown (1974),4.387791633605957
125,8,1500,Santa with Muscles (1996),4.38524866104126
125,9,302,L.A. Confidential (1997),4.38120174407959
125,10,127,"Godfather, The (1972)",4.376070022583008
83,1,114,Wallace & Gromit: The Best of Aardman Animation (1996),4.533690452575684
83,2,1449,Pather Panchali (1955),4.488812446594238
83,3,480,North by Northwest (1959),4.481090545654297
83,4,603,Rear Window (1954),4.450766563415527
83,5,126,"Spitfire Grill, The (1996)",4.446958541870117
83,6,199,"Bridge on the River Kwai, The (1957)",4.445657730102539
83,7,709,Strictly Ballroom (1992),4.441306114196777
83,8,187,"Godfather: Part II, The (1974)",4.424825668334961
83,9,169,"Wrong Trousers, The (1993)",4.417357444763184
83,10,1500,Santa with Muscles (1996),4.414275169372559
272,1,318,Schindler's List (1993),4.729759693145752
272,2,1449,Pather Panchali (1955),4.707125663757324
272,3,114,Wallace & Gromit: The Best of Aardman Animation (1996),4.675504684448242
272,4,64,"Shawshank Redemption, The (1994)",4.660003662109375
272,5,313,Titanic (1997),4.659844398498535
272,6,1500,Santa with Muscles (1996),4.6298418045043945
272,7,427,To Kill a Mockingbird (1962),4.620591163635254
272,8,285,Secrets & Lies (1996),4.614625930786133
272,9,408,"Close Shave, A (1995)",4.6054558753967285
272,10,1367,Faust (1994),4.603859901428223
151,1,1449,Pather Panchali (1955),4.64840030670166
151,2,1500,Santa with Muscles (1996),4.597629547119141
151,3,127,"Godfather, The (1972)",4.565020561218262
151,4,187,"Godfather: Part II, The (1974)",4.555510520935059
151,5,313,Titanic (1997),4.548010349273682
151,6,1367,Faust (1994),4.545495510101318
151,7,515,"Boot, Das (1981)",4.525972366333008
151,8,1642,Some Mother's Son (1996),4.497043609619141
151,9,285,Secrets & Lies (1996),4.484186172485352
151,10,656,M (1931),4.483132362365723
54,1,480,North by Northwest (1959),4.643547058105469
54,2,483,Casablanca (1942),4.639575958251953
54,3,114,Wallace & Gromit: The Best of Aardman Animation (1996),4.638004302978516
54,4,1449,Pather Panchali (1955),4.629942417144775
54,5,1500,Santa with Muscles (1996),4.601310729980469
54,6,64,"Shawshank Redemption, The (1994)",4.590273380279541
54,7,169,"Wrong Trousers, The (1993)",4.571369171142578
54,8,174,Raiders of the Lost Ark (1981),4.566162109375
54,9,178,12 Angry Men (1957),4.557109832763672
54,10,318,Schindler's List (1993),4.556005001068115
16,1,114,Wallace & Gromit: The Best of Aardman Animation (1996),4.804351806640625
16,2,187,"Godfather: Part II, The (1974)",4.803560256958008
16,3,1449,Pather Panchali (1955),4.801546096801758
16,4,313,Titanic (1997),4.788983345031738
16,5,50,Star Wars (1977),4.780933380126953
16,6,483,Casablanca (1942),4.764090061187744
16,7,478,"Philadelphia Story, The (1940)",4.756677627563477
16,8,408,"Close Shave, A (1995)",4.754481315612793
16,9,1500,Santa with Muscles (1996),4.751203536987305
16,10,656,M (1931),4.739830017089844
91,1,1449,Pather Panchali (1955),4.547720909118652
91,2,114,Wallace & Gromit: The Best of Aardman Animation (1996),4.540957450866699
91,3,408,"Close Shave, A (1995)",4.499314785003662
91,4,178,12 Angry Men (1957),4.493227958679199
91,5,1500,Santa with Muscles (1996),4.475852966308594
91,6,302,L.A. Confidential (1997),4.46717643737793
91,7,285,Secrets & Lies (1996),4.466961860656738
91,8,654,Chinatown (1974),4.455569267272949
91,9,223,Sling Blade (1996),4.450649738311768
91,10,12,"Usual Suspects, The (1995)",4.4506354331970215
294,1,114,Wallace & Gromit: The Best of Aardman Animation (1996),4.641146659851074
294,2,174,Raiders of the Lost Ark (1981),4.628447532653809
294,3,480,North by Northwest (1959),4.619365215301514
294,4,64,"Shawshank Redemption, The (1994)",4.606400012969971
294,5,408,"Close Shave, A (1995)",4.604574203491211
294,6,1449,Pather Panchali (1955),4.601132392883301
294,7,318,Schindler's List (1993),4.59982442855835
294,8,1500,Santa with Muscles (1996),4.5981950759887695
294,9,178,12 Angry Men (1957),4.594605922698975
294,10,187,"Godfather: Part II, The (1974)",4.58705997467041
229,1,479,Vertigo (1958),3.9533941745758057
229,2,1449,Pather Panchali (1955),3.938138484954834
229,3,427,To Kill a Mockingbird (1962),3.9279990196228027
229,4,98,"Silence of the Lambs, The (1991)",3.917435646057129
229,5,64,"Shawshank Redemption, The (1994)",3.9119629859924316
229,6,89,Blade Runner (1982),3.9066076278686523
229,7,223,Sling Blade (1996),3.893911838531494
229,8,169,"Wrong Trousers, The (1993)",3.8818702697753906
229,9,318,Schindler's List (1993),3.8449079990386963
229,10,483,Casablanca (1942),3.837252140045166
36,1,64,"Shawshank Redemption, The (1994)",4.297041893005371
36,2,50,Star Wars (1977),4.244354248046875
36,3,427,To Kill a Mockingbird (1962),4.185551643371582
36,4,357,One Flew Over the Cuckoo's Nest (1975),4.145281791687012
36,5,98,"Silence of the Lambs, The (1991)",4.13725471496582
36,6,483,Casablanca (1942),4.135883331298828
36,7,223,Sling Blade (1996),4.117431640625
36,8,114,Wallace & Gromit: The Best of Aardman Animation (1996),4.103279113769531
36,9,178,12 Angry Men (1957),4.102936267852783
36,10,479,Vertigo (1958),4.097887992858887
70,1,64,"Shawshank Redemption, The (1994)",4.490054130554199
70,2,114,Wallace & Gromit: The Best of Aardman Animation (1996),4.469112396240234
70,3,1449,Pather Panchali (1955),4.453075408935547
70,4,1500,Santa with Muscles (1996),4.446714878082275
70,5,427,To Kill a Mockingbird (1962),4.421443939208984
70,6,318,Schindler's List (1993),4.411170482635498
70,7,12,"Usual Suspects, The (1995)",4.407297611236572
70,8,127,"Godfather, The (1972)",4.407238960266113
70,9,480,North by Northwest (1959),4.394952297210693
70,10,178,12 Angry Men (1957),4.3946709632873535
14,1,318,Schindler's List (1993),4.698741436004639
14,2,114,Wallace & Gromit: The Best of Aardman Animation (1996),4.684800624847412
14,3,1449,Pather Panchali (1955),4.684295654296875
14,4,187,"Godfather: Part II, The (1974)",4.664032936096191
14,5,64,"Shawshank Redemption, The (1994)",4.646956920623779
14,6,1500,Santa with Muscles (1996),4.64137077331543
14,7,178,12 Angry Men (1957),4.623979568481445
14,8,483,Casablanca (1942),4.609783172607422
14,9,1367,Faust (1994),4.605334281921387
14,10,199,"Bridge on the River Kwai, The (1957)",4.598360061645508
295,1,64,"Shawshank Redemption, The (1994)",4.727787017822266
295,2,114,Wallace & Gromit: The Best of Aardman Animation (1996),4.711870193481445
295,3,1449,Pather Panchali (1955),4.711400032043457
295,4,187,"Godfather: Part II, The (1974)",4.708275318145752
295,5,285,Secrets & Lies (1996),4.694859504699707
295,6,12,"Usual Suspects, The (1995)",4.692087173461914
295,7,223,Sling Blade (1996),4.684494972229004
295,8,178,12 Angry Men (1957),4.682823657989502
295,9,313,Titanic (1997),4.678621292114258
295,10,199,"Bridge on the River Kwai, The (1957)",4.673402309417725
233,1,114,Wallace & Gromit: The Best of Aardman Animation (1996),4.683159828186035
233,2,656,M (1931),4.671395301818848
233,3,302,L.A. Confidential (1997),4.634851455688477
233,4,1500,Santa with Muscles (1996),4.6334381103515625
233,5,408,"Close Shave, A (1995)",4.627911567687988
233,6,480,North by Northwest (1959),4.619348526000977
233,7,172,"Empire Strikes Back, The (1980)",4.603597640991211
233,8,657,"Manchurian Candidate, The (1962)",4.598922252655029
233,9,178,12 Angry Men (1957),4.597338676452637
233,10,285,Secrets & Lies (1996),4.59017276763916
214,1,1449,Pather Panchali (1955),4.401739120483398
214,2,1500,Santa with Muscles (1996),4.399024963378906
214,3,654,Chinatown (1974),4.367937088012695
214,4,657,"Manchurian Candidate, The (1962)",4.346808433532715
214,5,480,North by Northwest (1959),4.3427629470825195
214,6,656,M (1931),4.341774940490723
214,7,513,"Third Man, The (1949)",4.341168403625488
214,8,178,12 Angry Men (1957),4.338798522949219
214,9,199,"Bridge on the River Kwai, The (1957)",4.31710147857666
214,10,484,"Maltese Falcon, The (1941)",4.3138532638549805
192,1,64,"Shawshank Redemption, The (1994)",4.41564416885376
192,2,483,Casablanca (1942),4.331525802612305
192,3,318,Schindler's List (1993),4.3240766525268555
192,4,174,Raiders of the Lost Ark (1981),4.312982082366943
192,5,114,Wallace & Gromit: The Best of Aardman Animation (1996),4.3097076416015625
192,6,1449,Pather Panchali (1955),4.299355506896973
192,7,480,North by Northwest (1959),4.28334903717041
192,8,178,12 Angry Men (1957),4.283105850219727
192,9,12,"Usual Suspects, The (1995)",4.281819820404053
192,10,408,"Close Shave, A (1995)",4.280560493469238
100,1,483,Casablanca (1942),4.477787494659424
100,2,114,Wallace & Gromit: The Best of Aardman Animation (1996),4.462079048156738
100,3,1449,Pather Panchali (1955),4.460160255432129
100,4,1500,Santa with Muscles (1996),4.445372581481934
100,5,427,To Kill a Mockingbird (1962),4.436893463134766
100,6,480,North by Northwest (1959),4.434587478637695
100,7,318,Schindler's List (1993),4.4184112548828125
100,8,178,12 Angry Men (1957),4.417177677154541
100,9,169,"Wrong Trousers, The (1993)",4.402829170227051
100,10,98,"Silence of the Lambs, The (1991)",4.3931074142456055
307,1,318,Schindler's List (1993),4.474271774291992
307,2,1449,Pather Panchali (1955),4.437932014465332
307,3,187,"Godfather: Part II, The (1974)",4.414902687072754
307,4,1500,Santa with Muscles (1996),4.406458854675293
307,5,223,Sling Blade (1996),4.356191635131836
307,6,302,L.A. Confidential (1997),4.3555145263671875
307,7,127,"Godfather, The (1972)",4.355013370513916
307,8,12,"Usual Suspects, The (1995)",4.342988967895508
307,9,98,"Silence of the Lambs, The (1991)",4.333157539367676
307,10,480,North by Northwest (1959),4.322959899902344
297,1,1449,Pather Panchali (1955),4.341230869293213
297,2,427,To Kill a Mockingbird (1962),4.327383995056152
297,3,483,Casablanca (1942),4.306260108947754
297,4,1500,Santa with Muscles (1996),4.305822372436523
297,5,64,"Shawshank Redemption, The (1994)",4.298330307006836
297,6,178,12 Angry Men (1957),4.298245906829834
297,7,318,Schindler's List (1993),4.289914608001709
297,8,169,"Wrong Trousers, The (1993)",4.257166862487793
297,9,408,"Close Shave, A (1995)",4.22314453125
297,10,313,Titanic (1997),4.220301628112793
193,1,1449,Pather Panchali (1955),4.246553421020508
193,2,114,Wallace & Gromit: The Best of Aardman Animation (1996),4.195030689239502
193,3,178,12 Angry Men (1957),4.191619873046875
193,4,408,"Close Shave, A (1995)",4.186537742614746
193,5,169,"Wrong Trousers, The (1993)",4.165105819702148
193,6,318,Schindler's List (1993),4.155564308166504
193,7,480,North by Northwest (1959),4.148778915405273
193,8,483,Casablanca (1942),4.137851715087891
193,9,1367,Faust (1994),4.1319193840026855
193,10,357,One Flew Over the Cuckoo's Nest (1975),4.11439323425293
113,1,64,"Shawshank Redemption, The (1994)",4.633933067321777
113,2,483,Casablanca (1942),4.612927436828613
113,3,114,Wallace & Gromit: The Best of Aardman Animation (1996),4.6077880859375
113,4,313,Titanic (1997),4.585148334503174
113,5,1449,Pather Panchali (1955),4.579832077026367
113,6,174,Raiders of the Lost Ark (1981),4.573554039001465
113,7,1500,Santa with Muscles (1996),4.569457054138184
113,8,408,"Close Shave, A (1995)",4.553520679473877
113,9,480,North by Northwest (1959),4.547897815704346
113,10,478,"Philadelphia Story, The (1940)",4.541145324707031
275,1,64,"Shawshank Redemption, The (1994)",3.9895613193511963
275,2,657,"Manchurian Candidate, The (1962)",3.8273704051971436
275,3,12,"Usual Suspects, The (1995)",3.813708543777466
275,4,114,Wallace & Gromit: The Best of Aardman Animation (1996),3.755126953125
275,5,318,Schindler's List (1993),3.753864049911499
275,6,483,Casablanca (1942),3.748969078063965
275,7,427,To Kill a Mockingbird (1962),3.727579116821289
275,8,479,Vertigo (1958),3.727280378341675
275,9,709,Strictly Ballroom (1992),3.7260708808898926
275,10,223,Sling Blade (1996),3.693635940551758
219,1,318,Schindler's List (1993),4.59846305847168
219,2,64,"Shawshank Redemption, The (1994)",4.591184616088867
219,3,174,Raiders of the Lost Ark (1981),4.568681716918945
219,4,50,Star Wars (1977),4.553005695343018
219,5,187,"Godfather: Part II, The (1974)",4.5373616218566895
219,6,483,Casablanca (1942),4.527078628540039
219,7,178,12 Angry Men (1957),4.51033878326416
219,8,408,"Close Shave, A (1995)",4.505892753601074
219,9,313,Titanic (1997),4.50489616394043
219,10,12,"Usual Suspects, The (1995)",4.4950151443481445
218,1,483,Casablanca (1942),4.345843315124512
218,2,408,"Close Shave, A (1995)",4.301839828491211
218,3,1449,Pather Panchali (1955),4.297572135925293
218,4,480,North by Northwest (1959),4.295554161071777
218,5,114,Wallace & Gromit: The Best of Aardman Animation (1996),4.29323148727417
218,6,178,12 Angry Men (1957),4.264739990234375
218,7,1500,Santa with Muscles (1996),4.259321212768555
218,8,64,"Shawshank Redemption, The (1994)",4.258434772491455
218,9,127,"Godfather, The (1972)",4.256841659545898
218,10,318,Schindler's List (1993),4.235953330993652
123,1,178,12 Angry Men (1957),4.481137275695801
123,2,114,Wallace & Gromit: The Best of Aardman Animation (1996),4.474534034729004
123,3,408,"Close Shave, A (1995)",4.459278106689453
123,4,656,M (1931),4.4379377365112305
123,5,357,One Flew Over the Cuckoo's Nest (1975),4.435733795166016
123,6,313,Titanic (1997),4.427006721496582
123,7,1500,Santa with Muscles (1996),4.426957607269287
123,8,513,"Third Man, The (1949)",4.414368629455566
123,9,1449,Pather Panchali (1955),4.411276817321777
123,10,318,Schindler's List (1993),4.404634475708008
158,1,318,Schindler's List (1993),4.690688133239746
158,2,1449,Pather Panchali (1955),4.668519496917725
158,3,114,Wallace & Gromit: The Best of Aardman Animation (1996),4.643054008483887
158,4,1500,Santa with Muscles (1996),4.615025520324707
158,5,357,One Flew Over the Cuckoo's Nest (1975),4.605479717254639
158,6,427,To Kill a Mockingbird (1962),4.605372428894043
158,7,313,Titanic (1997),4.6048431396484375
158,8,178,12 Angry Men (1957),4.601831436157227
158,9,98,"Silence of the Lambs, The (1991)",4.5999674797058105
158,10,64,"Shawshank Redemption, The (1994)",4.591565132141113
302,1,64,"Shawshank Redemption, The (1994)",4.263304710388184
302,2,1449,Pather Panchali (1955),4.254112720489502
302,3,318,Schindler's List (1993),4.252347946166992
302,4,114,Wallace & Gromit: The Best of Aardman Animation (1996),4.24298620223999
302,5,178,12 Angry Men (1957),4.241025924682617
302,6,483,Casablanca (1942),4.23622465133667
302,7,408,"Close Shave, A (1995)",4.220253944396973
302,8,1500,Santa with Muscles (1996),4.220139503479004
302,9,12,"Usual Suspects, The (1995)",4.21044921875
302,10,169,"Wrong Trousers, The (1993)",4.203991413116455
23,1,318,Schindler's List (1993),4.475748538970947
23,2,178,12 Angry Men (1957),4.446396827697754
23,3,114,Wallace & Gromit: The Best of Aardman Animation (1996),4.442692279815674
23,4,1449,Pather Panchali (1955),4.435727596282959
23,5,480,North by Northwest (1959),4.43264102935791
23,6,657,"Manchurian Candidate, The (1962)",4.4111328125
23,7,1500,Santa with Muscles (1996),4.399655342102051
23,8,64,"Shawshank Redemption, The (1994)",4.3957366943359375
23,9,127,"Godfather, The (1972)",4.387983322143555
23,10,169,"Wrong Trousers, The (1993)",4.380506992340088
296,1,318,Schindler's List (1993),4.681960582733154
296,2,1449,Pather Panchali (1955),4.675396919250488
296,3,174,Raiders of the Lost Ark (1981),4.6572794914245605
296,4,1500,Santa with Muscles (1996),4.652186393737793
296,5,408,"Close Shave, A (1995)",4.64030122756958
296,6,169,"Wrong Trousers, The (1993)",4.636673927307129
296,7,64,"Shawshank Redemption, The (1994)",4.614872455596924
296,8,603,Rear Window (1954),4.609862804412842
296,9,1367,Faust (1994),4.607773303985596
296,10,513,"Third Man, The (1949)",4.605865478515625
33,1,64,"Shawshank Redemption, The (1994)",4.619882583618164
33,2,174,Raiders of the Lost Ark (1981),4.617600440979004
33,3,318,Schindler's List (1993),4.589361190795898
33,4,187,"Godfather: Part II, The (1974)",4.586879730224609
33,5,1449,Pather Panchali (1955),4.549961090087891
33,6,50,Star Wars (1977),4.547171592712402
33,7,178,12 Angry Men (1957),4.544277191162109
33,8,483,Casablanca (1942),4.543900012969971
33,9,480,North by Northwest (1959),4.530914306640625
33,10,285,Secrets & Lies (1996),4.5295562744140625
154,1,127,"Godfather, The (1972)",4.493082046508789
154,2,114,Wallace & Gromit: The Best of Aardman Animation (1996),4.486514091491699
154,3,483,Casablanca (1942),4.485246658325195
154,4,1449,Pather Panchali (1955),4.472017288208008
154,5,408,"Close Shave, A (1995)",4.462272644042969
154,6,1500,Santa with Muscles (1996),4.448737144470215
154,7,178,12 Angry Men (1957),4.44420051574707
154,8,313,Titanic (1997),4.442883491516113
154,9,134,Citizen Kane (1941),4.4329071044921875
154,10,318,Schindler's List (1993),4.416113376617432
77,1,64,"Shawshank Redemption, The (1994)",4.271655082702637
77,2,12,"Usual Suspects, The (1995)",4.203524589538574
77,3,318,Schindler's List (1993),4.125403881072998
77,4,427,To Kill a Mockingbird (1962),4.121276378631592
77,5,169,"Wrong Trousers, The (1993)",4.116833686828613
77,6,313,Titanic (1997),4.109442234039307
77,7,1449,Pather Panchali (1955),4.094930648803711
77,8,1500,Santa with Muscles (1996),4.090904712677002
77,9,178,12 Angry Men (1957),4.048718452453613
77,10,408,"Close Shave, A (1995)",4.043118476867676
270,1,114,Wallace & Gromit: The Best of Aardman Animation (1996),4.835010051727295
270,2,408,"Close Shave, A (1995)",4.824743270874023
270,3,480,North by Northwest (1959),4.820182800292969
270,4,127,"Godfather, The (1972)",4.819828987121582
270,5,302,L.A. Confidential (1997),4.818825721740723
270,6,187,"Godfather: Part II, The (1974)",4.818192958831787
270,7,656,M (1931),4.8128461837768555
270,8,313,Titanic (1997),4.812160491943359
270,9,483,Casablanca (1942),4.810993194580078
270,10,1500,Santa with Muscles (1996),4.807696342468262
187,1,12,"Usual Suspects, The (1995)",4.5108489990234375
187,2,480,North by Northwest (1959),4.4803361892700195
187,3,313,Titanic (1997),4.479281425476074
187,4,178,12 Angry Men (1957),4.4732279777526855
187,5,483,Casablanca (1942),4.4705939292907715
187,6,114,Wallace & Gromit: The Best of Aardman Animation (1996),4.47003698348999
187,7,318,Schindler's List (1993),4.469317436218262
187,8,603,Rear Window (1954),4.467124938964844
187,9,1449,Pather Panchali (1955),4.450888633728027
187,10,408,"Close Shave, A (1995)",4.448662757873535
170,1,483,Casablanca (1942),4.551804065704346
170,2,64,"Shawshank Redemption, The (1994)",4.548640251159668
170,3,174,Raiders of the Lost Ark (1981),4.533975601196289
170,4,318,Schindler's List (1993),4.519308567047119
170,5,127,"Godfather, The (1972)",4.5118489265441895
170,6,114,Wallace & Gromit: The Best of Aardman Animation (1996),4.508882522583008
170,7,480,North by Northwest (1959),4.500439167022705
170,8,178,12 Angry Men (1957),4.49870491027832
170,9,187,"Godfather: Part II, The (1974)",4.495744705200195
170,10,50,Star Wars (1977),4.494065761566162
101,1,483,Casablanca (1942),4.486682891845703
101,2,114,Wallace & Gromit: The Best of Aardman Animation (1996),4.4328484535217285
101,3,480,North by Northwest (1959),4.412237167358398
101,4,1449,Pather Panchali (1955),4.409767150878906
101,5,178,12 Angry Men (1957),4.389266490936279
101,6,64,"Shawshank Redemption, The (1994)",4.378947734832764
101,7,1500,Santa with Muscles (1996),4.362652778625488
101,8,169,"Wrong Trousers, The (1993)",4.353298187255859
101,9,357,One Flew Over the Cuckoo's Nest (1975),4.3415703773498535
101,10,427,To Kill a Mockingbird (1962),4.3309783935546875
184,1,114,Wallace & Gromit: The Best of Aardman Animation (1996),4.4084930419921875
184,2,1449,Pather Panchali (1955),4.392101287841797
184,3,408,"Close Shave, A (1995)",4.368782997131348
184,4,1500,Santa with Muscles (1996),4.359920024871826
184,5,12,"Usual Suspects, The (1995)",4.351421356201172
184,6,302,L.A. Confidential (1997),4.3155622482299805
184,7,169,"Wrong Trousers, The (1993)",4.303004741668701
184,8,427,To Kill a Mockingbird (1962),4.2993950843811035
184,9,1367,Faust (1994),4.278409957885742
184,10,173,"Princess Bride, The (1987)",4.273598670959473
112,1,483,Casablanca (1942),4.579883575439453
112,2,114,Wallace & Gromit: The Best of Aardman Animation (1996),4.575627326965332
112,3,64,"Shawshank Redemption, The (1994)",4.573273181915283
112,4,480,North by Northwest (1959),4.562116622924805
112,5,127,"Godfather, The (1972)",4.556556701660156
112,6,318,Schindler's List (1993),4.551416873931885
112,7,657,"Manchurian Candidate, The (1962)",4.543654918670654
112,8,178,12 Angry Men (1957),4.542140007019043
112,9,1500,Santa with Muscles (1996),4.540387153625488
112,10,515,"Boot, Das (1981)",4.533404350280762
133,1,64,"Shawshank Redemption, The (1994)",4.477081298828125
133,2,408,"Close Shave, A (1995)",4.320270538330078
133,3,12,"Usual Suspects, The (1995)",4.319170951843262
133,4,479,Vertigo (1958),4.294172286987305
133,5,114,Wallace & Gromit: The Best of Aardman Animation (1996),4.291053771972656
133,6,187,"Godfather: Part II, The (1974)",4.2900896072387695
133,7,483,Casablanca (1942),4.289780616760254
133,8,657,"Manchurian Candidate, The (1962)",4.284557342529297
133,9,302,L.A. Confidential (1997),4.261270523071289
133,10,318,Schindler's List (1993),4.25837516784668
215,1,114,Wallace & Gromit: The Best of Aardman Animation (1996),4.3533782958984375
215,2,1449,Pather Panchali (1955),4.333343029022217
215,3,1500,Santa with Muscles (1996),4.321120262145996
215,4,408,"Close Shave, A (1995)",4.314464092254639
215,5,12,"Usual Suspects, The (1995)",4.302299976348877
215,6,169,"Wrong Trousers, The (1993)",4.301308631896973
215,7,318,Schindler's List (1993),4.300742149353027
215,8,178,12 Angry Men (1957),4.298639297485352
215,9,223,Sling Blade (1996),4.278210639953613
215,10,603,Rear Window (1954),4.262781620025635
69,1,64,"Shawshank Redemption, The (1994)",4.492236614227295
69,2,483,Casablanca (1942),4.4701642990112305
69,3,187,"Godfather: Part II, The (1974)",4.452694892883301
69,4,318,Schindler's List (1993),4.422633171081543
69,5,127,"Godfather, The (1972)",4.388844966888428
69,6,114,Wallace & Gromit: The Best of Aardman Animation (1996),4.387247085571289
69,7,313,Titanic (1997),4.376106262207031
69,8,408,"Close Shave, A (1995)",4.371888160705566
69,9,1449,Pather Panchali (1955),4.352910041809082
69,10,178,12 Angry Men (1957),4.349496841430664
104,1,408,"Close Shave, A (1995)",4.36044979095459
104,2,483,Casablanca (1942),4.353018760681152
104,3,178,12 Angry Men (1957),4.350674629211426
104,4,12,"Usual Suspects, The (1995)",4.341363906860352
104,5,657,"Manchurian Candidate, The (1962)",4.336734771728516
104,6,1449,Pather Panchali (1955),4.332281112670898
104,7,114,Wallace & Gromit: The Best of Aardman Animation (1996),4.317239284515381
104,8,64,"Shawshank Redemption, The (1994)",4.31523323059082
104,9,1500,Santa with Muscles (1996),4.300923824310303
104,10,603,Rear Window (1954),4.292435646057129
240,1,480,North by Northwest (1959),4.685831069946289
240,2,483,Casablanca (1942),4.681575775146484
240,3,178,12 Angry Men (1957),4.677578926086426
240,4,114,Wallace & Gromit: The Best of Aardman Animation (1996),4.6769866943359375
240,5,1449,Pather Panchali (1955),4.669693946838379
240,6,657,"Manchurian Candidate, The (1962)",4.668243408203125
240,7,1500,Santa with Muscles (1996),4.658653259277344
240,8,408,"Close Shave, A (1995)",4.6475396156311035
240,9,127,"Godfather, The (1972)",4.647186279296875
240,10,318,Schindler's List (1993),4.638599872589111
144,1,1449,Pather Panchali (1955),4.492075443267822
144,2,427,To Kill a Mockingbird (1962),4.44696044921875
144,3,114,Wallace & Gromit: The Best of Aardman Animation (1996),4.436657905578613
144,4,1500,Santa with Muscles (1996),4.412639617919922
144,5,199,"Bridge on the River Kwai, The (1957)",4.402949333190918
144,6,483,Casablanca (1942),4.390406608581543
144,7,169,"Wrong Trousers, The (1993)",4.38436222076416
144,8,408,"Close Shave, A (1995)",4.379888534545898
144,9,178,12 Angry Men (1957),4.37949275970459
144,10,1529,Underground (1995),4.361250877380371
191,1,64,"Shawshank Redemption, The (1994)",4.5216827392578125
191,2,483,Casablanca (1942),4.484550476074219
191,3,50,Star Wars (1977),4.466700553894043
191,4,114,Wallace & Gromit: The Best of Aardman Animation (1996),4.421026229858398
191,5,318,Schindler's List (1993),4.4119672775268555
191,6,174,Raiders of the Lost Ark (1981),4.4106550216674805
191,7,187,"Godfather: Part II, The (1974)",4.388737678527832
191,8,408,"Close Shave, A (1995)",4.373193740844727
191,9,480,North by Northwest (1959),4.370253562927246
191,10,479,Vertigo (1958),4.365213394165039
61,1,1449,Pather Panchali (1955),4.224291801452637
61,2,178,12 Angry Men (1957),4.184715270996094
61,3,408,"Close Shave, A (1995)",4.177042007446289
61,4,318,Schindler's List (1993),4.166394233703613
61,5,64,"Shawshank Redemption, The (1994)",4.165377616882324
61,6,169,"Wrong Trousers, The (1993)",4.158848285675049
61,7,174,Raiders of the Lost Ark (1981),4.088550567626953
61,8,50,Star Wars (1977),4.087407112121582
61,9,1500,Santa with Muscles (1996),4.072299003601074
61,10,427,To Kill a Mockingbird (1962),4.0687408447265625
142,1,50,Star Wars (1977),4.4877777099609375
142,2,64,"Shawshank Redemption, The (1994)",4.4788007736206055
142,3,483,Casablanca (1942),4.470917701721191
142,4,318,Schindler's List (1993),4.450496196746826
142,5,12,"Usual Suspects, The (1995)",4.450427055358887
142,6,178,12 Angry Men (1957),4.439852714538574
142,7,114,Wallace & Gromit: The Best of Aardman Animation (1996),4.431718826293945
142,8,1449,Pather Panchali (1955),4.4298224449157715
142,9,174,Raiders of the Lost Ark (1981),4.421758651733398
142,10,1500,Santa with Muscles (1996),4.421154022216797
177,1,114,Wallace & Gromit: The Best of Aardman Animation (1996),4.419455528259277
177,2,480,North by Northwest (1959),4.398241996765137
177,3,483,Casablanca (1942),4.3756208419799805
177,4,178,12 Angry Men (1957),4.366152286529541
177,5,1449,Pather Panchali (1955),4.3469085693359375
177,6,1500,Santa with Muscles (1996),4.3327436447143555
177,7,657,"Manchurian Candidate, The (1962)",4.327187538146973
177,8,656,M (1931),4.325221538543701
177,9,515,"Boot, Das (1981)",4.316364765167236
177,10,427,To Kill a Mockingbird (1962),4.313880443572998
203,1,318,Schindler's List (1993),4.531352996826172
203,2,1449,Pather Panchali (1955),4.522127151489258
203,3,114,Wallace & Gromit: The Best of Aardman Animation (1996),4.518628120422363
203,4,178,12 Angry Men (1957),4.50846004486084
203,5,483,Casablanca (1942),4.507340431213379
203,6,1500,Santa with Muscles (1996),4.503017902374268
203,7,174,Raiders of the Lost Ark (1981),4.500502586364746
203,8,64,"Shawshank Redemption, The (1994)",4.490739822387695
203,9,480,North by Northwest (1959),4.4611968994140625
203,10,408,"Close Shave, A (1995)",4.4583940505981445
21,1,483,Casablanca (1942),4.529603004455566
21,2,64,"Shawshank Redemption, The (1994)",4.5218505859375
21,3,318,Schindler's List (1993),4.501957893371582
21,4,114,Wallace & Gromit: The Best of Aardman Animation (1996),4.475898742675781
21,5,1500,Santa with Muscles (1996),4.472797393798828
21,6,1449,Pather Panchali (1955),4.467637062072754
21,7,178,12 Angry Men (1957),4.448210716247559
21,8,12,"Usual Suspects, The (1995)",4.440576553344727
21,9,480,North by Northwest (1959),4.438714027404785
21,10,603,Rear Window (1954),4.427623748779297
197,1,64,"Shawshank Redemption, The (1994)",4.288341999053955
197,2,480,North by Northwest (1959),4.226424217224121
197,3,12,"Usual Suspects, The (1995)",4.224285125732422
197,4,427,To Kill a Mockingbird (1962),4.201601028442383
197,5,408,"Close Shave, A (1995)",4.189678192138672
197,6,1449,Pather Panchali (1955),4.180905342102051
197,7,318,Schindler's List (1993),4.165910720825195
197,8,483,Casablanca (1942),4.162701606750488
197,9,114,Wallace & Gromit: The Best of Aardman Animation (1996),4.147875785827637
197,10,1500,Santa with Muscles (1996),4.143772602081299
134,1,483,Casablanca (1942),4.377936840057373
134,2,64,"Shawshank Redemption, The (1994)",4.371030807495117
134,3,427,To Kill a Mockingbird (1962),4.168255805969238
134,4,12,"Usual Suspects, The (1995)",4.163472652435303
134,5,479,Vertigo (1958),4.1618547439575195
134,6,480,North by Northwest (1959),4.144636154174805
134,7,478,"Philadelphia Story, The (1940)",4.143891334533691
134,8,114,Wallace & Gromit: The Best of Aardman Animation (1996),4.1434006690979
134,9,178,12 Angry Men (1957),4.129560470581055
134,10,187,"Godfather: Part II, The (1974)",4.129327297210693
180,1,64,"Shawshank Redemption, The (1994)",4.6252546310424805
180,2,174,Raiders of the Lost Ark (1981),4.614362716674805
180,3,187,"Godfather: Part II, The (1974)",4.579591751098633
180,4,114,Wallace & Gromit: The Best of Aardman Animation (1996),4.572322845458984
180,5,50,Star Wars (1977),4.56904411315918
180,6,313,Titanic (1997),4.562205791473389
180,7,302,L.A. Confidential (1997),4.543341159820557
180,8,1500,Santa with Muscles (1996),4.54045295715332
180,9,478,"Philadelphia Story, The (1940)",4.538908958435059
180,10,654,Chinatown (1974),4.530972480773926
236,1,12,"Usual Suspects, The (1995)",4.21760368347168
236,2,1449,Pather Panchali (1955),4.178953170776367
236,3,178,12 Angry Men (1957),4.176130294799805
236,4,603,Rear Window (1954),4.1447954177856445
236,5,408,"Close Shave, A (1995)",4.142100811004639
236,6,114,Wallace & Gromit: The Best of Aardman Animation (1996),4.13164758682251
236,7,1500,Santa with Muscles (1996),4.122173309326172
236,8,479,Vertigo (1958),4.094372749328613
236,9,169,"Wrong Trousers, The (1993)",4.077297210693359
236,10,190,Henry V (1989),4.064666748046875
263,1,1449,Pather Panchali (1955),4.713740825653076
263,2,187,"Godfather: Part II, The (1974)",4.711578845977783
263,3,178,12 Angry Men (1957),4.677310943603516
263,4,114,Wallace & Gromit: The Best of Aardman Animation (1996),4.642590522766113
263,5,313,Titanic (1997),4.639033794403076
263,6,1500,Santa with Muscles (1996),4.634092807769775
263,7,1367,Faust (1994),4.614239692687988
263,8,493,"Thin Man, The (1934)",4.61334228515625
263,9,513,"Third Man, The (1949)",4.59970235824585
263,10,427,To Kill a Mockingbird (1962),4.596919059753418
109,1,114,Wallace & Gromit: The Best of Aardman Animation (1996),4.200912952423096
109,2,427,To Kill a Mockingbird (1962),4.166989326477051
109,3,483,Casablanca (1942),4.145246505737305
109,4,657,"Manchurian Candidate, The (1962)",4.108884811401367
109,5,1449,Pather Panchali (1955),4.108576774597168
109,6,479,Vertigo (1958),4.08258056640625
109,7,603,Rear Window (1954),4.080265998840332
109,8,313,Titanic (1997),4.076056480407715
109,9,1500,Santa with Muscles (1996),4.075345993041992
109,10,408,"Close Shave, A (1995)",4.074228763580322
64,1,114,Wallace & Gromit: The Best of Aardman Animation (1996),4.416681289672852
64,2,357,One Flew Over the Cuckoo's Nest (1975),4.384189605712891
64,3,483,Casablanca (1942),4.382831573486328
64,4,1500,Santa with Muscles (1996),4.378304481506348
64,5,1449,Pather Panchali (1955),4.368842124938965
64,6,479,Vertigo (1958),4.36232852935791
64,7,178,12 Angry Men (1957),4.354117393493652
64,8,408,"Close Shave, A (1995)",4.34649658203125
64,9,169,"Wrong Trousers, The (1993)",4.32266092300415
64,10,427,To Kill a Mockingbird (1962),4.308655738830566
114,1,64,"Shawshank Redemption, The (1994)",4.202268123626709
114,2,1449,Pather Panchali (1955),4.156780242919922
114,3,178,12 Angry Men (1957),4.148978233337402
114,4,169,"Wrong Trousers, The (1993)",4.118325233459473
114,5,408,"Close Shave, A (1995)",4.111883163452148
114,6,1500,Santa with Muscles (1996),4.093411922454834
114,7,657,"Manchurian Candidate, The (1962)",4.081474781036377
114,8,12,"Usual Suspects, The (1995)",4.072700500488281
114,9,427,To Kill a Mockingbird (1962),4.068874359130859
114,10,480,North by Northwest (1959),4.051475524902344
239,1,408,"Close Shave, A (1995)",4.597104549407959
239,2,480,North by Northwest (1959),4.596867084503174
239,3,313,Titanic (1997),4.5717267990112305
239,4,1500,Santa with Muscles (1996),4.564332008361816
239,5,191,Amadeus (1984),4.56169319152832
239,6,178,12 Angry Men (1957),4.561387062072754
239,7,127,"Godfather, The (1972)",4.558417320251465
239,8,302,L.A. Confidential (1997),4.556384086608887
239,9,1449,Pather Panchali (1955),4.55066442489624
239,10,656,M (1931),4.547524929046631
117,1,483,Casablanca (1942),4.720275402069092
117,2,127,"Godfather, The (1972)",4.693201065063477
117,3,178,12 Angry Men (1957),4.6927032470703125
117,4,114,Wallace & Gromit: The Best of Aardman Animation (1996),4.690506458282471
117,5,1449,Pather Panchali (1955),4.6821489334106445
117,6,480,North by Northwest (1959),4.673247814178467
117,7,1500,Santa with Muscles (1996),4.663520336151123
117,8,657,"Manchurian Candidate, The (1962)",4.647726058959961
117,9,408,"Close Shave, A (1995)",4.638354301452637
117,10,656,M (1931),4.6348676681518555
65,1,114,Wallace & Gromit: The Best of Aardman Animation (1996),4.515775203704834
65,2,174,Raiders of the Lost Ark (1981),4.501669406890869
65,3,187,"Godfather: Part II, The (1974)",4.4894118309021
65,4,408,"Close Shave, A (1995)",4.484018802642822
65,5,480,North by Northwest (1959),4.451947212219238
65,6,483,Casablanca (1942),4.4355998039245605
65,7,656,M (1931),4.432709693908691
65,8,302,L.A. Confidential (1997),4.428376197814941
65,9,1449,Pather Panchali (1955),4.422985076904297
65,10,313,Titanic (1997),4.416923522949219
137,1,483,Casablanca (1942),4.799806118011475
137,2,178,12 Angry Men (1957),4.789431571960449
137,3,187,"Godfather: Part II, The (1974)",4.787601470947266
137,4,318,Schindler's List (1993),4.787140369415283
137,5,1449,Pather Panchali (1955),4.771130561828613
137,6,272,Good Will Hunting (1997),4.7682905197143555
137,7,656,M (1931),4.767809867858887
137,8,657,"Manchurian Candidate, The (1962)",4.754705429077148
137,9,513,"Third Man, The (1949)",4.7525482177734375
137,10,480,North by Northwest (1959),4.750548362731934
257,1,483,Casablanca (1942),4.65870475769043
257,2,127,"Godfather, The (1972)",4.655318260192871
257,3,174,Raiders of the Lost Ark (1981),4.650243759155273
257,4,114,Wallace & Gromit: The Best of Aardman Animation (1996),4.645725250244141
257,5,318,Schindler's List (1993),4.635531902313232
257,6,480,North by Northwest (1959),4.62894868850708
257,7,1500,Santa with Muscles (1996),4.626614570617676
257,8,178,12 Angry Men (1957),4.620556354522705
257,9,187,"Godfather: Part II, The (1974)",4.6184234619140625
257,10,408,"Close Shave, A (1995)",4.613083839416504
111,1,64,"Shawshank Redemption, The (1994)",4.264240741729736
111,2,483,Casablanca (1942),4.174344539642334
111,3,1449,Pather Panchali (1955),4.152132034301758
111,4,480,North by Northwest (1959),4.147560119628906
111,5,178,12 Angry Men (1957),4.140495777130127
111,6,657,"Manchurian Candidate, The (1962)",4.119142532348633
111,7,187,"Godfather: Part II, The (1974)",4.106503486633301
111,8,169,"Wrong Trousers, The (1993)",4.087506294250488
111,9,408,"Close Shave, A (1995)",4.0831170082092285
111,10,603,Rear Window (1954),4.078719139099121
285,1,50,Star Wars (1977),4.448546409606934
285,2,318,Schindler's List (1993),4.416051864624023
285,3,483,Casablanca (1942),4.399003505706787
285,4,114,Wallace & Gromit: The Best of Aardman Animation (1996),4.391448974609375
285,5,427,To Kill a Mockingbird (1962),4.381269454956055
285,6,1449,Pather Panchali (1955),4.375551223754883
285,7,408,"Close Shave, A (1995)",4.374210357666016
285,8,174,Raiders of the Lost Ark (1981),4.367875099182129
285,9,1500,Santa with Muscles (1996),4.358850479125977
285,10,12,"Usual Suspects, The (1995)",4.356007099151611
96,1,657,"Manchurian Candidate, The (1962)",4.653487205505371
96,2,172,"Empire Strikes Back, The (1980)",4.631146430969238
96,3,114,Wallace & Gromit: The Best of Aardman Animation (1996),4.625868797302246
96,4,178,12 Angry Men (1957),4.625749588012695
96,5,480,North by Northwest (1959),4.624040126800537
96,6,515,"Boot, Das (1981)",4.614282131195068
96,7,648,"Quiet Man, The (1952)",4.5960235595703125
96,8,528,"Killing Fields, The (1984)",4.594091892242432
96,9,603,Rear Window (1954),4.579739570617676
96,10,408,"Close Shave, A (1995)",4.575857162475586
116,1,483,Casablanca (1942),4.374494552612305
116,2,1449,Pather Panchali (1955),4.332007884979248
116,3,169,"Wrong Trousers, The (1993)",4.2751054763793945
116,4,114,Wallace & Gromit: The Best of Aardman Animation (1996),4.274779319763184
116,5,178,12 Angry Men (1957),4.271490097045898
116,6,1500,Santa with Muscles (1996),4.235671043395996
116,7,98,"Silence of the Lambs, The (1991)",4.210239887237549
116,8,408,"Close Shave, A (1995)",4.2067413330078125
116,9,318,Schindler's List (1993),4.174371719360352
116,10,427,To Kill a Mockingbird (1962),4.16375732421875
73,1,178,12 Angry Men (1957),4.464046478271484
73,2,483,Casablanca (1942),4.451204299926758
73,3,408,"Close Shave, A (1995)",4.438260555267334
73,4,114,Wallace & Gromit: The Best of Aardman Animation (1996),4.433774948120117
73,5,1449,Pather Panchali (1955),4.415133476257324
73,6,1500,Santa with Muscles (1996),4.400871276855469
73,7,513,"Third Man, The (1949)",4.3743133544921875
73,8,134,Citizen Kane (1941),4.33907413482666
73,9,169,"Wrong Trousers, The (1993)",4.337701797485352
73,10,1367,Faust (1994),4.327906608581543
221,1,114,Wallace & Gromit: The Best of Aardman Animation (1996),4.3964619636535645
221,2,483,Casablanca (1942),4.365456581115723
221,3,480,North by Northwest (1959),4.360091209411621
221,4,1449,Pather Panchali (1955),4.343175888061523
221,5,408,"Close Shave, A (1995)",4.329856872558594
221,6,427,To Kill a Mockingbird (1962),4.320644378662109
221,7,1500,Santa with Muscles (1996),4.307745933532715
221,8,515,"Boot, Das (1981)",4.305571556091309
221,9,313,Titanic (1997),4.288389682769775
221,10,169,"Wrong Trousers, The (1993)",4.28763484954834
235,1,64,"Shawshank Redemption, The (1994)",4.44232177734375
235,2,1449,Pather Panchali (1955),4.44047212600708
235,3,1500,Santa with Muscles (1996),4.397037982940674
235,4,427,To Kill a Mockingbird (1962),4.396936893463135
235,5,187,"Godfather: Part II, The (1974)",4.394144058227539
235,6,178,12 Angry Men (1957),4.391110897064209
235,7,114,Wallace & Gromit: The Best of Aardman Animation (1996),4.383352279663086
235,8,408,"Close Shave, A (1995)",4.377460479736328
235,9,98,"Silence of the Lambs, The (1991)",4.372325897216797
235,10,169,"Wrong Trousers, The (1993)",4.371756553649902
164,1,174,Raiders of the Lost Ark (1981),4.780322074890137
164,2,50,Star Wars (1977),4.761565208435059
164,3,114,Wallace & Gromit: The Best of Aardman Animation (1996),4.752007961273193
164,4,1449,Pather Panchali (1955),4.749057769775391
164,5,64,"Shawshank Redemption, The (1994)",4.738735198974609
164,6,1500,Santa with Muscles (1996),4.731917381286621
164,7,483,Casablanca (1942),4.731849670410156
164,8,318,Schindler's List (1993),4.729059219360352
164,9,187,"Godfather: Part II, The (1974)",4.7260565757751465
164,10,478,"Philadelphia Story, The (1940)",4.713043212890625
281,1,50,Star Wars (1977),4.450845718383789
281,2,318,Schindler's List (1993),4.408282279968262
281,3,64,"Shawshank Redemption, The (1994)",4.402960777282715
281,4,12,"Usual Suspects, The (1995)",4.337635040283203
281,5,427,To Kill a Mockingbird (1962),4.3289666175842285
281,6,313,Titanic (1997),4.326533317565918
281,7,174,Raiders of the Lost Ark (1981),4.325428009033203
281,8,169,"Wrong Trousers, The (1993)",4.323365211486816
281,9,98,"Silence of the Lambs, The (1991)",4.317813873291016
281,10,1500,Santa with Muscles (1996),4.311930179595947
182,1,64,"Shawshank Redemption, The (1994)",4.603550910949707
182,2,174,Raiders of the Lost Ark (1981),4.594120979309082
182,3,187,"Godfather: Part II, The (1974)",4.554335594177246
182,4,318,Schindler's List (1993),4.505836486816406
182,5,114,Wallace & Gromit: The Best of Aardman Animation (1996),4.4983320236206055
182,6,1449,Pather Panchali (1955),4.488386154174805
182,7,483,Casablanca (1942),4.486683368682861
182,8,478,"Philadelphia Story, The (1940)",4.4614667892456055
182,9,313,Titanic (1997),4.456269264221191
182,10,285,Secrets & Lies (1996),4.450191974639893
129,1,483,Casablanca (1942),4.010578155517578
129,2,427,To Kill a Mockingbird (1962),3.969191789627075
129,3,1449,Pather Panchali (1955),3.968327760696411
129,4,318,Schindler's List (1993),3.9529364109039307
129,5,169,"Wrong Trousers, The (1993)",3.922501564025879
129,6,178,12 Angry Men (1957),3.915834426879883
129,7,480,North by Northwest (1959),3.9029383659362793
129,8,657,"Manchurian Candidate, The (1962)",3.901242256164551
129,9,1500,Santa with Muscles (1996),3.873467445373535
129,10,408,"Close Shave, A (1995)",3.8654003143310547
45,1,114,Wallace & Gromit: The Best of Aardman Animation (1996),4.574951648712158
45,2,64,"Shawshank Redemption, The (1994)",4.5679121017456055
45,3,480,North by Northwest (1959),4.561371803283691
45,4,174,Raiders of the Lost Ark (1981),4.561071395874023
45,5,483,Casablanca (1942),4.541191101074219
45,6,1500,Santa with Muscles (1996),4.537827491760254
45,7,313,Titanic (1997),4.531698226928711
45,8,656,M (1931),4.5280327796936035
45,9,1449,Pather Panchali (1955),4.519593238830566
45,10,408,"Close Shave, A (1995)",4.516176223754883
131,1,174,Raiders of the Lost Ark (1981),4.4982147216796875
131,2,318,Schindler's List (1993),4.4949846267700195
131,3,480,North by Northwest (1959),4.494981288909912
131,4,50,Star Wars (1977),4.494574069976807
131,5,483,Casablanca (1942),4.451605796813965
131,6,114,Wallace & Gromit: The Best of Aardman Animation (1996),4.431735038757324
131,7,64,"Shawshank Redemption, The (1994)",4.423450469970703
131,8,187,"Godfather: Part II, The (1974)",4.407380104064941
131,9,1449,Pather Panchali (1955),4.401817321777344
131,10,515,"Boot, Das (1981)",4.401013374328613
230,1,187,"Godfather: Part II, The (1974)",4.424953937530518
230,2,480,North by Northwest (1959),4.403977394104004
230,3,302,L.A. Confidential (1997),4.403067111968994
230,4,114,Wallace & Gromit: The Best of Aardman Animation (1996),4.3975067138671875
230,5,483,Casablanca (1942),4.383090972900391
230,6,656,M (1931),4.364395618438721
230,7,408,"Close Shave, A (1995)",4.361717224121094
230,8,313,Titanic (1997),4.332272529602051
230,9,513,"Third Man, The (1949)",4.328689098358154
230,10,127,"Godfather, The (1972)",4.32668924331665
126,1,64,"Shawshank Redemption, The (1994)",4.3064398765563965
126,2,479,Vertigo (1958),4.2886061668396
126,3,427,To Kill a Mockingbird (1962),4.223648548126221
126,4,480,North by Northwest (1959),4.2114057540893555
126,5,483,Casablanca (1942),4.187932014465332
126,6,114,Wallace & Gromit: The Best of Aardman Animation (1996),4.183051109313965
126,7,318,Schindler's List (1993),4.172975540161133
126,8,223,Sling Blade (1996),4.170871257781982
126,9,12,"Usual Suspects, The (1995)",4.162588119506836
126,10,1449,Pather Panchali (1955),4.142971515655518
231,1,1449,Pather Panchali (1955),4.184531211853027
231,2,174,Raiders of the Lost Ark (1981),4.153774261474609
231,3,64,"Shawshank Redemption, The (1994)",4.139382362365723
231,4,178,12 Angry Men (1957),4.056491851806641
231,5,479,Vertigo (1958),4.0419511795043945
231,6,1169,Fresh (1994),4.038084030151367
231,7,169,"Wrong Trousers, The (1993)",4.033825874328613
231,8,318,Schindler's List (1993),4.031052589416504
231,9,483,Casablanca (1942),4.029520511627197
231,10,515,"Boot, Das (1981)",4.027575492858887
280,1,114,Wallace & Gromit: The Best of Aardman Animation (1996),4.480495452880859
280,2,480,North by Northwest (1959),4.451713562011719
280,3,64,"Shawshank Redemption, The (1994)",4.451531887054443
280,4,1449,Pather Panchali (1955),4.4332194328308105
280,5,1500,Santa with Muscles (1996),4.433004379272461
280,6,187,"Godfather: Part II, The (1974)",4.432863235473633
280,7,408,"Close Shave, A (1995)",4.417574882507324
280,8,178,12 Angry Men (1957),4.404914855957031
280,9,134,Citizen Kane (1941),4.403230667114258
280,10,302,L.A. Confidential (1997),4.397183418273926
288,1,114,Wallace & Gromit: The Best of Aardman Animation (1996),4.411019325256348
288,2,483,Casablanca (1942),4.381133079528809
288,3,480,North by Northwest (1959),4.371416091918945
288,4,479,Vertigo (1958),4.3529744148254395
288,5,313,Titanic (1997),4.344936370849609
288,6,1449,Pather Panchali (1955),4.342945098876953
288,7,169,"Wrong Trousers, The (1993)",4.323299884796143
288,8,1500,Santa with Muscles (1996),4.317854881286621
288,9,408,"Close Shave, A (1995)",4.255215644836426
288,10,484,"Maltese Falcon, The (1941)",4.253477573394775
152,1,114,Wallace & Gromit: The Best of Aardman Animation (1996),4.793138027191162
152,2,174,Raiders of the Lost Ark (1981),4.776829719543457
152,3,1449,Pather Panchali (1955),4.765826225280762
152,4,1500,Santa with Muscles (1996),4.759693145751953
152,5,480,North by Northwest (1959),4.755342960357666
152,6,127,"Godfather, The (1972)",4.747413158416748
152,7,187,"Godfather: Part II, The (1974)",4.742526054382324
152,8,408,"Close Shave, A (1995)",4.736546516418457
152,9,656,M (1931),4.7327680587768555
152,10,64,"Shawshank Redemption, The (1994)",4.732237815856934
217,1,64,"Shawshank Redemption, The (1994)",4.371462345123291
217,2,483,Casablanca (1942),4.362846374511719
217,3,12,"Usual Suspects, The (1995)",4.2669267654418945
217,4,318,Schindler's List (1993),4.264180660247803
217,5,114,Wallace & Gromit: The Best of Aardman Animation (1996),4.241306304931641
217,6,313,Titanic (1997),4.22999382019043
217,7,408,"Close Shave, A (1995)",4.228603363037109
217,8,427,To Kill a Mockingbird (1962),4.220407485961914
217,9,169,"Wrong Trousers, The (1993)",4.21774959564209
217,10,1500,Santa with Muscles (1996),4.210068702697754
79,1,174,Raiders of the Lost Ark (1981),4.596604347229004
79,2,318,Schindler's List (1993),4.58596134185791
79,3,1449,Pather Panchali (1955),4.552313804626465
79,4,483,Casablanca (1942),4.55040168762207
79,5,187,"Godfather: Part II, The (1974)",4.540640830993652
79,6,114,Wallace & Gromit: The Best of Aardman Animation (1996),4.523594856262207
79,7,64,"Shawshank Redemption, The (1994)",4.518900394439697
79,8,178,12 Angry Men (1957),4.4869842529296875
79,9,480,North by Northwest (1959),4.4815592765808105
79,10,427,To Kill a Mockingbird (1962),4.481295585632324
75,1,64,"Shawshank Redemption, The (1994)",4.431887626647949
75,2,50,Star Wars (1977),4.405416011810303
75,3,318,Schindler's List (1993),4.387608528137207
75,4,483,Casablanca (1942),4.3585662841796875
75,5,479,Vertigo (1958),4.353412628173828
75,6,1449,Pather Panchali (1955),4.352989196777344
75,7,1500,Santa with Muscles (1996),4.351289749145508
75,8,178,12 Angry Men (1957),4.342950820922852
75,9,12,"Usual Suspects, The (1995)",4.336911201477051
75,10,313,Titanic (1997),4.33135986328125
245,1,64,"Shawshank Redemption, The (1994)",4.23350191116333
245,2,1449,Pather Panchali (1955),4.103269100189209
245,3,408,"Close Shave, A (1995)",4.102001190185547
245,4,178,12 Angry Men (1957),4.076777458190918
245,5,169,"Wrong Trousers, The (1993)",4.069436073303223
245,6,223,Sling Blade (1996),4.066436767578125
245,7,313,Titanic (1997),4.062150955200195
245,8,483,Casablanca (1942),4.052044868469238
245,9,1500,Santa with Muscles (1996),4.048089027404785
245,10,484,"Maltese Falcon, The (1941)",4.042203903198242
282,1,483,Casablanca (1942),4.564116477966309
282,2,64,"Shawshank Redemption, The (1994)",4.476045608520508
282,3,187,"Godfather: Part II, The (1974)",4.437197685241699
282,4,318,Schindler's List (1993),4.418649673461914
282,5,114,Wallace & Gromit: The Best of Aardman Animation (1996),4.407639980316162
282,6,480,North by Northwest (1959),4.39326286315918
282,7,50,Star Wars (1977),4.391403675079346
282,8,174,Raiders of the Lost Ark (1981),4.374890327453613
282,9,12,"Usual Suspects, The (1995)",4.365621089935303
282,10,408,"Close Shave, A (1995)",4.36513614654541
78,1,1449,Pather Panchali (1955),4.360864639282227
78,2,178,12 Angry Men (1957),4.344698905944824
78,3,357,One Flew Over the Cuckoo's Nest (1975),4.337894439697266
78,4,64,"Shawshank Redemption, The (1994)",4.333874702453613
78,5,114,Wallace & Gromit: The Best of Aardman Animation (1996),4.327803611755371
78,6,408,"Close Shave, A (1995)",4.324474334716797
78,7,1500,Santa with Muscles (1996),4.315969467163086
78,8,169,"Wrong Trousers, The (1993)",4.311166286468506
78,9,480,North by Northwest (1959),4.307797908782959
78,10,318,Schindler's List (1993),4.301822662353516
118,1,483,Casablanca (1942),4.830961227416992
118,2,480,North by Northwest (1959),4.828060150146484
118,3,114,Wallace & Gromit: The Best of Aardman Animation (1996),4.826881408691406
118,4,313,Titanic (1997),4.824919700622559
118,5,191,Amadeus (1984),4.818701267242432
118,6,1449,Pather Panchali (1955),4.816705703735352
118,7,656,M (1931),4.815484046936035
118,8,318,Schindler's List (1993),4.814659595489502
118,9,408,"Close Shave, A (1995)",4.814146041870117
118,10,1500,Santa with Muscles (1996),4.812483310699463
283,1,187,"Godfather: Part II, The (1974)",4.697663307189941
283,2,174,Raiders of the Lost Ark (1981),4.695029258728027
283,3,64,"Shawshank Redemption, The (1994)",4.6590070724487305
283,4,1449,Pather Panchali (1955),4.654428482055664
283,5,114,Wallace & Gromit: The Best of Aardman Animation (1996),4.652059555053711
283,6,318,Schindler's List (1993),4.635649681091309
283,7,313,Titanic (1997),4.62412166595459
283,8,1500,Santa with Muscles (1996),4.617191314697266
283,9,483,Casablanca (1942),4.616052627563477
283,10,302,L.A. Confidential (1997),4.611942291259766
171,1,64,"Shawshank Redemption, The (1994)",4.365360260009766
171,2,1449,Pather Panchali (1955),4.32471227645874
171,3,178,12 Angry Men (1957),4.310384273529053
171,4,427,To Kill a Mockingbird (1962),4.305034637451172
171,5,114,Wallace & Gromit: The Best of Aardman Animation (1996),4.304849624633789
171,6,1500,Santa with Muscles (1996),4.300806045532227
171,7,408,"Close Shave, A (1995)",4.282705307006836
171,8,169,"Wrong Trousers, The (1993)",4.281980037689209
171,9,12,"Usual Suspects, The (1995)",4.272579193115234
171,10,318,Schindler's List (1993),4.262790679931641
107,1,64,"Shawshank Redemption, The (1994)",4.210324287414551
107,2,483,Casablanca (1942),4.200420379638672
107,3,1449,Pather Panchali (1955),4.198026657104492
107,4,318,Schindler's List (1993),4.192670822143555
107,5,408,"Close Shave, A (1995)",4.190567970275879
107,6,1500,Santa with Muscles (1996),4.174724578857422
107,7,114,Wallace & Gromit: The Best of Aardman Animation (1996),4.172364234924316
107,8,178,12 Angry Men (1957),4.1713786125183105
107,9,427,To Kill a Mockingbird (1962),4.160706520080566
107,10,169,"Wrong Trousers, The (1993)",4.148337364196777
226,1,483,Casablanca (1942),4.435425758361816
226,2,64,"Shawshank Redemption, The (1994)",4.431509017944336
226,3,114,Wallace & Gromit: The Best of Aardman Animation (1996),4.428552627563477
226,4,1449,Pather Panchali (1955),4.414553642272949
226,5,178,12 Angry Men (1957),4.398027420043945
226,6,1500,Santa with Muscles (1996),4.386966705322266
226,7,427,To Kill a Mockingbird (1962),4.383588790893555
226,8,318,Schindler's List (1993),4.369330406188965
226,9,223,Sling Blade (1996),4.359531402587891
226,10,127,"Godfather, The (1972)",4.357919216156006
306,1,480,North by Northwest (1959),4.624975204467773
306,2,114,Wallace & Gromit: The Best of Aardman Animation (1996),4.622802734375
306,3,483,Casablanca (1942),4.614424228668213
306,4,1449,Pather Panchali (1955),4.592055797576904
306,5,1500,Santa with Muscles (1996),4.5799784660339355
306,6,178,12 Angry Men (1957),4.5683159828186035
306,7,313,Titanic (1997),4.547727584838867
306,8,127,"Godfather, The (1972)",4.5468878746032715
306,9,657,"Manchurian Candidate, The (1962)",4.546830177307129
306,10,408,"Close Shave, A (1995)",4.54222297668457
173,1,174,Raiders of the Lost Ark (1981),4.832095146179199
173,2,318,Schindler's List (1993),4.8287858963012695
173,3,1449,Pather Panchali (1955),4.818595886230469
173,4,114,Wallace & Gromit: The Best of Aardman Animation (1996),4.813159942626953
173,5,187,"Godfather: Part II, The (1974)",4.8003997802734375
173,6,483,Casablanca (1942),4.787450313568115
173,7,50,Star Wars (1977),4.787311553955078
173,8,313,Titanic (1997),4.778818130493164
173,9,357,One Flew Over the Cuckoo's Nest (1975),4.775836944580078
173,10,603,Rear Window (1954),4.771145820617676
185,1,483,Casablanca (1942),4.506674766540527
185,2,1449,Pather Panchali (1955),4.461031913757324
185,3,134,Citizen Kane (1941),4.443722248077393
185,4,478,"Philadelphia Story, The (1940)",4.439946174621582
185,5,1500,Santa with Muscles (1996),4.437932968139648
185,6,98,"Silence of the Lambs, The (1991)",4.431081771850586
185,7,64,"Shawshank Redemption, The (1994)",4.426712989807129
185,8,313,Titanic (1997),4.426235198974609
185,9,479,Vertigo (1958),4.424496650695801
185,10,408,"Close Shave, A (1995)",4.412900924682617
150,1,483,Casablanca (1942),4.68794584274292
150,2,1449,Pather Panchali (1955),4.675812721252441
150,3,114,Wallace & Gromit: The Best of Aardman Animation (1996),4.662125587463379
150,4,318,Schindler's List (1993),4.661703109741211
150,5,174,Raiders of the Lost Ark (1981),4.638522148132324
150,6,480,North by Northwest (1959),4.638372421264648
150,7,178,12 Angry Men (1957),4.634695053100586
150,8,1500,Santa with Muscles (1996),4.627813339233398
150,9,313,Titanic (1997),4.6192474365234375
150,10,98,"Silence of the Lambs, The (1991)",4.606967926025391
274,1,174,Raiders of the Lost Ark (1981),4.758380889892578
274,2,187,"Godfather: Part II, The (1974)",4.7348527908325195
274,3,1449,Pather Panchali (1955),4.732349395751953
274,4,114,Wallace & Gromit: The Best of Aardman Animation (1996),4.718894958496094
274,5,64,"Shawshank Redemption, The (1994)",4.713624000549316
274,6,483,Casablanca (1942),4.713505268096924
274,7,480,North by Northwest (1959),4.698298454284668
274,8,1500,Santa with Muscles (1996),4.687426567077637
274,9,178,12 Angry Men (1957),4.686161994934082
274,10,313,Titanic (1997),4.675045013427734
188,1,1449,Pather Panchali (1955),4.6578369140625
188,2,114,Wallace & Gromit: The Best of Aardman Animation (1996),4.657246112823486
188,3,408,"Close Shave, A (1995)",4.633268356323242
188,4,1500,Santa with Muscles (1996),4.617783546447754
188,5,313,Titanic (1997),4.614158630371094
188,6,480,North by Northwest (1959),4.596661567687988
188,7,302,L.A. Confidential (1997),4.595837116241455
188,8,178,12 Angry Men (1957),4.590912342071533
188,9,134,Citizen Kane (1941),4.587932586669922
188,10,169,"Wrong Trousers, The (1993)",4.562775611877441
48,1,64,"Shawshank Redemption, The (1994)",4.441791534423828
48,2,114,Wallace & Gromit: The Best of Aardman Animation (1996),4.4167680740356445
48,3,408,"Close Shave, A (1995)",4.397804260253906
48,4,1449,Pather Panchali (1955),4.3878397941589355
48,5,1500,Santa with Muscles (1996),4.387109279632568
48,6,313,Titanic (1997),4.3801984786987305
48,7,178,12 Angry Men (1957),4.374438285827637
48,8,169,"Wrong Trousers, The (1993)",4.357493877410889
48,9,318,Schindler's List (1993),4.3480730056762695
48,10,127,"Godfather, The (1972)",4.340085029602051
311,1,114,Wallace & Gromit: The Best of Aardman Animation (1996),4.407447814941406
311,2,1449,Pather Panchali (1955),4.378683090209961
311,3,478,"Philadelphia Story, The (1940)",4.357644081115723
311,4,427,To Kill a Mockingbird (1962),4.344255447387695
311,5,302,L.A. Confidential (1997),4.334960460662842
311,6,223,Sling Blade (1996),4.3329267501831055
311,7,408,"Close Shave, A (1995)",4.326943874359131
311,8,1500,Santa with Muscles (1996),4.326005935668945
311,9,313,Titanic (1997),4.320525646209717
311,10,169,"Wrong Trousers, The (1993)",4.294589519500732
165,1,483,Casablanca (1942),4.559403896331787
165,2,178,12 Angry Men (1957),4.516402721405029
165,3,408,"Close Shave, A (1995)",4.502025604248047
165,4,12,"Usual Suspects, The (1995)",4.496024131774902
165,5,114,Wallace & Gromit: The Best of Aardman Animation (1996),4.491702079772949
165,6,1500,Santa with Muscles (1996),4.4825944900512695
165,7,1449,Pather Panchali (1955),4.475579261779785
165,8,64,"Shawshank Redemption, The (1994)",4.475317001342773
165,9,603,Rear Window (1954),4.451855659484863
165,10,427,To Kill a Mockingbird (1962),4.451694488525391
208,1,50,Star Wars (1977),4.57230281829834
208,2,114,Wallace & Gromit: The Best of Aardman Animation (1996),4.530604362487793
208,3,64,"Shawshank Redemption, The (1994)",4.526863098144531
208,4,313,Titanic (1997),4.506762504577637
208,5,174,Raiders of the Lost Ark (1981),4.499452590942383
208,6,1449,Pather Panchali (1955),4.492175102233887
208,7,1500,Santa with Muscles (1996),4.485001564025879
208,8,408,"Close Shave, A (1995)",4.484971046447754
208,9,127,"Godfather, The (1972)",4.475332260131836
208,10,169,"Wrong Trousers, The (1993)",4.472491264343262
2,1,114,Wallace & Gromit: The Best of Aardman Animation (1996),4.586385726928711
2,2,1449,Pather Panchali (1955),4.58491325378418
2,3,178,12 Angry Men (1957),4.584888458251953
2,4,483,Casablanca (1942),4.580903053283691
2,5,1500,Santa with Muscles (1996),4.576859474182129
2,6,480,North by Northwest (1959),4.574594497680664
2,7,657,"Manchurian Candidate, The (1962)",4.555952072143555
2,8,408,"Close Shave, A (1995)",4.553472518920898
2,9,169,"Wrong Trousers, The (1993)",4.535761833190918
2,10,513,"Third Man, The (1949)",4.534313201904297
205,1,64,"Shawshank Redemption, The (1994)",4.181735038757324
205,2,427,To Kill a Mockingbird (1962),4.076894760131836
205,3,12,"Usual Suspects, The (1995)",3.99072003364563
205,4,479,Vertigo (1958),3.9754323959350586
205,5,98,"Silence of the Lambs, The (1991)",3.9582502841949463
205,6,1449,Pather Panchali (1955),3.9578444957733154
205,7,50,Star Wars (1977),3.9316883087158203
205,8,169,"Wrong Trousers, The (1993)",3.9234278202056885
205,9,89,Blade Runner (1982),3.9149043560028076
205,10,484,"Maltese Falcon, The (1941)",3.912785768508911
248,1,483,Casablanca (1942),4.345438003540039
248,2,480,North by Northwest (1959),4.324843883514404
248,3,408,"Close Shave, A (1995)",4.320925712585449
248,4,313,Titanic (1997),4.31888484954834
248,5,318,Schindler's List (1993),4.301995277404785
248,6,1449,Pather Panchali (1955),4.295751571655273
248,7,12,"Usual Suspects, The (1995)",4.283505439758301
248,8,656,M (1931),4.28114128112793
248,9,657,"Manchurian Candidate, The (1962)",4.278232097625732
248,10,1500,Santa with Muscles (1996),4.278193473815918
93,1,178,12 Angry Men (1957),4.453137397766113
93,2,408,"Close Shave, A (1995)",4.448208808898926
93,3,1449,Pather Panchali (1955),4.437230110168457
93,4,114,Wallace & Gromit: The Best of Aardman Animation (1996),4.410120964050293
93,5,1500,Santa with Muscles (1996),4.399343013763428
93,6,480,North by Northwest (1959),4.398129463195801
93,7,64,"Shawshank Redemption, The (1994)",4.384349346160889
93,8,169,"Wrong Trousers, The (1993)",4.379117012023926
93,9,656,M (1931),4.365688323974609
93,10,483,Casablanca (1942),4.361753940582275
159,1,483,Casablanca (1942),4.722525119781494
159,2,318,Schindler's List (1993),4.680902481079102
159,3,174,Raiders of the Lost Ark (1981),4.663977146148682
159,4,64,"Shawshank Redemption, The (1994)",4.6492018699646
159,5,50,Star Wars (1977),4.641177654266357
159,6,114,Wallace & Gromit: The Best of Aardman Animation (1996),4.624505996704102
159,7,1449,Pather Panchali (1955),4.614280700683594
159,8,187,"Godfather: Part II, The (1974)",4.611847877502441
159,9,1500,Santa with Muscles (1996),4.604701995849609
159,10,178,12 Angry Men (1957),4.600244045257568
146,1,64,"Shawshank Redemption, The (1994)",4.364538669586182
146,2,12,"Usual Suspects, The (1995)",4.337285041809082
146,3,427,To Kill a Mockingbird (1962),4.315820693969727
146,4,318,Schindler's List (1993),4.314477920532227
146,5,114,Wallace & Gromit: The Best of Aardman Animation (1996),4.309942245483398
146,6,1500,Santa with Muscles (1996),4.286861419677734
146,7,1449,Pather Panchali (1955),4.2866716384887695
146,8,408,"Close Shave, A (1995)",4.279097557067871
146,9,223,Sling Blade (1996),4.276766777038574
146,10,169,"Wrong Trousers, The (1993)",4.267948150634766
29,1,483,Casablanca (1942),4.533736228942871
29,2,64,"Shawshank Redemption, The (1994)",4.501428604125977
29,3,187,"Godfather: Part II, The (1974)",4.4827070236206055
29,4,127,"Godfather, The (1972)",4.455909252166748
29,5,178,12 Angry Men (1957),4.45456600189209
29,6,408,"Close Shave, A (1995)",4.448614120483398
29,7,114,Wallace & Gromit: The Best of Aardman Animation (1996),4.447016716003418
29,8,1449,Pather Panchali (1955),4.436753273010254
29,9,478,"Philadelphia Story, The (1940)",4.428987503051758
29,10,1500,Santa with Muscles (1996),4.424554824829102
156,1,483,Casablanca (1942),4.383818626403809
156,2,408,"Close Shave, A (1995)",4.360007286071777
156,3,50,Star Wars (1977),4.359889984130859
156,4,1449,Pather Panchali (1955),4.354620933532715
156,5,174,Raiders of the Lost Ark (1981),4.346216201782227
156,6,127,"Godfather, The (1972)",4.342060089111328
156,7,657,"Manchurian Candidate, The (1962)",4.335553169250488
156,8,1500,Santa with Muscles (1996),4.32931661605835
156,9,114,Wallace & Gromit: The Best of Aardman Animation (1996),4.3113603591918945
156,10,603,Rear Window (1954),4.297485828399658
37,1,318,Schindler's List (1993),4.640765190124512
37,2,64,"Shawshank Redemption, The (1994)",4.540478706359863
37,3,178,12 Angry Men (1957),4.54002571105957
37,4,1449,Pather Panchali (1955),4.53181791305542
37,5,187,"Godfather: Part II, The (1974)",4.531754016876221
37,6,483,Casablanca (1942),4.525879383087158
37,7,408,"Close Shave, A (1995)",4.519247055053711
37,8,313,Titanic (1997),4.515132427215576
37,9,427,To Kill a Mockingbird (1962),4.504783630371094
37,10,1500,Santa with Muscles (1996),4.5031046867370605
141,1,483,Casablanca (1942),4.622600078582764
141,2,64,"Shawshank Redemption, The (1994)",4.552162170410156
141,3,174,Raiders of the Lost Ark (1981),4.480108261108398
141,4,187,"Godfather: Part II, The (1974)",4.478127956390381
141,5,479,Vertigo (1958),4.462939262390137
141,6,318,Schindler's List (1993),4.458395004272461
141,7,657,"Manchurian Candidate, The (1962)",4.452528953552246
141,8,12,"Usual Suspects, The (1995)",4.45220422744751
141,9,272,Good Will Hunting (1997),4.436188697814941
141,10,178,12 Angry Men (1957),4.431855201721191
195,1,64,"Shawshank Redemption, The (1994)",4.379573822021484
195,2,480,North by Northwest (1959),4.3353376388549805
195,3,483,Casablanca (1942),4.298864364624023
195,4,114,Wallace & Gromit: The Best of Aardman Animation (1996),4.286564826965332
195,5,50,Star Wars (1977),4.254556655883789
195,6,1449,Pather Panchali (1955),4.243034839630127
195,7,318,Schindler's List (1993),4.236031532287598
195,8,408,"Close Shave, A (1995)",4.2349090576171875
195,9,12,"Usual Suspects, The (1995)",4.230531215667725
195,10,1500,Santa with Muscles (1996),4.218908309936523
108,1,483,Casablanca (1942),4.550075531005859
108,2,114,Wallace & Gromit: The Best of Aardman Animation (1996),4.544427871704102
108,3,1449,Pather Panchali (1955),4.525075912475586
108,4,1500,Santa with Muscles (1996),4.511666297912598
108,5,178,12 Angry Men (1957),4.509710788726807
108,6,64,"Shawshank Redemption, The (1994)",4.5089311599731445
108,7,480,North by Northwest (1959),4.5052032470703125
108,8,313,Titanic (1997),4.486410617828369
108,9,318,Schindler's List (1993),4.485114097595215
108,10,174,Raiders of the Lost Ark (1981),4.479312896728516
47,1,483,Casablanca (1942),4.520444869995117
47,2,64,"Shawshank Redemption, The (1994)",4.519131660461426
47,3,127,"Godfather, The (1972)",4.5034379959106445
47,4,480,North by Northwest (1959),4.50247049331665
47,5,1500,Santa with Muscles (1996),4.491748809814453
47,6,114,Wallace & Gromit: The Best of Aardman Animation (1996),4.490309715270996
47,7,318,Schindler's List (1993),4.489931106567383
47,8,1449,Pather Panchali (1955),4.4857072830200195
47,9,603,Rear Window (1954),4.48344087600708
47,10,178,12 Angry Men (1957),4.481445789337158
255,1,483,Casablanca (1942),4.537867546081543
255,2,178,12 Angry Men (1957),4.513974189758301
255,3,408,"Close Shave, A (1995)",4.507724285125732
255,4,1500,Santa with Muscles (1996),4.500465393066406
255,5,1449,Pather Panchali (1955),4.498277187347412
255,6,480,North by Northwest (1959),4.49608039855957
255,7,127,"Godfather, The (1972)",4.479888916015625
255,8,657,"Manchurian Candidate, The (1962)",4.474047660827637
255,9,169,"Wrong Trousers, The (1993)",4.467828750610352
255,10,114,Wallace & Gromit: The Best of Aardman Animation (1996),4.467667579650879
89,1,483,Casablanca (1942),4.651503562927246
89,2,114,Wallace & Gromit: The Best of Aardman Animation (1996),4.594972610473633
89,3,408,"Close Shave, A (1995)",4.567477703094482
89,4,480,North by Northwest (1959),4.552413463592529
89,5,357,One Flew Over the Cuckoo's Nest (1975),4.545022964477539
89,6,1500,Santa with Muscles (1996),4.539725303649902
89,7,178,12 Angry Men (1957),4.537003517150879
89,8,1449,Pather Panchali (1955),4.532876014709473
89,9,174,Raiders of the Lost Ark (1981),4.5180559158325195
89,10,318,Schindler's List (1993),4.517466068267822
140,1,483,Casablanca (1942),4.461544036865234
140,2,1449,Pather Panchali (1955),4.457431793212891
140,3,114,Wallace & Gromit: The Best of Aardman Animation (1996),4.4525556564331055
140,4,178,12 Angry Men (1957),4.449438095092773
140,5,1500,Santa with Muscles (1996),4.439210414886475
140,6,480,North by Northwest (1959),4.434394359588623
140,7,64,"Shawshank Redemption, The (1994)",4.426599502563477
140,8,408,"Close Shave, A (1995)",4.4153733253479
140,9,357,One Flew Over the Cuckoo's Nest (1975),4.411463260650635
140,10,134,Citizen Kane (1941),4.401492118835449
190,1,114,Wallace & Gromit: The Best of Aardman Animation (1996),4.437112331390381
190,2,64,"Shawshank Redemption, The (1994)",4.434079170227051
190,3,480,North by Northwest (1959),4.420446395874023
190,4,127,"Godfather, The (1972)",4.417858123779297
190,5,408,"Close Shave, A (1995)",4.412911415100098
190,6,1449,Pather Panchali (1955),4.411934852600098
190,7,483,Casablanca (1942),4.4069671630859375
190,8,178,12 Angry Men (1957),4.405723571777344
190,9,1500,Santa with Muscles (1996),4.40101432800293
190,10,657,"Manchurian Candidate, The (1962)",4.371415138244629
24,1,174,Raiders of the Lost Ark (1981),4.811812400817871
24,2,50,Star Wars (1977),4.811189651489258
24,3,114,Wallace & Gromit: The Best of Aardman Animation (1996),4.795903205871582
24,4,1449,Pather Panchali (1955),4.790205478668213
24,5,187,"Godfather: Part II, The (1974)",4.786476135253906
24,6,313,Titanic (1997),4.770140171051025
24,7,1500,Santa with Muscles (1996),4.738109588623047
24,8,483,Casablanca (1942),4.734779357910156
24,9,408,"Close Shave, A (1995)",4.7335052490234375
24,10,656,M (1931),4.721307277679443
17,1,318,Schindler's List (1993),4.520862579345703
17,2,483,Casablanca (1942),4.509020805358887
17,3,64,"Shawshank Redemption, The (1994)",4.494832992553711
17,4,1449,Pather Panchali (1955),4.476984024047852
17,5,1500,Santa with Muscles (1996),4.4655375480651855
17,6,178,12 Angry Men (1957),4.46345329284668
17,7,408,"Close Shave, A (1995)",4.460160255432129
17,8,114,Wallace & Gromit: The Best of Aardman Animation (1996),4.444696426391602
17,9,174,Raiders of the Lost Ark (1981),4.440249443054199
17,10,12,"Usual Suspects, The (1995)",4.439718723297119
313,1,1449,Pather Panchali (1955),4.520092964172363
313,2,1500,Santa with Muscles (1996),4.4879655838012695
313,3,313,Titanic (1997),4.47572135925293
313,4,408,"Close Shave, A (1995)",4.446836471557617
313,5,169,"Wrong Trousers, The (1993)",4.435778617858887
313,6,12,"Usual Suspects, The (1995)",4.42942476272583
313,7,1367,Faust (1994),4.411834239959717
313,8,302,L.A. Confidential (1997),4.405941486358643
313,9,272,Good Will Hunting (1997),4.405829429626465
313,10,1642,Some Mother's Son (1996),4.387698173522949
53,1,318,Schindler's List (1993),4.514847755432129
53,2,480,North by Northwest (1959),4.487477779388428
53,3,127,"Godfather, The (1972)",4.485813140869141
53,4,114,Wallace & Gromit: The Best of Aardman Animation (1996),4.485555171966553
53,5,1449,Pather Panchali (1955),4.4840803146362305
53,6,483,Casablanca (1942),4.480199813842773
53,7,1500,Santa with Muscles (1996),4.474623680114746
53,8,408,"Close Shave, A (1995)",4.470844268798828
53,9,178,12 Angry Men (1957),4.458828926086426
53,10,12,"Usual Suspects, The (1995)",4.444971084594727
124,1,64,"Shawshank Redemption, The (1994)",3.8842108249664307
124,2,313,Titanic (1997),3.7476747035980225
124,3,302,L.A. Confidential (1997),3.7231574058532715
124,4,657,"Manchurian Candidate, The (1962)",3.720484972000122
124,5,169,"Wrong Trousers, The (1993)",3.715364933013916
124,6,408,"Close Shave, A (1995)",3.7147419452667236
124,7,318,Schindler's List (1993),3.6968021392822266
124,8,479,Vertigo (1958),3.6966590881347656
124,9,656,M (1931),3.6887309551239014
124,10,483,Casablanca (1942),3.687839984893799
149,1,483,Casablanca (1942),4.007497787475586
149,2,64,"Shawshank Redemption, The (1994)",4.005409240722656
149,3,1449,Pather Panchali (1955),3.9073331356048584
149,4,12,"Usual Suspects, The (1995)",3.8763558864593506
149,5,603,Rear Window (1954),3.8750970363616943
149,6,178,12 Angry Men (1957),3.8738179206848145
149,7,114,Wallace & Gromit: The Best of Aardman Animation (1996),3.872889757156372
149,8,169,"Wrong Trousers, The (1993)",3.8695850372314453
149,9,427,To Kill a Mockingbird (1962),3.859691619873047
149,10,408,"Close Shave, A (1995)",3.8583946228027344
176,1,64,"Shawshank Redemption, The (1994)",4.507009029388428
176,2,483,Casablanca (1942),4.492180824279785
176,3,114,Wallace & Gromit: The Best of Aardman Animation (1996),4.475895881652832
176,4,318,Schindler's List (1993),4.458878517150879
176,5,178,12 Angry Men (1957),4.458776473999023
176,6,12,"Usual Suspects, The (1995)",4.452439308166504
176,7,1500,Santa with Muscles (1996),4.446628570556641
176,8,657,"Manchurian Candidate, The (1962)",4.440618515014648
176,9,480,North by Northwest (1959),4.439815521240234
176,10,603,Rear Window (1954),4.435480117797852
106,1,1449,Pather Panchali (1955),4.4127607345581055
106,2,114,Wallace & Gromit: The Best of Aardman Animation (1996),4.406541347503662
106,3,483,Casablanca (1942),4.389303684234619
106,4,1500,Santa with Muscles (1996),4.386975288391113
106,5,178,12 Angry Men (1957),4.379796981811523
106,6,169,"Wrong Trousers, The (1993)",4.36055326461792
106,7,357,One Flew Over the Cuckoo's Nest (1975),4.3600568771362305
106,8,408,"Close Shave, A (1995)",4.3472747802734375
106,9,480,North by Northwest (1959),4.346012115478516
106,10,427,To Kill a Mockingbird (1962),4.329511642456055
312,1,313,Titanic (1997),4.658439636230469
312,2,127,"Godfather, The (1972)",4.646945476531982
312,3,1500,Santa with Muscles (1996),4.639590263366699
312,4,1449,Pather Panchali (1955),4.638034820556641
312,5,302,L.A. Confidential (1997),4.598457336425781
312,6,1367,Faust (1994),4.584151268005371
312,7,316,As Good As It Gets (1997),4.575666427612305
312,8,64,"Shawshank Redemption, The (1994)",4.569573402404785
312,9,318,Schindler's List (1993),4.559599876403809
312,10,1642,Some Mother's Son (1996),4.55067253112793
175,1,114,Wallace & Gromit: The Best of Aardman Animation (1996),4.407611846923828
175,2,1500,Santa with Muscles (1996),4.39881706237793
175,3,1449,Pather Panchali (1955),4.39774751663208
175,4,313,Titanic (1997),4.387002944946289
175,5,178,12 Angry Men (1957),4.383460521697998
175,6,408,"Close Shave, A (1995)",4.368844985961914
175,7,480,North by Northwest (1959),4.342894077301025
175,8,134,Citizen Kane (1941),4.336386203765869
175,9,169,"Wrong Trousers, The (1993)",4.334295272827148
175,10,357,One Flew Over the Cuckoo's Nest (1975),4.323683738708496
153,1,483,Casablanca (1942),4.111328125
153,2,427,To Kill a Mockingbird (1962),4.055145263671875
153,3,98,"Silence of the Lambs, The (1991)",4.034355163574219
153,4,114,Wallace & Gromit: The Best of Aardman Animation (1996),4.011650085449219
153,5,1449,Pather Panchali (1955),4.001004695892334
153,6,1500,Santa with Muscles (1996),3.9902241230010986
153,7,169,"Wrong Trousers, The (1993)",3.9873039722442627
153,8,12,"Usual Suspects, The (1995)",3.9803123474121094
153,9,479,Vertigo (1958),3.96648907661438
153,10,178,12 Angry Men (1957),3.9600002765655518
220,1,480,North by Northwest (1959),4.556057929992676
220,2,114,Wallace & Gromit: The Best of Aardman Animation (1996),4.541083335876465
220,3,178,12 Angry Men (1957),4.531899452209473
220,4,483,Casablanca (1942),4.518878936767578
220,5,408,"Close Shave, A (1995)",4.509635925292969
220,6,1449,Pather Panchali (1955),4.504761695861816
220,7,515,"Boot, Das (1981)",4.500916481018066
220,8,64,"Shawshank Redemption, The (1994)",4.49920654296875
220,9,1500,Santa with Muscles (1996),4.491512298583984
220,10,657,"Manchurian Candidate, The (1962)",4.486363410949707
143,1,64,"Shawshank Redemption, The (1994)",4.647369384765625
143,2,483,Casablanca (1942),4.599634170532227
143,3,174,Raiders of the Lost Ark (1981),4.598950386047363
143,4,318,Schindler's List (1993),4.584710597991943
143,5,187,"Godfather: Part II, The (1974)",4.582499027252197
143,6,480,North by Northwest (1959),4.580776214599609
143,7,114,Wallace & Gromit: The Best of Aardman Animation (1996),4.556427955627441
143,8,50,Star Wars (1977),4.555558204650879
143,9,478,"Philadelphia Story, The (1940)",4.552289009094238
143,10,1449,Pather Panchali (1955),4.548018455505371
199,1,114,Wallace & Gromit: The Best of Aardman Animation (1996),4.554837703704834
199,2,1449,Pather Panchali (1955),4.545342445373535
199,3,178,12 Angry Men (1957),4.540735244750977
199,4,480,North by Northwest (1959),4.536164283752441
199,5,483,Casablanca (1942),4.534485816955566
199,6,1500,Santa with Muscles (1996),4.531420707702637
199,7,318,Schindler's List (1993),4.521327972412109
199,8,98,"Silence of the Lambs, The (1991)",4.491271018981934
199,9,657,"Manchurian Candidate, The (1962)",4.4911298751831055
199,10,134,Citizen Kane (1941),4.491088390350342
202,1,1449,Pather Panchali (1955),3.339900493621826
202,2,657,"Manchurian Candidate, The (1962)",3.3071672916412354
202,3,12,"Usual Suspects, The (1995)",3.2999844551086426
202,4,178,12 Angry Men (1957),3.291658639907837
202,5,528,"Killing Fields, The (1984)",3.276237964630127
202,6,190,Henry V (1989),3.2749674320220947
202,7,603,Rear Window (1954),3.2600834369659424
202,8,176,Aliens (1986),3.228487253189087
202,9,50,Star Wars (1977),3.2268762588500977
202,10,1396,Stonewall (1995),3.2233808040618896
277,1,479,Vertigo (1958),4.605578422546387
277,2,483,Casablanca (1942),4.602381706237793
277,3,174,Raiders of the Lost Ark (1981),4.596283912658691
277,4,64,"Shawshank Redemption, The (1994)",4.593647480010986
277,5,318,Schindler's List (1993),4.586697578430176
277,6,1449,Pather Panchali (1955),4.583330154418945
277,7,480,North by Northwest (1959),4.575374126434326
277,8,187,"Godfather: Part II, The (1974)",4.559917449951172
277,9,1500,Santa with Muscles (1996),4.557774543762207
277,10,114,Wallace & Gromit: The Best of Aardman Animation (1996),4.5561723709106445
206,1,408,"Close Shave, A (1995)",4.31931209564209
206,2,114,Wallace & Gromit: The Best of Aardman Animation (1996),4.307615756988525
206,3,1449,Pather Panchali (1955),4.304765224456787
206,4,127,"Godfather, The (1972)",4.291616439819336
206,5,480,North by Northwest (1959),4.285284519195557
206,6,178,12 Angry Men (1957),4.27992057800293
206,7,64,"Shawshank Redemption, The (1994)",4.278933525085449
206,8,1500,Santa with Muscles (1996),4.270069599151611
206,9,483,Casablanca (1942),4.2500457763671875
206,10,318,Schindler's List (1993),4.22746467590332
76,1,480,North by Northwest (1959),4.641000747680664
76,2,1449,Pather Panchali (1955),4.634414196014404
76,3,114,Wallace & Gromit: The Best of Aardman Animation (1996),4.627264976501465
76,4,483,Casablanca (1942),4.6264119148254395
76,5,1500,Santa with Muscles (1996),4.624134063720703
76,6,174,Raiders of the Lost Ark (1981),4.622664451599121
76,7,178,12 Angry Men (1957),4.621138572692871
76,8,1367,Faust (1994),4.5915303230285645
76,9,408,"Close Shave, A (1995)",4.586063385009766
76,10,169,"Wrong Trousers, The (1993)",4.584620952606201
314,1,483,Casablanca (1942),4.703775405883789
314,2,1449,Pather Panchali (1955),4.658324241638184
314,3,480,North by Northwest (1959),4.655702590942383
314,4,1500,Santa with Muscles (1996),4.646276473999023
314,5,127,"Godfather, The (1972)",4.639063835144043
314,6,114,Wallace & Gromit: The Best of Aardman Animation (1996),4.63773775100708
314,7,515,"Boot, Das (1981)",4.636813163757324
314,8,313,Titanic (1997),4.630555152893066
314,9,178,12 Angry Men (1957),4.624814987182617
314,10,134,Citizen Kane (1941),4.616937160491943
136,1,174,Raiders of the Lost Ark (1981),4.717052459716797
136,2,114,Wallace & Gromit: The Best of Aardman Animation (1996),4.683492660522461
136,3,187,"Godfather: Part II, The (1974)",4.675079345703125
136,4,480,North by Northwest (1959),4.673404216766357
136,5,64,"Shawshank Redemption, The (1994)",4.670392036437988
136,6,483,Casablanca (1942),4.662578105926514
136,7,408,"Close Shave, A (1995)",4.660005569458008
136,8,1449,Pather Panchali (1955),4.657723426818848
136,9,478,"Philadelphia Story, The (1940)",4.654538631439209
136,10,50,Star Wars (1977),4.653195381164551
179,1,483,Casablanca (1942),4.438119888305664
179,2,64,"Shawshank Redemption, The (1994)",4.409972190856934
179,3,318,Schindler's List (1993),4.356496810913086
179,4,114,Wallace & Gromit: The Best of Aardman Animation (1996),4.349318027496338
179,5,408,"Close Shave, A (1995)",4.34869384765625
179,6,178,12 Angry Men (1957),4.347372055053711
179,7,174,Raiders of the Lost Ark (1981),4.327851295471191
179,8,657,"Manchurian Candidate, The (1962)",4.3237104415893555
179,9,1449,Pather Panchali (1955),4.321528434753418
179,10,50,Star Wars (1977),4.305050373077393
4,1,174,Raiders of the Lost Ark (1981),4.7789764404296875
4,2,318,Schindler's List (1993),4.772001266479492
4,3,114,Wallace & Gromit: The Best of Aardman Animation (1996),4.7609453201293945
4,4,1449,Pather Panchali (1955),4.748421669006348
4,5,187,"Godfather: Part II, The (1974)",4.735281944274902
4,6,483,Casablanca (1942),4.7332940101623535
4,7,64,"Shawshank Redemption, The (1994)",4.731083393096924
4,8,313,Titanic (1997),4.724298477172852
4,9,178,12 Angry Men (1957),4.715493202209473
4,10,1500,Santa with Muscles (1996),4.709922790527344
304,1,318,Schindler's List (1993),4.559508323669434
304,2,483,Casablanca (1942),4.540713787078857
304,3,480,North by Northwest (1959),4.528196334838867
304,4,50,Star Wars (1977),4.5237274169921875
304,5,114,Wallace & Gromit: The Best of Aardman Animation (1996),4.5165510177612305
304,6,174,Raiders of the Lost Ark (1981),4.515267372131348
304,7,64,"Shawshank Redemption, The (1994)",4.511750221252441
304,8,1449,Pather Panchali (1955),4.509748458862305
304,9,408,"Close Shave, A (1995)",4.502193450927734
304,10,187,"Godfather: Part II, The (1974)",4.498805999755859
3,1,1449,Pather Panchali (1955),4.080901622772217
3,2,483,Casablanca (1942),4.056117057800293
3,3,169,"Wrong Trousers, The (1993)",4.05539608001709
3,4,114,Wallace & Gromit: The Best of Aardman Animation (1996),4.037335395812988
3,5,178,12 Angry Men (1957),4.022193908691406
3,6,427,To Kill a Mockingbird (1962),4.020044803619385
3,7,98,"Silence of the Lambs, The (1991)",4.009706974029541
3,8,480,North by Northwest (1959),4.00340461730957
3,9,603,Rear Window (1954),3.9902403354644775
3,10,64,"Shawshank Redemption, The (1994)",3.9783458709716797
227,1,483,Casablanca (1942),4.587075710296631
227,2,64,"Shawshank Redemption, The (1994)",4.434686660766602
227,3,187,"Godfather: Part II, The (1974)",4.412074089050293
227,4,178,12 Angry Men (1957),4.407676696777344
227,5,318,Schindler's List (1993),4.407605171203613
227,6,480,North by Northwest (1959),4.406423568725586
227,7,114,Wallace & Gromit: The Best of Aardman Animation (1996),4.406290054321289
227,8,1449,Pather Panchali (1955),4.399508953094482
227,9,313,Titanic (1997),4.390567779541016
227,10,1500,Santa with Muscles (1996),4.388311386108398
252,1,174,Raiders of the Lost Ark (1981),4.770612716674805
252,2,318,Schindler's List (1993),4.770061492919922
252,3,1449,Pather Panchali (1955),4.769556045532227
252,4,114,Wallace & Gromit: The Best of Aardman Animation (1996),4.752882480621338
252,5,480,North by Northwest (1959),4.737491130828857
252,6,483,Casablanca (1942),4.733338356018066
252,7,313,Titanic (1997),4.72758150100708
252,8,187,"Godfather: Part II, The (1974)",4.722443580627441
252,9,178,12 Angry Men (1957),4.717013835906982
252,10,1500,Santa with Muscles (1996),4.707536697387695
212,1,64,"Shawshank Redemption, The (1994)",4.480161666870117
212,2,408,"Close Shave, A (1995)",4.348763465881348
212,3,114,Wallace & Gromit: The Best of Aardman Animation (1996),4.3347368240356445
212,4,313,Titanic (1997),4.328409194946289
212,5,187,"Godfather: Part II, The (1974)",4.327919006347656
212,6,478,"Philadelphia Story, The (1940)",4.323703765869141
212,7,12,"Usual Suspects, The (1995)",4.321440696716309
212,8,50,Star Wars (1977),4.320371627807617
212,9,483,Casablanca (1942),4.317751884460449
212,10,479,Vertigo (1958),4.311095237731934
310,1,483,Casablanca (1942),4.758441925048828
310,2,114,Wallace & Gromit: The Best of Aardman Animation (1996),4.752236366271973
310,3,174,Raiders of the Lost Ark (1981),4.740362167358398
310,4,313,Titanic (1997),4.7331061363220215
310,5,1449,Pather Panchali (1955),4.732839584350586
310,6,1500,Santa with Muscles (1996),4.731308937072754
310,7,318,Schindler's List (1993),4.729029655456543
310,8,480,North by Northwest (1959),4.725194931030273
310,9,187,"Godfather: Part II, The (1974)",4.711821556091309
310,10,127,"Godfather, The (1972)",4.704939842224121
35,1,64,"Shawshank Redemption, The (1994)",4.385332107543945
35,2,408,"Close Shave, A (1995)",4.2549309730529785
35,3,483,Casablanca (1942),4.236785888671875
35,4,480,North by Northwest (1959),4.232434272766113
35,5,114,Wallace & Gromit: The Best of Aardman Animation (1996),4.223767280578613
35,6,318,Schindler's List (1993),4.198680877685547
35,7,313,Titanic (1997),4.198110580444336
35,8,302,L.A. Confidential (1997),4.197327613830566
35,9,187,"Godfather: Part II, The (1974)",4.194752216339111
35,10,178,12 Angry Men (1957),4.1933698654174805
147,1,483,Casablanca (1942),4.744682788848877
147,2,114,Wallace & Gromit: The Best of Aardman Animation (1996),4.742341041564941
147,3,174,Raiders of the Lost Ark (1981),4.730692386627197
147,4,318,Schindler's List (1993),4.729255199432373
147,5,178,12 Angry Men (1957),4.714512825012207
147,6,1449,Pather Panchali (1955),4.714250564575195
147,7,480,North by Northwest (1959),4.707092761993408
147,8,1500,Santa with Muscles (1996),4.705936908721924
147,9,127,"Godfather, The (1972)",4.688145637512207
147,10,657,"Manchurian Candidate, The (1962)",4.6860432624816895
105,1,483,Casablanca (1942),4.361394882202148
105,2,64,"Shawshank Redemption, The (1994)",4.351044654846191
105,3,50,Star Wars (1977),4.300082206726074
105,4,408,"Close Shave, A (1995)",4.293938636779785
105,5,12,"Usual Suspects, The (1995)",4.287356853485107
105,6,178,12 Angry Men (1957),4.286606788635254
105,7,318,Schindler's List (1993),4.2587385177612305
105,8,127,"Godfather, The (1972)",4.235939025878906
105,9,1449,Pather Panchali (1955),4.2344818115234375
105,10,1500,Santa with Muscles (1996),4.222168445587158
34,1,483,Casablanca (1942),4.745791435241699
34,2,318,Schindler's List (1993),4.708149433135986
34,3,174,Raiders of the Lost Ark (1981),4.706291198730469
34,4,1449,Pather Panchali (1955),4.70068359375
34,5,114,Wallace & Gromit: The Best of Aardman Animation (1996),4.696918487548828
34,6,127,"Godfather, The (1972)",4.680230140686035
34,7,178,12 Angry Men (1957),4.678975582122803
34,8,50,Star Wars (1977),4.674484729766846
34,9,187,"Godfather: Part II, The (1974)",4.674006462097168
34,10,480,North by Northwest (1959),4.669824123382568
71,1,483,Casablanca (1942),4.505112648010254
71,2,114,Wallace & Gromit: The Best of Aardman Animation (1996),4.425660133361816
71,3,1449,Pather Panchali (1955),4.389609336853027
71,4,427,To Kill a Mockingbird (1962),4.3894734382629395
71,5,127,"Godfather, The (1972)",4.378769874572754
71,6,1500,Santa with Muscles (1996),4.377291679382324
71,7,178,12 Angry Men (1957),4.364919185638428
71,8,480,North by Northwest (1959),4.363781929016113
71,9,169,"Wrong Trousers, The (1993)",4.339686393737793
71,10,313,Titanic (1997),4.328249931335449
51,1,318,Schindler's List (1993),4.513102054595947
51,2,174,Raiders of the Lost Ark (1981),4.48604679107666
51,3,1449,Pather Panchali (1955),4.440348148345947
51,4,127,"Godfather, The (1972)",4.392745494842529
51,5,427,To Kill a Mockingbird (1962),4.389524459838867
51,6,178,12 Angry Men (1957),4.384675025939941
51,7,1500,Santa with Muscles (1996),4.382193565368652
51,8,483,Casablanca (1942),4.380627632141113
51,9,187,"Godfather: Part II, The (1974)",4.369326114654541
51,10,169,"Wrong Trousers, The (1993)",4.365546226501465
204,1,483,Casablanca (1942),4.54461669921875
204,2,1500,Santa with Muscles (1996),4.425562858581543
204,3,1449,Pather Panchali (1955),4.412031173706055
204,4,114,Wallace & Gromit: The Best of Aardman Animation (1996),4.390961647033691
204,5,408,"Close Shave, A (1995)",4.388202667236328
204,6,64,"Shawshank Redemption, The (1994)",4.374879837036133
204,7,134,Citizen Kane (1941),4.374086380004883
204,8,480,North by Northwest (1959),4.3681488037109375
204,9,427,To Kill a Mockingbird (1962),4.364701747894287
204,10,169,"Wrong Trousers, The (1993)",4.345807075500488
315,1,174,Raiders of the Lost Ark (1981),4.707525253295898
315,2,1449,Pather Panchali (1955),4.69156551361084
315,3,483,Casablanca (1942),4.665098190307617
315,4,114,Wallace & Gromit: The Best of Aardman Animation (1996),4.664159774780273
315,5,50,Star Wars (1977),4.655874252319336
315,6,1500,Santa with Muscles (1996),4.655786514282227
315,7,64,"Shawshank Redemption, The (1994)",4.638173580169678
315,8,480,North by Northwest (1959),4.6324591636657715
315,9,408,"Close Shave, A (1995)",4.63175106048584
315,10,169,"Wrong Trousers, The (1993)",4.623588562011719
31,1,483,Casablanca (1942),4.539095878601074
31,2,127,"Godfather, The (1972)",4.534560203552246
31,3,1449,Pather Panchali (1955),4.525086402893066
31,4,1500,Santa with Muscles (1996),4.519743919372559
31,5,64,"Shawshank Redemption, The (1994)",4.504302501678467
31,6,114,Wallace & Gromit: The Best of Aardman Animation (1996),4.4951019287109375
31,7,480,North by Northwest (1959),4.493374824523926
31,8,408,"Close Shave, A (1995)",4.487738609313965
31,9,427,To Kill a Mockingbird (1962),4.465418815612793
31,10,313,Titanic (1997),4.462892532348633
316,1,12,"Usual Suspects, The (1995)",4.25022029876709
316,2,1449,Pather Panchali (1955),4.227081298828125
316,3,1500,Santa with Muscles (1996),4.221029281616211
316,4,169,"Wrong Trousers, The (1993)",4.213364601135254
316,5,313,Titanic (1997),4.18497371673584
316,6,178,12 Angry Men (1957),4.158507823944092
316,7,408,"Close Shave, A (1995)",4.125852108001709
316,8,114,Wallace & Gromit: The Best of Aardman Animation (1996),4.109129905700684
316,9,1554,Safe Passage (1994),4.103880882263184
316,10,484,"Maltese Falcon, The (1941)",4.071685791015625
103,1,64,"Shawshank Redemption, The (1994)",4.415142059326172
103,2,12,"Usual Suspects, The (1995)",4.276616096496582
103,3,483,Casablanca (1942),4.2706451416015625
103,4,480,North by Northwest (1959),4.262495040893555
103,5,318,Schindler's List (1993),4.256954193115234
103,6,174,Raiders of the Lost Ark (1981),4.235061168670654
103,7,1449,Pather Panchali (1955),4.233351707458496
103,8,114,Wallace & Gromit: The Best of Aardman Animation (1996),4.230615615844727
103,9,479,Vertigo (1958),4.223958969116211
103,10,1500,Santa with Muscles (1996),4.218345642089844
318,1,483,Casablanca (1942),4.51204776763916
318,2,178,12 Angry Men (1957),4.46585750579834
318,3,114,Wallace & Gromit: The Best of Aardman Animation (1996),4.444812297821045
318,4,1449,Pather Panchali (1955),4.436882972717285
318,5,1500,Santa with Muscles (1996),4.422136306762695
318,6,408,"Close Shave, A (1995)",4.4024763107299805
318,7,313,Titanic (1997),4.3857245445251465
318,8,513,"Third Man, The (1949)",4.3737993240356445
318,9,515,"Boot, Das (1981)",4.372596740722656
318,10,98,"Silence of the Lambs, The (1991)",4.372377395629883
30,1,114,Wallace & Gromit: The Best of Aardman Animation (1996),4.6772966384887695
30,2,1449,Pather Panchali (1955),4.65458869934082
30,3,1500,Santa with Muscles (1996),4.651460647583008
30,4,483,Casablanca (1942),4.647502899169922
30,5,408,"Close Shave, A (1995)",4.63383674621582
30,6,178,12 Angry Men (1957),4.631575584411621
30,7,480,North by Northwest (1959),4.626075267791748
30,8,127,"Godfather, The (1972)",4.622222423553467
30,9,318,Schindler's List (1993),4.615030288696289
30,10,169,"Wrong Trousers, The (1993)",4.611860275268555
120,1,114,Wallace & Gromit: The Best of Aardman Animation (1996),4.544292449951172
120,2,480,North by Northwest (1959),4.541018486022949
120,3,178,12 Angry Men (1957),4.5391130447387695
120,4,483,Casablanca (1942),4.531376838684082
120,5,408,"Close Shave, A (1995)",4.526297569274902
120,6,657,"Manchurian Candidate, The (1962)",4.51875638961792
120,7,1449,Pather Panchali (1955),4.49024772644043
120,8,656,M (1931),4.473815441131592
120,9,513,"Third Man, The (1949)",4.469481468200684
120,10,648,"Quiet Man, The (1952)",4.4522385597229
46,1,483,Casablanca (1942),4.632299423217773
46,2,114,Wallace & Gromit: The Best of Aardman Animation (1996),4.632168292999268
46,3,174,Raiders of the Lost Ark (1981),4.626734256744385
46,4,318,Schindler's List (1993),4.6204328536987305
46,5,480,North by Northwest (1959),4.619035720825195
46,6,178,12 Angry Men (1957),4.615448951721191
46,7,1449,Pather Panchali (1955),4.610201835632324
46,8,1500,Santa with Muscles (1996),4.604671478271484
46,9,64,"Shawshank Redemption, The (1994)",4.5922465324401855
46,10,408,"Close Shave, A (1995)",4.588485240936279
289,1,64,"Shawshank Redemption, The (1994)",4.149730682373047
289,2,483,Casablanca (1942),4.125185966491699
289,3,178,12 Angry Men (1957),4.103456020355225
289,4,1449,Pather Panchali (1955),4.093520641326904
289,5,114,Wallace & Gromit: The Best of Aardman Animation (1996),4.068016052246094
289,6,169,"Wrong Trousers, The (1993)",4.0346269607543945
289,7,50,Star Wars (1977),4.026427745819092
289,8,408,"Close Shave, A (1995)",4.024277687072754
289,9,603,Rear Window (1954),3.999077796936035
289,10,318,Schindler's List (1993),3.99709415435791
209,1,483,Casablanca (1942),4.527374744415283
209,2,1449,Pather Panchali (1955),4.452490329742432
209,3,178,12 Angry Men (1957),4.415350437164307
209,4,114,Wallace & Gromit: The Best of Aardman Animation (1996),4.413827896118164
209,5,1500,Santa with Muscles (1996),4.400909900665283
209,6,480,North by Northwest (1959),4.399641036987305
209,7,427,To Kill a Mockingbird (1962),4.399547576904297
209,8,12,"Usual Suspects, The (1995)",4.392165184020996
209,9,318,Schindler's List (1993),4.37946891784668
209,10,169,"Wrong Trousers, The (1993)",4.372391700744629
261,1,114,Wallace & Gromit: The Best of Aardman Animation (1996),4.771446228027344
261,2,483,Casablanca (1942),4.7693681716918945
261,3,654,Chinatown (1974),4.762261390686035
261,4,1500,Santa with Muscles (1996),4.756634712219238
261,5,313,Titanic (1997),4.748495101928711
261,6,127,"Godfather, The (1972)",4.748378753662109
261,7,408,"Close Shave, A (1995)",4.743074417114258
261,8,656,M (1931),4.742265701293945
261,9,174,Raiders of the Lost Ark (1981),4.73414945602417
261,10,64,"Shawshank Redemption, The (1994)",4.732440948486328
88,1,64,"Shawshank Redemption, The (1994)",4.48062801361084
88,2,480,North by Northwest (1959),4.475010395050049
88,3,408,"Close Shave, A (1995)",4.4671125411987305
88,4,483,Casablanca (1942),4.46159553527832
88,5,656,M (1931),4.457666397094727
88,6,114,Wallace & Gromit: The Best of Aardman Animation (1996),4.453306198120117
88,7,513,"Third Man, The (1949)",4.4259748458862305
88,8,191,Amadeus (1984),4.421936988830566
88,9,127,"Godfather, The (1972)",4.417247295379639
88,10,657,"Manchurian Candidate, The (1962)",4.40595817565918
9,1,114,Wallace & Gromit: The Best of Aardman Animation (1996),4.699101448059082
9,2,127,"Godfather, The (1972)",4.686484336853027
9,3,174,Raiders of the Lost Ark (1981),4.6847333908081055
9,4,1449,Pather Panchali (1955),4.681273937225342
9,5,1500,Santa with Muscles (1996),4.677419185638428
9,6,313,Titanic (1997),4.672908782958984
9,7,64,"Shawshank Redemption, The (1994)",4.668268203735352
9,8,408,"Close Shave, A (1995)",4.666079521179199
9,9,480,North by Northwest (1959),4.662855625152588
9,10,187,"Godfather: Part II, The (1974)",4.6587677001953125
247,1,318,Schindler's List (1993),4.688602924346924
247,2,174,Raiders of the Lost Ark (1981),4.684077739715576
247,3,483,Casablanca (1942),4.652095794677734
247,4,114,Wallace & Gromit: The Best of Aardman Animation (1996),4.640933036804199
247,5,187,"Godfather: Part II, The (1974)",4.640409469604492
247,6,1449,Pather Panchali (1955),4.633175373077393
247,7,313,Titanic (1997),4.6318888664245605
247,8,1500,Santa with Muscles (1996),4.6305036544799805
247,9,178,12 Angry Men (1957),4.630472183227539
247,10,408,"Close Shave, A (1995)",4.629664421081543
321,1,114,Wallace & Gromit: The Best of Aardman Animation (1996),4.164986610412598
321,2,408,"Close Shave, A (1995)",4.164013385772705
321,3,318,Schindler's List (1993),4.148883819580078
321,4,178,12 Angry Men (1957),4.143258571624756
321,5,427,To Kill a Mockingbird (1962),4.1249589920043945
321,6,1449,Pather Panchali (1955),4.10891056060791
321,7,656,M (1931),4.095328330993652
321,8,1500,Santa with Muscles (1996),4.075033664703369
321,9,302,L.A. Confidential (1997),4.068264007568359
321,10,313,Titanic (1997),4.060665130615234
266,1,1449,Pather Panchali (1955),4.595686912536621
266,2,1500,Santa with Muscles (1996),4.586280822753906
266,3,483,Casablanca (1942),4.582488059997559
266,4,114,Wallace & Gromit: The Best of Aardman Animation (1996),4.575677394866943
266,5,127,"Godfather, The (1972)",4.569775104522705
266,6,178,12 Angry Men (1957),4.566286087036133
266,7,480,North by Northwest (1959),4.556888580322266
266,8,408,"Close Shave, A (1995)",4.55103874206543
266,9,134,Citizen Kane (1941),4.547272682189941
266,10,169,"Wrong Trousers, The (1993)",4.536494255065918
74,1,114,Wallace & Gromit: The Best of Aardman Animation (1996),4.457546234130859
74,2,1449,Pather Panchali (1955),4.453289031982422
74,3,480,North by Northwest (1959),4.423888683319092
74,4,178,12 Angry Men (1957),4.41702938079834
74,5,1500,Santa with Muscles (1996),4.413830757141113
74,6,483,Casablanca (1942),4.400200366973877
74,7,174,Raiders of the Lost Ark (1981),4.395153522491455
74,8,169,"Wrong Trousers, The (1993)",4.388617515563965
74,9,408,"Close Shave, A (1995)",4.388553142547607
74,10,98,"Silence of the Lambs, The (1991)",4.384454727172852
238,1,483,Casablanca (1942),4.29738712310791
238,2,64,"Shawshank Redemption, The (1994)",4.255188941955566
238,3,1449,Pather Panchali (1955),4.243208885192871
238,4,480,North by Northwest (1959),4.222775459289551
238,5,114,Wallace & Gromit: The Best of Aardman Animation (1996),4.2147088050842285
238,6,98,"Silence of the Lambs, The (1991)",4.1635284423828125
238,7,169,"Wrong Trousers, The (1993)",4.163313865661621
238,8,357,One Flew Over the Cuckoo's Nest (1975),4.1630730628967285
238,9,408,"Close Shave, A (1995)",4.155949592590332
238,10,1500,Santa with Muscles (1996),4.151876449584961
319,1,64,"Shawshank Redemption, The (1994)",4.5234174728393555
319,2,480,North by Northwest (1959),4.470569610595703
319,3,483,Casablanca (1942),4.454168319702148
319,4,114,Wallace & Gromit: The Best of Aardman Animation (1996),4.441534996032715
319,5,1449,Pather Panchali (1955),4.424673080444336
319,6,178,12 Angry Men (1957),4.410487174987793
319,7,1500,Santa with Muscles (1996),4.378105163574219
319,8,187,"Godfather: Part II, The (1974)",4.374456882476807
319,9,408,"Close Shave, A (1995)",4.357020378112793
319,10,50,Star Wars (1977),4.351519584655762
323,1,114,Wallace & Gromit: The Best of Aardman Animation (1996),4.524847030639648
323,2,1500,Santa with Muscles (1996),4.511303901672363
323,3,483,Casablanca (1942),4.505311965942383
323,4,1449,Pather Panchali (1955),4.502004146575928
323,5,318,Schindler's List (1993),4.4995832443237305
323,6,178,12 Angry Men (1957),4.4806108474731445
323,7,480,North by Northwest (1959),4.475645065307617
323,8,408,"Close Shave, A (1995)",4.4639081954956055
323,9,12,"Usual Suspects, The (1995)",4.463706970214844
323,10,1367,Faust (1994),4.454389572143555
67,1,483,Casablanca (1942),4.674144268035889
67,2,114,Wallace & Gromit: The Best of Aardman Animation (1996),4.589473724365234
67,3,480,North by Northwest (1959),4.57611083984375
67,4,408,"Close Shave, A (1995)",4.551412582397461
67,5,656,M (1931),4.524474143981934
67,6,302,L.A. Confidential (1997),4.51651668548584
67,7,127,"Godfather, The (1972)",4.51582670211792
67,8,1449,Pather Panchali (1955),4.514049530029297
67,9,191,Amadeus (1984),4.506139755249023
67,10,513,"Third Man, The (1949)",4.501949787139893
211,1,408,"Close Shave, A (1995)",4.039215087890625
211,2,313,Titanic (1997),3.9912705421447754
211,3,302,L.A. Confidential (1997),3.959176778793335
211,4,187,"Godfather: Part II, The (1974)",3.9404594898223877
211,5,114,Wallace & Gromit: The Best of Aardman Animation (1996),3.893831491470337
211,6,483,Casablanca (1942),3.865723133087158
211,7,191,Amadeus (1984),3.8620524406433105
211,8,480,North by Northwest (1959),3.8609416484832764
211,9,479,Vertigo (1958),3.8606550693511963
211,10,654,Chinatown (1974),3.8467400074005127
98,1,64,"Shawshank Redemption, The (1994)",4.2595672607421875
98,2,483,Casablanca (1942),4.235848903656006
98,3,427,To Kill a Mockingbird (1962),4.188913345336914
98,4,318,Schindler's List (1993),4.185729503631592
98,5,50,Star Wars (1977),4.160674095153809
98,6,174,Raiders of the Lost Ark (1981),4.153876781463623
98,7,98,"Silence of the Lambs, The (1991)",4.127375602722168
98,8,480,North by Northwest (1959),4.120330333709717
98,9,1500,Santa with Muscles (1996),4.113499641418457
98,10,1449,Pather Panchali (1955),4.112783432006836
12,1,114,Wallace & Gromit: The Best of Aardman Animation (1996),4.778913974761963
12,2,1449,Pather Panchali (1955),4.774827003479004
12,3,187,"Godfather: Part II, The (1974)",4.765275955200195
12,4,313,Titanic (1997),4.756102085113525
12,5,1500,Santa with Muscles (1996),4.750126361846924
12,6,178,12 Angry Men (1957),4.729665756225586
12,7,656,M (1931),4.726531505584717
12,8,478,"Philadelphia Story, The (1940)",4.726161956787109
12,9,64,"Shawshank Redemption, The (1994)",4.725216865539551
12,10,408,"Close Shave, A (1995)",4.719610214233398
40,1,483,Casablanca (1942),4.160170555114746
40,2,64,"Shawshank Redemption, The (1994)",4.151885986328125
40,3,1449,Pather Panchali (1955),4.071573257446289
40,4,657,"Manchurian Candidate, The (1962)",4.037056922912598
40,5,178,12 Angry Men (1957),4.031799793243408
40,6,427,To Kill a Mockingbird (1962),4.0297698974609375
40,7,408,"Close Shave, A (1995)",4.02571964263916
40,8,169,"Wrong Trousers, The (1993)",4.023807525634766
40,9,12,"Usual Suspects, The (1995)",4.023658275604248
40,10,114,Wallace & Gromit: The Best of Aardman Animation (1996),4.021117210388184
258,1,114,Wallace & Gromit: The Best of Aardman Animation (1996),4.49892520904541
258,2,483,Casablanca (1942),4.498573303222656
258,3,1500,Santa with Muscles (1996),4.483614921569824
258,4,127,"Godfather, The (1972)",4.4742431640625
258,5,174,Raiders of the Lost Ark (1981),4.4571380615234375
258,6,1449,Pather Panchali (1955),4.4560160636901855
258,7,50,Star Wars (1977),4.453749656677246
258,8,64,"Shawshank Redemption, The (1994)",4.451897621154785
258,9,178,12 Angry Men (1957),4.442682266235352
258,10,408,"Close Shave, A (1995)",4.414788722991943
228,1,1449,Pather Panchali (1955),4.171745300292969
228,2,178,12 Angry Men (1957),4.169713497161865
228,3,50,Star Wars (1977),4.15385627746582
228,4,483,Casablanca (1942),4.142809867858887
228,5,1500,Santa with Muscles (1996),4.136733055114746
228,6,318,Schindler's List (1993),4.112698078155518
228,7,64,"Shawshank Redemption, The (1994)",4.086813926696777
228,8,480,North by Northwest (1959),4.075990676879883
228,9,127,"Godfather, The (1972)",4.070465087890625
228,10,114,Wallace & Gromit: The Best of Aardman Animation (1996),4.066534519195557
325,1,1449,Pather Panchali (1955),4.210910797119141
325,2,64,"Shawshank Redemption, The (1994)",4.175555229187012
325,3,318,Schindler's List (1993),4.163023471832275
325,4,427,To Kill a Mockingbird (1962),4.146051406860352
325,5,169,"Wrong Trousers, The (1993)",4.142382621765137
325,6,178,12 Angry Men (1957),4.136686325073242
325,7,1500,Santa with Muscles (1996),4.118567943572998
325,8,1367,Faust (1994),4.068230628967285
325,9,515,"Boot, Das (1981)",4.059572219848633
325,10,603,Rear Window (1954),4.058910369873047
320,1,318,Schindler's List (1993),4.696133613586426
320,2,480,North by Northwest (1959),4.678222179412842
320,3,483,Casablanca (1942),4.677018642425537
320,4,1449,Pather Panchali (1955),4.674089431762695
320,5,187,"Godfather: Part II, The (1974)",4.671840667724609
320,6,64,"Shawshank Redemption, The (1994)",4.6583757400512695
320,7,114,Wallace & Gromit: The Best of Aardman Animation (1996),4.648617744445801
320,8,408,"Close Shave, A (1995)",4.646661758422852
320,9,178,12 Angry Men (1957),4.629908561706543
320,10,127,"Godfather, The (1972)",4.629422187805176
326,1,1449,Pather Panchali (1955),4.396395206451416
326,2,114,Wallace & Gromit: The Best of Aardman Animation (1996),4.376642227172852
326,3,1500,Santa with Muscles (1996),4.34659481048584
326,4,169,"Wrong Trousers, The (1993)",4.335206031799316
326,5,408,"Close Shave, A (1995)",4.309815406799316
326,6,357,One Flew Over the Cuckoo's Nest (1975),4.30726432800293
326,7,1367,Faust (1994),4.278570175170898
326,8,313,Titanic (1997),4.276917457580566
326,9,12,"Usual Suspects, The (1995)",4.24444580078125
326,10,661,High Noon (1952),4.211888790130615
327,1,483,Casablanca (1942),4.248796463012695
327,2,427,To Kill a Mockingbird (1962),4.081740856170654
327,3,480,North by Northwest (1959),4.080580234527588
327,4,114,Wallace & Gromit: The Best of Aardman Animation (1996),4.0794267654418945
327,5,1449,Pather Panchali (1955),4.079379081726074
327,6,479,Vertigo (1958),4.072796821594238
327,7,134,Citizen Kane (1941),4.0524678230285645
327,8,223,Sling Blade (1996),4.03713321685791
327,9,1500,Santa with Muscles (1996),4.0343780517578125
327,10,657,"Manchurian Candidate, The (1962)",4.029448986053467
183,1,64,"Shawshank Redemption, The (1994)",4.300627708435059
183,2,114,Wallace & Gromit: The Best of Aardman Animation (1996),4.211586952209473
183,3,480,North by Northwest (1959),4.173480987548828
183,4,318,Schindler's List (1993),4.160466194152832
183,5,12,"Usual Suspects, The (1995)",4.154367923736572
183,6,1449,Pather Panchali (1955),4.151813507080078
183,7,479,Vertigo (1958),4.132379055023193
183,8,657,"Manchurian Candidate, The (1962)",4.13004207611084
183,9,408,"Close Shave, A (1995)",4.125304222106934
183,10,178,12 Angry Men (1957),4.113680362701416
328,1,1449,Pather Panchali (1955),4.3949174880981445
328,2,114,Wallace & Gromit: The Best of Aardman Animation (1996),4.380110740661621
328,3,1500,Santa with Muscles (1996),4.375346660614014
328,4,178,12 Angry Men (1957),4.355931282043457
328,5,169,"Wrong Trousers, The (1993)",4.346621513366699
328,6,408,"Close Shave, A (1995)",4.329931259155273
328,7,174,Raiders of the Lost Ark (1981),4.3257551193237305
328,8,603,Rear Window (1954),4.289355278015137
328,9,1367,Faust (1994),4.259533882141113
328,10,134,Citizen Kane (1941),4.2495036125183105
322,1,114,Wallace & Gromit: The Best of Aardman Animation (1996),4.529726982116699
322,2,174,Raiders of the Lost Ark (1981),4.511615753173828
322,3,408,"Close Shave, A (1995)",4.50284481048584
322,4,1449,Pather Panchali (1955),4.496615886688232
322,5,187,"Godfather: Part II, The (1974)",4.490344047546387
322,6,1500,Santa with Muscles (1996),4.480175971984863
322,7,178,12 Angry Men (1957),4.476478576660156
322,8,480,North by Northwest (1959),4.471138954162598
322,9,657,"Manchurian Candidate, The (1962)",4.453468322753906
322,10,427,To Kill a Mockingbird (1962),4.424394607543945
330,1,480,North by Northwest (1959),4.795377731323242
330,2,483,Casablanca (1942),4.794519901275635
330,3,114,Wallace & Gromit: The Best of Aardman Animation (1996),4.79061222076416
330,4,408,"Close Shave, A (1995)",4.7886552810668945
330,5,178,12 Angry Men (1957),4.775062561035156
330,6,1449,Pather Panchali (1955),4.766435623168945
330,7,199,"Bridge on the River Kwai, The (1957)",4.764225959777832
330,8,127,"Godfather, The (1972)",4.763962268829346
330,9,657,"Manchurian Candidate, The (1962)",4.761160850524902
330,10,656,M (1931),4.7503662109375
27,1,1449,Pather Panchali (1955),4.293591499328613
27,2,64,"Shawshank Redemption, The (1994)",4.279559135437012
27,3,169,"Wrong Trousers, The (1993)",4.25417423248291
27,4,318,Schindler's List (1993),4.247966766357422
27,5,1500,Santa with Muscles (1996),4.235989570617676
27,6,114,Wallace & Gromit: The Best of Aardman Animation (1996),4.2290143966674805
27,7,408,"Close Shave, A (1995)",4.228105068206787
27,8,483,Casablanca (1942),4.227295875549316
27,9,603,Rear Window (1954),4.226083755493164
27,10,178,12 Angry Men (1957),4.216172695159912
331,1,427,To Kill a Mockingbird (1962),4.196236610412598
331,2,483,Casablanca (1942),4.127930164337158
331,3,1449,Pather Panchali (1955),4.125311851501465
331,4,1500,Santa with Muscles (1996),4.115867614746094
331,5,480,North by Northwest (1959),4.114784240722656
331,6,313,Titanic (1997),4.1143293380737305
331,7,98,"Silence of the Lambs, The (1991)",4.091083526611328
331,8,12,"Usual Suspects, The (1995)",4.089819431304932
331,9,169,"Wrong Trousers, The (1993)",4.088104248046875
331,10,50,Star Wars (1977),4.085512161254883
332,1,483,Casablanca (1942),4.774100303649902
332,2,114,Wallace & Gromit: The Best of Aardman Animation (1996),4.769648551940918
332,3,1500,Santa with Muscles (1996),4.757322311401367
332,4,178,12 Angry Men (1957),4.742672920227051
332,5,1449,Pather Panchali (1955),4.739806175231934
332,6,408,"Close Shave, A (1995)",4.735984802246094
332,7,656,M (1931),4.735982418060303
332,8,480,North by Northwest (1959),4.733862400054932
332,9,191,Amadeus (1984),4.730299472808838
332,10,318,Schindler's List (1993),4.726476669311523
329,1,318,Schindler's List (1993),4.365454196929932
329,2,64,"Shawshank Redemption, The (1994)",4.323848247528076
329,3,1449,Pather Panchali (1955),4.316471099853516
329,4,114,Wallace & Gromit: The Best of Aardman Animation (1996),4.298578262329102
329,5,1500,Santa with Muscles (1996),4.291902542114258
329,6,408,"Close Shave, A (1995)",4.283498764038086
329,7,427,To Kill a Mockingbird (1962),4.278653621673584
329,8,178,12 Angry Men (1957),4.256949424743652
329,9,480,North by Northwest (1959),4.209399223327637
329,10,603,Rear Window (1954),4.208967208862305
86,1,50,Star Wars (1977),4.427379131317139
86,2,318,Schindler's List (1993),4.403484344482422
86,3,483,Casablanca (1942),4.403055191040039
86,4,174,Raiders of the Lost Ark (1981),4.402826309204102
86,5,64,"Shawshank Redemption, The (1994)",4.34091854095459
86,6,1449,Pather Panchali (1955),4.3340582847595215
86,7,427,To Kill a Mockingbird (1962),4.326781272888184
86,8,114,Wallace & Gromit: The Best of Aardman Animation (1996),4.326292991638184
86,9,178,12 Angry Men (1957),4.324449062347412
86,10,127,"Godfather, The (1972)",4.323625564575195
139,1,483,Casablanca (1942),4.663783073425293
139,2,480,North by Northwest (1959),4.574243545532227
139,3,114,Wallace & Gromit: The Best of Aardman Animation (1996),4.563704490661621
139,4,1449,Pather Panchali (1955),4.557273864746094
139,5,408,"Close Shave, A (1995)",4.538228988647461
139,6,178,12 Angry Men (1957),4.530282974243164
139,7,1500,Santa with Muscles (1996),4.529727935791016
139,8,64,"Shawshank Redemption, The (1994)",4.5228424072265625
139,9,515,"Boot, Das (1981)",4.505040168762207
139,10,134,Citizen Kane (1941),4.502111434936523
300,1,483,Casablanca (1942),4.562087059020996
300,2,174,Raiders of the Lost Ark (1981),4.538907527923584
300,3,64,"Shawshank Redemption, The (1994)",4.53273344039917
300,4,50,Star Wars (1977),4.5133209228515625
300,5,1449,Pather Panchali (1955),4.499967098236084
300,6,114,Wallace & Gromit: The Best of Aardman Animation (1996),4.48538064956665
300,7,187,"Godfather: Part II, The (1974)",4.483983039855957
300,8,1500,Santa with Muscles (1996),4.472157955169678
300,9,480,North by Northwest (1959),4.4605560302734375
300,10,191,Amadeus (1984),4.450290679931641
163,1,1449,Pather Panchali (1955),4.162405967712402
163,2,427,To Kill a Mockingbird (1962),4.145760536193848
163,3,483,Casablanca (1942),4.133409023284912
163,4,114,Wallace & Gromit: The Best of Aardman Animation (1996),4.103835105895996
163,5,12,"Usual Suspects, The (1995)",4.098854064941406
163,6,178,12 Angry Men (1957),4.089153289794922
163,7,480,North by Northwest (1959),4.081899642944336
163,8,1500,Santa with Muscles (1996),4.062141418457031
163,9,169,"Wrong Trousers, The (1993)",4.048029899597168
163,10,603,Rear Window (1954),4.044586181640625
333,1,64,"Shawshank Redemption, The (1994)",4.493772506713867
333,2,480,North by Northwest (1959),4.4782795906066895
333,3,408,"Close Shave, A (1995)",4.448176383972168
333,4,178,12 Angry Men (1957),4.44376277923584
333,5,114,Wallace & Gromit: The Best of Aardman Animation (1996),4.433618545532227
333,6,187,"Godfather: Part II, The (1974)",4.425069332122803
333,7,656,M (1931),4.418664932250977
333,8,302,L.A. Confidential (1997),4.416229248046875
333,9,657,"Manchurian Candidate, The (1962)",4.405454635620117
333,10,318,Schindler's List (1993),4.405145645141602
334,1,64,"Shawshank Redemption, The (1994)",4.248902797698975
334,2,1449,Pather Panchali (1955),4.227678298950195
334,3,114,Wallace & Gromit: The Best of Aardman Animation (1996),4.217979431152344
334,4,178,12 Angry Men (1957),4.217360496520996
334,5,1500,Santa with Muscles (1996),4.213284492492676
334,6,357,One Flew Over the Cuckoo's Nest (1975),4.186169624328613
334,7,1367,Faust (1994),4.145263671875
334,8,478,"Philadelphia Story, The (1940)",4.13080358505249
334,9,480,North by Northwest (1959),4.107863426208496
334,10,1554,Safe Passage (1994),4.040508270263672
39,1,50,Star Wars (1977),4.312966346740723
39,2,318,Schindler's List (1993),4.287058353424072
39,3,174,Raiders of the Lost Ark (1981),4.269225120544434
39,4,64,"Shawshank Redemption, The (1994)",4.269189834594727
39,5,483,Casablanca (1942),4.212248802185059
39,6,187,"Godfather: Part II, The (1974)",4.18880558013916
39,7,479,Vertigo (1958),4.162712097167969
39,8,408,"Close Shave, A (1995)",4.146923065185547
39,9,12,"Usual Suspects, The (1995)",4.13201904296875
39,10,114,Wallace & Gromit: The Best of Aardman Animation (1996),4.125456809997559
324,1,114,Wallace & Gromit: The Best of Aardman Animation (1996),4.874815940856934
324,2,480,North by Northwest (1959),4.8737993240356445
324,3,174,Raiders of the Lost Ark (1981),4.869481086730957
324,4,187,"Godfather: Part II, The (1974)",4.8540873527526855
324,5,656,M (1931),4.853403091430664
324,6,408,"Close Shave, A (1995)",4.851888656616211
324,7,515,"Boot, Das (1981)",4.849735260009766
324,8,318,Schindler's List (1993),4.849390983581543
324,9,1449,Pather Panchali (1955),4.849106788635254
324,10,313,Titanic (1997),4.847832679748535
132,1,1449,Pather Panchali (1955),4.2595014572143555
132,2,64,"Shawshank Redemption, The (1994)",4.247323989868164
132,3,427,To Kill a Mockingbird (1962),4.24089241027832
132,4,169,"Wrong Trousers, The (1993)",4.2052788734436035
132,5,1500,Santa with Muscles (1996),4.199124336242676
132,6,178,12 Angry Men (1957),4.19351053237915
132,7,98,"Silence of the Lambs, The (1991)",4.186838150024414
132,8,318,Schindler's List (1993),4.177496910095215
132,9,223,Sling Blade (1996),4.1774749755859375
132,10,114,Wallace & Gromit: The Best of Aardman Animation (1996),4.163388252258301
336,1,318,Schindler's List (1993),4.411676406860352
336,2,64,"Shawshank Redemption, The (1994)",4.381948947906494
336,3,483,Casablanca (1942),4.353813171386719
336,4,408,"Close Shave, A (1995)",4.349547386169434
336,5,1449,Pather Panchali (1955),4.336654186248779
336,6,484,"Maltese Falcon, The (1941)",4.297603130340576
336,7,199,"Bridge on the River Kwai, The (1957)",4.293525695800781
336,8,174,Raiders of the Lost Ark (1981),4.283323764801025
336,9,114,Wallace & Gromit: The Best of Aardman Animation (1996),4.282382965087891
336,10,169,"Wrong Trousers, The (1993)",4.269001007080078
335,1,50,Star Wars (1977),4.531595230102539
335,2,114,Wallace & Gromit: The Best of Aardman Animation (1996),4.523802757263184
335,3,318,Schindler's List (1993),4.509241104125977
335,4,174,Raiders of the Lost Ark (1981),4.505353927612305
335,5,64,"Shawshank Redemption, The (1994)",4.503180027008057
335,6,187,"Godfather: Part II, The (1974)",4.474616527557373
335,7,1449,Pather Panchali (1955),4.472470283508301
335,8,480,North by Northwest (1959),4.471676826477051
335,9,178,12 Angry Men (1957),4.464591979980469
335,10,483,Casablanca (1942),4.463675498962402
169,1,318,Schindler's List (1993),4.5042595863342285
169,2,64,"Shawshank Redemption, The (1994)",4.497303009033203
169,3,114,Wallace & Gromit: The Best of Aardman Animation (1996),4.452098846435547
169,4,313,Titanic (1997),4.446115016937256
169,5,187,"Godfather: Part II, The (1974)",4.438137054443359
169,6,1500,Santa with Muscles (1996),4.436295509338379
169,7,1449,Pather Panchali (1955),4.433411121368408
169,8,178,12 Angry Men (1957),4.429042816162109
169,9,478,"Philadelphia Story, The (1940)",4.42450475692749
169,10,357,One Flew Over the Cuckoo's Nest (1975),4.3884687423706055
338,1,515,"Boot, Das (1981)",4.574863433837891
338,2,114,Wallace & Gromit: The Best of Aardman Animation (1996),4.571712493896484
338,3,178,12 Angry Men (1957),4.571678161621094
338,4,657,"Manchurian Candidate, The (1962)",4.570068359375
338,5,127,"Godfather, The (1972)",4.567241668701172
338,6,318,Schindler's List (1993),4.5581512451171875
338,7,656,M (1931),4.552453994750977
338,8,1500,Santa with Muscles (1996),4.526965618133545
338,9,191,Amadeus (1984),4.525684356689453
338,10,1449,Pather Panchali (1955),4.522222518920898
339,1,318,Schindler's List (1993),4.761305809020996
339,2,1449,Pather Panchali (1955),4.752861499786377
339,3,114,Wallace & Gromit: The Best of Aardman Animation (1996),4.741525173187256
339,4,83,Much Ado About Nothing (1993),4.693934440612793
339,5,1500,Santa with Muscles (1996),4.693538665771484
339,6,313,Titanic (1997),4.686121463775635
339,7,1367,Faust (1994),4.6778411865234375
339,8,493,"Thin Man, The (1934)",4.629304885864258
339,9,408,"Close Shave, A (1995)",4.6153388023376465
339,10,316,As Good As It Gets (1997),4.61344575881958
309,1,50,Star Wars (1977),4.449716567993164
309,2,318,Schindler's List (1993),4.443495750427246
309,3,174,Raiders of the Lost Ark (1981),4.438354015350342
309,4,64,"Shawshank Redemption, The (1994)",4.414138317108154
309,5,1449,Pather Panchali (1955),4.3693084716796875
309,6,114,Wallace & Gromit: The Best of Aardman Animation (1996),4.363353252410889
309,7,187,"Godfather: Part II, The (1974)",4.3510026931762695
309,8,483,Casablanca (1942),4.348850250244141
309,9,178,12 Angry Men (1957),4.34863805770874
309,10,427,To Kill a Mockingbird (1962),4.347775459289551
342,1,480,North by Northwest (1959),4.582392692565918
342,2,178,12 Angry Men (1957),4.577126502990723
342,3,127,"Godfather, The (1972)",4.559751510620117
342,4,1500,Santa with Muscles (1996),4.551171779632568
342,5,1449,Pather Panchali (1955),4.5359954833984375
342,6,318,Schindler's List (1993),4.526032447814941
342,7,513,"Third Man, The (1949)",4.512603282928467
342,8,64,"Shawshank Redemption, The (1994)",4.504866600036621
342,9,515,"Boot, Das (1981)",4.502519607543945
342,10,1367,Faust (1994),4.501128673553467
340,1,483,Casablanca (1942),4.713035583496094
340,2,187,"Godfather: Part II, The (1974)",4.643734931945801
340,3,302,L.A. Confidential (1997),4.626650333404541
340,4,656,M (1931),4.620596885681152
340,5,114,Wallace & Gromit: The Best of Aardman Animation (1996),4.612136363983154
340,6,513,"Third Man, The (1949)",4.599260330200195
340,7,272,Good Will Hunting (1997),4.591665267944336
340,8,313,Titanic (1997),4.584163665771484
340,9,127,"Godfather, The (1972)",4.580462455749512
340,10,647,Ran (1985),4.579291820526123
317,1,480,North by Northwest (1959),4.64824104309082
317,2,114,Wallace & Gromit: The Best of Aardman Animation (1996),4.612337112426758
317,3,483,Casablanca (1942),4.592686176300049
317,4,408,"Close Shave, A (1995)",4.580207824707031
317,5,127,"Godfather, The (1972)",4.5762505531311035
317,6,178,12 Angry Men (1957),4.576050758361816
317,7,64,"Shawshank Redemption, The (1994)",4.56854248046875
317,8,657,"Manchurian Candidate, The (1962)",4.556380271911621
317,9,1500,Santa with Muscles (1996),4.552191257476807
317,10,654,Chinatown (1974),4.543700218200684
341,1,483,Casablanca (1942),4.667003631591797
341,2,114,Wallace & Gromit: The Best of Aardman Animation (1996),4.658459663391113
341,3,480,North by Northwest (1959),4.654696464538574
341,4,357,One Flew Over the Cuckoo's Nest (1975),4.622888088226318
341,5,178,12 Angry Men (1957),4.617845058441162
341,6,1500,Santa with Muscles (1996),4.606349945068359
341,7,513,"Third Man, The (1949)",4.591944694519043
341,8,515,"Boot, Das (1981)",4.587650299072266
341,9,199,"Bridge on the River Kwai, The (1957)",4.586245536804199
341,10,657,"Manchurian Candidate, The (1962)",4.585765838623047
343,1,114,Wallace & Gromit: The Best of Aardman Animation (1996),4.653982162475586
343,2,1449,Pather Panchali (1955),4.616487503051758
343,3,178,12 Angry Men (1957),4.593192100524902
343,4,313,Titanic (1997),4.58461332321167
343,5,1500,Santa with Muscles (1996),4.559909820556641
343,6,603,Rear Window (1954),4.542438507080078
343,7,480,North by Northwest (1959),4.526622772216797
343,8,1367,Faust (1994),4.520094871520996
343,9,479,Vertigo (1958),4.494993209838867
343,10,484,"Maltese Falcon, The (1941)",4.4756293296813965
344,1,483,Casablanca (1942),4.561732292175293
344,2,1500,Santa with Muscles (1996),4.533731937408447
344,3,178,12 Angry Men (1957),4.530348777770996
344,4,1449,Pather Panchali (1955),4.528896331787109
344,5,114,Wallace & Gromit: The Best of Aardman Animation (1996),4.524587154388428
344,6,318,Schindler's List (1993),4.520369052886963
344,7,480,North by Northwest (1959),4.5198564529418945
344,8,427,To Kill a Mockingbird (1962),4.480508804321289
344,9,603,Rear Window (1954),4.47840690612793
344,10,1367,Faust (1994),4.477960586547852
345,1,114,Wallace & Gromit: The Best of Aardman Animation (1996),4.687808036804199
345,2,1449,Pather Panchali (1955),4.679478645324707
345,3,178,12 Angry Men (1957),4.67514705657959
345,4,480,North by Northwest (1959),4.6750640869140625
345,5,1500,Santa with Muscles (1996),4.671534538269043
345,6,483,Casablanca (1942),4.650561809539795
345,7,657,"Manchurian Candidate, The (1962)",4.645344257354736
345,8,169,"Wrong Trousers, The (1993)",4.640045642852783
345,9,408,"Close Shave, A (1995)",4.638885498046875
345,10,515,"Boot, Das (1981)",4.629024505615234
346,1,313,Titanic (1997),4.319230079650879
346,2,114,Wallace & Gromit: The Best of Aardman Animation (1996),4.319053649902344
346,3,483,Casablanca (1942),4.302790641784668
346,4,1500,Santa with Muscles (1996),4.288882255554199
346,5,1449,Pather Panchali (1955),4.27977180480957
346,6,408,"Close Shave, A (1995)",4.263080596923828
346,7,427,To Kill a Mockingbird (1962),4.244183540344238
346,8,357,One Flew Over the Cuckoo's Nest (1975),4.241779804229736
346,9,178,12 Angry Men (1957),4.228217124938965
346,10,479,Vertigo (1958),4.226452827453613
347,1,483,Casablanca (1942),4.490879535675049
347,2,114,Wallace & Gromit: The Best of Aardman Animation (1996),4.484638690948486
347,3,408,"Close Shave, A (1995)",4.455073356628418
347,4,1500,Santa with Muscles (1996),4.4543914794921875
347,5,313,Titanic (1997),4.4480133056640625
347,6,1449,Pather Panchali (1955),4.42649507522583
347,7,178,12 Angry Men (1957),4.425593376159668
347,8,480,North by Northwest (1959),4.40727424621582
347,9,64,"Shawshank Redemption, The (1994)",4.407011032104492
347,10,656,M (1931),4.383060932159424
273,1,483,Casablanca (1942),4.3653950691223145
273,2,427,To Kill a Mockingbird (1962),4.315857887268066
273,3,1449,Pather Panchali (1955),4.3051862716674805
273,4,64,"Shawshank Redemption, The (1994)",4.302852630615234
273,5,169,"Wrong Trousers, The (1993)",4.284914493560791
273,6,479,Vertigo (1958),4.284599304199219
273,7,1500,Santa with Muscles (1996),4.282118320465088
273,8,50,Star Wars (1977),4.273507118225098
273,9,178,12 Angry Men (1957),4.242084503173828
273,10,12,"Usual Suspects, The (1995)",4.241205215454102
55,1,64,"Shawshank Redemption, The (1994)",4.494576930999756
55,2,318,Schindler's List (1993),4.49308967590332
55,3,483,Casablanca (1942),4.483894348144531
55,4,1449,Pather Panchali (1955),4.483268737792969
55,5,114,Wallace & Gromit: The Best of Aardman Animation (1996),4.47340202331543
55,6,480,North by Northwest (1959),4.460567474365234
55,7,1500,Santa with Muscles (1996),4.4481048583984375
55,8,408,"Close Shave, A (1995)",4.428557872772217
55,9,127,"Godfather, The (1972)",4.428044319152832
55,10,178,12 Angry Men (1957),4.413061141967773
349,1,318,Schindler's List (1993),4.504207611083984
349,2,1449,Pather Panchali (1955),4.479666709899902
349,3,50,Star Wars (1977),4.445944786071777
349,4,427,To Kill a Mockingbird (1962),4.438748359680176
349,5,174,Raiders of the Lost Ark (1981),4.426061630249023
349,6,98,"Silence of the Lambs, The (1991)",4.421740531921387
349,7,483,Casablanca (1942),4.413482666015625
349,8,114,Wallace & Gromit: The Best of Aardman Animation (1996),4.402224063873291
349,9,1500,Santa with Muscles (1996),4.398190498352051
349,10,64,"Shawshank Redemption, The (1994)",4.380145072937012
348,1,174,Raiders of the Lost Ark (1981),4.717508316040039
348,2,114,Wallace & Gromit: The Best of Aardman Animation (1996),4.712983131408691
348,3,64,"Shawshank Redemption, The (1994)",4.710418224334717
348,4,483,Casablanca (1942),4.700204849243164
348,5,50,Star Wars (1977),4.6998701095581055
348,6,187,"Godfather: Part II, The (1974)",4.695514678955078
348,7,1449,Pather Panchali (1955),4.685343265533447
348,8,480,North by Northwest (1959),4.683478355407715
348,9,318,Schindler's List (1993),4.67496395111084
348,10,1500,Santa with Muscles (1996),4.673622131347656
354,1,64,"Shawshank Redemption, The (1994)",4.338820934295654
354,2,408,"Close Shave, A (1995)",4.242340087890625
354,3,1449,Pather Panchali (1955),4.190558910369873
354,4,187,"Godfather: Part II, The (1974)",4.18625545501709
354,5,114,Wallace & Gromit: The Best of Aardman Animation (1996),4.185439586639404
354,6,427,To Kill a Mockingbird (1962),4.1826324462890625
354,7,178,12 Angry Men (1957),4.150263786315918
354,8,12,"Usual Suspects, The (1995)",4.14068603515625
354,9,1500,Santa with Muscles (1996),4.128676414489746
354,10,302,L.A. Confidential (1997),4.125020503997803
351,1,64,"Shawshank Redemption, The (1994)",4.738963603973389
351,2,187,"Godfather: Part II, The (1974)",4.725584983825684
351,3,174,Raiders of the Lost Ark (1981),4.711762428283691
351,4,114,Wallace & Gromit: The Best of Aardman Animation (1996),4.706094741821289
351,5,302,L.A. Confidential (1997),4.704242706298828
351,6,408,"Close Shave, A (1995)",4.702967643737793
351,7,480,North by Northwest (1959),4.692558765411377
351,8,483,Casablanca (1942),4.69234561920166
351,9,654,Chinatown (1974),4.680336952209473
351,10,656,M (1931),4.678772449493408
358,1,64,"Shawshank Redemption, The (1994)",4.309296131134033
358,2,483,Casablanca (1942),4.206521987915039
358,3,187,"Godfather: Part II, The (1974)",4.198838233947754
358,4,272,Good Will Hunting (1997),4.160760879516602
358,5,302,L.A. Confidential (1997),4.152013778686523
358,6,408,"Close Shave, A (1995)",4.141587734222412
358,7,313,Titanic (1997),4.118527889251709
358,8,134,Citizen Kane (1941),4.107802391052246
358,9,173,"Princess Bride, The (1987)",4.103143692016602
358,10,316,As Good As It Gets (1997),4.078898906707764
352,1,114,Wallace & Gromit: The Best of Aardman Animation (1996),4.353639602661133
352,2,1449,Pather Panchali (1955),4.326385498046875
352,3,1500,Santa with Muscles (1996),4.292419910430908
352,4,178,12 Angry Men (1957),4.290119171142578
352,5,318,Schindler's List (1993),4.284388542175293
352,6,64,"Shawshank Redemption, The (1994)",4.277087688446045
352,7,169,"Wrong Trousers, The (1993)",4.264528751373291
352,8,483,Casablanca (1942),4.249993324279785
352,9,357,One Flew Over the Cuckoo's Nest (1975),4.236318111419678
352,10,427,To Kill a Mockingbird (1962),4.234013557434082
360,1,114,Wallace & Gromit: The Best of Aardman Animation (1996),4.589066505432129
360,2,1449,Pather Panchali (1955),4.571533203125
360,3,1500,Santa with Muscles (1996),4.553985118865967
360,4,178,12 Angry Men (1957),4.552247047424316
360,5,480,North by Northwest (1959),4.543534278869629
360,6,318,Schindler's List (1993),4.532869338989258
360,7,408,"Close Shave, A (1995)",4.521915435791016
360,8,169,"Wrong Trousers, The (1993)",4.5069780349731445
360,9,427,To Kill a Mockingbird (1962),4.504955291748047
360,10,603,Rear Window (1954),4.5029730796813965
363,1,64,"Shawshank Redemption, The (1994)",4.122971534729004
363,2,483,Casablanca (1942),4.105709075927734
363,3,178,12 Angry Men (1957),4.0983734130859375
363,4,318,Schindler's List (1993),4.089388370513916
363,5,427,To Kill a Mockingbird (1962),4.083302974700928
363,6,1500,Santa with Muscles (1996),4.067898750305176
363,7,480,North by Northwest (1959),4.058367729187012
363,8,1449,Pather Panchali (1955),3.9893136024475098
363,9,484,"Maltese Falcon, The (1941)",3.9583256244659424
363,10,513,"Third Man, The (1949)",3.923826217651367
355,1,483,Casablanca (1942),4.739625930786133
355,2,480,North by Northwest (1959),4.67917537689209
355,3,64,"Shawshank Redemption, The (1994)",4.674248218536377
355,4,114,Wallace & Gromit: The Best of Aardman Animation (1996),4.654116630554199
355,5,656,M (1931),4.612909317016602
355,6,513,"Third Man, The (1949)",4.6111650466918945
355,7,174,Raiders of the Lost Ark (1981),4.608192443847656
355,8,478,"Philadelphia Story, The (1940)",4.606410026550293
355,9,178,12 Angry Men (1957),4.598657608032227
355,10,187,"Godfather: Part II, The (1974)",4.597477436065674
362,1,483,Casablanca (1942),4.587686061859131
362,2,178,12 Angry Men (1957),4.432700157165527
362,3,1449,Pather Panchali (1955),4.421553611755371
362,4,127,"Godfather, The (1972)",4.4198102951049805
362,5,1500,Santa with Muscles (1996),4.413902759552002
362,6,318,Schindler's List (1993),4.41330623626709
362,7,64,"Shawshank Redemption, The (1994)",4.406696319580078
362,8,12,"Usual Suspects, The (1995)",4.405394554138184
362,9,114,Wallace & Gromit: The Best of Aardman Animation (1996),4.400482177734375
362,10,427,To Kill a Mockingbird (1962),4.378921985626221
357,1,187,"Godfather: Part II, The (1974)",4.752746105194092
357,2,174,Raiders of the Lost Ark (1981),4.74398946762085
357,3,64,"Shawshank Redemption, The (1994)",4.738503456115723
357,4,318,Schindler's List (1993),4.721104621887207
357,5,483,Casablanca (1942),4.718438148498535
357,6,114,Wallace & Gromit: The Best of Aardman Animation (1996),4.699889659881592
357,7,1449,Pather Panchali (1955),4.692774772644043
357,8,50,Star Wars (1977),4.690103530883789
357,9,285,Secrets & Lies (1996),4.6613969802856445
357,10,313,Titanic (1997),4.654985427856445
356,1,114,Wallace & Gromit: The Best of Aardman Animation (1996),4.664952278137207
356,2,178,12 Angry Men (1957),4.661612510681152
356,3,480,North by Northwest (1959),4.659320831298828
356,4,483,Casablanca (1942),4.647357940673828
356,5,408,"Close Shave, A (1995)",4.64727783203125
356,6,1500,Santa with Muscles (1996),4.647178649902344
356,7,657,"Manchurian Candidate, The (1962)",4.640133380889893
356,8,1449,Pather Panchali (1955),4.616131782531738
356,9,318,Schindler's List (1993),4.600881576538086
356,10,515,"Boot, Das (1981)",4.599300384521484
361,1,318,Schindler's List (1993),4.605661392211914
361,2,483,Casablanca (1942),4.55268669128418
361,3,174,Raiders of the Lost Ark (1981),4.545646667480469
361,4,127,"Godfather, The (1972)",4.542801856994629
361,5,114,Wallace & Gromit: The Best of Aardman Animation (1996),4.524415969848633
361,6,1449,Pather Panchali (1955),4.516935348510742
361,7,1500,Santa with Muscles (1996),4.513051986694336
361,8,313,Titanic (1997),4.508767127990723
361,9,408,"Close Shave, A (1995)",4.502427577972412
361,10,187,"Godfather: Part II, The (1974)",4.484557151794434
365,1,64,"Shawshank Redemption, The (1994)",4.3394975662231445
365,2,318,Schindler's List (1993),4.3151092529296875
365,3,114,Wallace & Gromit: The Best of Aardman Animation (1996),4.30585241317749
365,4,408,"Close Shave, A (1995)",4.300314426422119
365,5,1449,Pather Panchali (1955),4.298981189727783
365,6,483,Casablanca (1942),4.286140441894531
365,7,98,"Silence of the Lambs, The (1991)",4.271402835845947
365,8,1500,Santa with Muscles (1996),4.253023147583008
365,9,603,Rear Window (1954),4.249512672424316
365,10,178,12 Angry Men (1957),4.246516704559326
350,1,64,"Shawshank Redemption, The (1994)",4.582732200622559
350,2,114,Wallace & Gromit: The Best of Aardman Animation (1996),4.54949951171875
350,3,313,Titanic (1997),4.5233659744262695
350,4,318,Schindler's List (1993),4.521553993225098
350,5,12,"Usual Suspects, The (1995)",4.5150299072265625
350,6,1449,Pather Panchali (1955),4.51104736328125
350,7,178,12 Angry Men (1957),4.5110063552856445
350,8,1500,Santa with Muscles (1996),4.503349304199219
350,9,302,L.A. Confidential (1997),4.463371276855469
350,10,199,"Bridge on the River Kwai, The (1957)",4.463037490844727
367,1,174,Raiders of the Lost Ark (1981),4.882540702819824
367,2,1449,Pather Panchali (1955),4.870761871337891
367,3,114,Wallace & Gromit: The Best of Aardman Animation (1996),4.86946964263916
367,4,187,"Godfather: Part II, The (1974)",4.868011474609375
367,5,318,Schindler's List (1993),4.85976505279541
367,6,313,Titanic (1997),4.854992866516113
367,7,1500,Santa with Muscles (1996),4.8443708419799805
367,8,483,Casablanca (1942),4.837663650512695
367,9,478,"Philadelphia Story, The (1940)",4.834781646728516
367,10,178,12 Angry Men (1957),4.829648017883301
368,1,483,Casablanca (1942),4.357706069946289
368,2,1449,Pather Panchali (1955),4.190069198608398
368,3,134,Citizen Kane (1941),4.188197135925293
368,4,427,To Kill a Mockingbird (1962),4.151195526123047
368,5,64,"Shawshank Redemption, The (1994)",4.14303731918335
368,6,1500,Santa with Muscles (1996),4.13263463973999
368,7,318,Schindler's List (1993),4.120450973510742
368,8,480,North by Northwest (1959),4.110870838165283
368,9,178,12 Angry Men (1957),4.110197067260742
368,10,408,"Close Shave, A (1995)",4.094986915588379
371,1,114,Wallace & Gromit: The Best of Aardman Animation (1996),4.607621192932129
371,2,480,North by Northwest (1959),4.589221000671387
371,3,408,"Close Shave, A (1995)",4.583705902099609
371,4,178,12 Angry Men (1957),4.562849998474121
371,5,483,Casablanca (1942),4.560421943664551
371,6,656,M (1931),4.554877281188965
371,7,313,Titanic (1997),4.5488786697387695
371,8,1500,Santa with Muscles (1996),4.5447998046875
371,9,1449,Pather Panchali (1955),4.536339282989502
371,10,191,Amadeus (1984),4.532010078430176
373,1,483,Casablanca (1942),4.575982093811035
373,2,1449,Pather Panchali (1955),4.482696056365967
373,3,1500,Santa with Muscles (1996),4.423846244812012
373,4,98,"Silence of the Lambs, The (1991)",4.4207611083984375
373,5,223,Sling Blade (1996),4.3870849609375
373,6,313,Titanic (1997),4.363654136657715
373,7,479,Vertigo (1958),4.359335422515869
373,8,484,"Maltese Falcon, The (1941)",4.358855724334717
373,9,316,As Good As It Gets (1997),4.352458477020264
373,10,199,"Bridge on the River Kwai, The (1957)",4.346238136291504
370,1,318,Schindler's List (1993),4.375377655029297
370,2,1449,Pather Panchali (1955),4.323411464691162
370,3,483,Casablanca (1942),4.305035591125488
370,4,1500,Santa with Muscles (1996),4.296756744384766
370,5,178,12 Angry Men (1957),4.286407470703125
370,6,169,"Wrong Trousers, The (1993)",4.281231880187988
370,7,408,"Close Shave, A (1995)",4.279987335205078
370,8,187,"Godfather: Part II, The (1974)",4.22782039642334
370,9,1367,Faust (1994),4.2273335456848145
370,10,223,Sling Blade (1996),4.20237398147583
374,1,114,Wallace & Gromit: The Best of Aardman Animation (1996),4.53167724609375
374,2,480,North by Northwest (1959),4.517486572265625
374,3,1449,Pather Panchali (1955),4.512349605560303
374,4,178,12 Angry Men (1957),4.507106781005859
374,5,657,"Manchurian Candidate, The (1962)",4.496272087097168
374,6,515,"Boot, Das (1981)",4.492549896240234
374,7,408,"Close Shave, A (1995)",4.486350059509277
374,8,656,M (1931),4.4736151695251465
374,9,603,Rear Window (1954),4.4727325439453125
374,10,313,Titanic (1997),4.470454216003418
372,1,114,Wallace & Gromit: The Best of Aardman Animation (1996),4.843681335449219
372,2,483,Casablanca (1942),4.831564903259277
372,3,480,North by Northwest (1959),4.830434799194336
372,4,313,Titanic (1997),4.823847770690918
372,5,127,"Godfather, The (1972)",4.820352554321289
372,6,1500,Santa with Muscles (1996),4.819217681884766
372,7,174,Raiders of the Lost Ark (1981),4.8190999031066895
372,8,1449,Pather Panchali (1955),4.815566539764404
372,9,187,"Godfather: Part II, The (1974)",4.803004264831543
372,10,169,"Wrong Trousers, The (1993)",4.802068710327148
337,1,174,Raiders of the Lost Ark (1981),4.79597282409668
337,2,1449,Pather Panchali (1955),4.7951459884643555
337,3,318,Schindler's List (1993),4.79478645324707
337,4,114,Wallace & Gromit: The Best of Aardman Animation (1996),4.785163879394531
337,5,483,Casablanca (1942),4.774563789367676
337,6,187,"Godfather: Part II, The (1974)",4.769732475280762
337,7,313,Titanic (1997),4.760142803192139
337,8,178,12 Angry Men (1957),4.760053634643555
337,9,480,North by Northwest (1959),4.748388290405273
337,10,1500,Santa with Muscles (1996),4.741643905639648
378,1,114,Wallace & Gromit: The Best of Aardman Animation (1996),4.462033748626709
378,2,1449,Pather Panchali (1955),4.453612804412842
378,3,408,"Close Shave, A (1995)",4.43459415435791
378,4,483,Casablanca (1942),4.431087970733643
378,5,1500,Santa with Muscles (1996),4.430258750915527
378,6,427,To Kill a Mockingbird (1962),4.404471397399902
378,7,169,"Wrong Trousers, The (1993)",4.37608528137207
378,8,480,North by Northwest (1959),4.361354827880859
378,9,178,12 Angry Men (1957),4.359635353088379
378,10,134,Citizen Kane (1941),4.352402210235596
366,1,114,Wallace & Gromit: The Best of Aardman Animation (1996),4.792640686035156
366,2,480,North by Northwest (1959),4.786495685577393
366,3,483,Casablanca (1942),4.771697521209717
366,4,515,"Boot, Das (1981)",4.769503116607666
366,5,408,"Close Shave, A (1995)",4.768370628356934
366,6,657,"Manchurian Candidate, The (1962)",4.767963409423828
366,7,178,12 Angry Men (1957),4.766574859619141
366,8,654,Chinatown (1974),4.759763240814209
366,9,127,"Godfather, The (1972)",4.757610321044922
366,10,1500,Santa with Muscles (1996),4.756218910217285
377,1,174,Raiders of the Lost Ark (1981),4.5442705154418945
377,2,64,"Shawshank Redemption, The (1994)",4.543241500854492
377,3,318,Schindler's List (1993),4.535518646240234
377,4,50,Star Wars (1977),4.513057231903076
377,5,187,"Godfather: Part II, The (1974)",4.491293907165527
377,6,483,Casablanca (1942),4.490312576293945
377,7,114,Wallace & Gromit: The Best of Aardman Animation (1996),4.478612899780273
377,8,1449,Pather Panchali (1955),4.457716941833496
377,9,480,North by Northwest (1959),4.441967964172363
377,10,178,12 Angry Men (1957),4.440845489501953
375,1,318,Schindler's List (1993),4.491265296936035
375,2,64,"Shawshank Redemption, The (1994)",4.489745140075684
375,3,50,Star Wars (1977),4.478769779205322
375,4,174,Raiders of the Lost Ark (1981),4.4430036544799805
375,5,483,Casablanca (1942),4.436013221740723
375,6,187,"Godfather: Part II, The (1974)",4.425467491149902
375,7,178,12 Angry Men (1957),4.421238422393799
375,8,127,"Godfather, The (1972)",4.410010814666748
375,9,657,"Manchurian Candidate, The (1962)",4.390521049499512
375,10,408,"Close Shave, A (1995)",4.387297630310059
359,1,187,"Godfather: Part II, The (1974)",4.709388732910156
359,2,483,Casablanca (1942),4.699496746063232
359,3,174,Raiders of the Lost Ark (1981),4.694461345672607
359,4,64,"Shawshank Redemption, The (1994)",4.679141998291016
359,5,114,Wallace & Gromit: The Best of Aardman Animation (1996),4.671357154846191
359,6,127,"Godfather, The (1972)",4.670787811279297
359,7,318,Schindler's List (1993),4.667245864868164
359,8,1449,Pather Panchali (1955),4.650157928466797
359,9,1500,Santa with Muscles (1996),4.647593975067139
359,10,178,12 Angry Men (1957),4.63962984085083
379,1,1449,Pather Panchali (1955),4.705381393432617
379,2,318,Schindler's List (1993),4.687747955322266
379,3,114,Wallace & Gromit: The Best of Aardman Animation (1996),4.680576324462891
379,4,483,Casablanca (1942),4.66701602935791
379,5,1500,Santa with Muscles (1996),4.658188819885254
379,6,408,"Close Shave, A (1995)",4.647325038909912
379,7,134,Citizen Kane (1941),4.631445407867432
379,8,313,Titanic (1997),4.616909027099609
379,9,1367,Faust (1994),4.609572410583496
379,10,169,"Wrong Trousers, The (1993)",4.609490394592285
380,1,1500,Santa with Muscles (1996),4.032244682312012
380,2,603,Rear Window (1954),3.997631072998047
380,3,169,"Wrong Trousers, The (1993)",3.992091417312622
380,4,178,12 Angry Men (1957),3.9566714763641357
380,5,408,"Close Shave, A (1995)",3.9332215785980225
380,6,484,"Maltese Falcon, The (1941)",3.9298460483551025
380,7,1367,Faust (1994),3.9023468494415283
380,8,124,Lone Star (1996),3.893545150756836
380,9,127,"Godfather, The (1972)",3.8702027797698975
380,10,173,"Princess Bride, The (1987)",3.8298909664154053
381,1,174,Raiders of the Lost Ark (1981),4.626058578491211
381,2,64,"Shawshank Redemption, The (1994)",4.60338830947876
381,3,1449,Pather Panchali (1955),4.598339080810547
381,4,187,"Godfather: Part II, The (1974)",4.594074249267578
381,5,114,Wallace & Gromit: The Best of Aardman Animation (1996),4.563126087188721
381,6,408,"Close Shave, A (1995)",4.538077354431152
381,7,1500,Santa with Muscles (1996),4.536225318908691
381,8,127,"Godfather, The (1972)",4.535666465759277
381,9,12,"Usual Suspects, The (1995)",4.530542373657227
381,10,478,"Philadelphia Story, The (1940)",4.526670932769775
385,1,178,12 Angry Men (1957),4.2272844314575195
385,2,1500,Santa with Muscles (1996),4.199057579040527
385,3,64,"Shawshank Redemption, The (1994)",4.103277206420898
385,4,313,Titanic (1997),4.0794291496276855
385,5,1169,Fresh (1994),4.0397114753723145
385,6,83,Much Ado About Nothing (1993),4.036849021911621
385,7,1529,Underground (1995),4.020297527313232
385,8,513,"Third Man, The (1949)",4.018061637878418
385,9,868,Hearts and Minds (1996),4.013884544372559
385,10,223,Sling Blade (1996),3.9975931644439697
382,1,313,Titanic (1997),3.864349365234375
382,2,169,"Wrong Trousers, The (1993)",3.8598265647888184
382,3,479,Vertigo (1958),3.8460452556610107
382,4,483,Casablanca (1942),3.8323562145233154
382,5,64,"Shawshank Redemption, The (1994)",3.8291471004486084
382,6,318,Schindler's List (1993),3.8192074298858643
382,7,709,Strictly Ballroom (1992),3.814173698425293
382,8,89,Blade Runner (1982),3.785067558288574
382,9,223,Sling Blade (1996),3.778977394104004
382,10,1500,Santa with Muscles (1996),3.759679079055786
387,1,480,North by Northwest (1959),4.297066688537598
387,2,483,Casablanca (1942),4.2880401611328125
387,3,1449,Pather Panchali (1955),4.263280391693115
387,4,1500,Santa with Muscles (1996),4.213680267333984
387,5,657,"Manchurian Candidate, The (1962)",4.2091474533081055
387,6,427,To Kill a Mockingbird (1962),4.178797721862793
387,7,656,M (1931),4.168700695037842
387,8,479,Vertigo (1958),4.1584906578063965
387,9,134,Citizen Kane (1941),4.157670974731445
387,10,1367,Faust (1994),4.154860973358154
364,1,483,Casablanca (1942),4.644474983215332
364,2,64,"Shawshank Redemption, The (1994)",4.581419944763184
364,3,174,Raiders of the Lost Ark (1981),4.550145149230957
364,4,187,"Godfather: Part II, The (1974)",4.536242485046387
364,5,114,Wallace & Gromit: The Best of Aardman Animation (1996),4.508999824523926
364,6,50,Star Wars (1977),4.486572265625
364,7,318,Schindler's List (1993),4.470873832702637
364,8,478,"Philadelphia Story, The (1940)",4.470614433288574
364,9,480,North by Northwest (1959),4.467323303222656
364,10,316,As Good As It Gets (1997),4.464058876037598
369,1,318,Schindler's List (1993),4.665919303894043
369,2,187,"Godfather: Part II, The (1974)",4.646821975708008
369,3,64,"Shawshank Redemption, The (1994)",4.642898082733154
369,4,174,Raiders of the Lost Ark (1981),4.6397881507873535
369,5,480,North by Northwest (1959),4.592432975769043
369,6,1449,Pather Panchali (1955),4.583245277404785
369,7,657,"Manchurian Candidate, The (1962)",4.578838348388672
369,8,127,"Godfather, The (1972)",4.576738357543945
369,9,483,Casablanca (1942),4.570674896240234
369,10,178,12 Angry Men (1957),4.56965446472168
388,1,174,Raiders of the Lost Ark (1981),4.715753078460693
388,2,50,Star Wars (1977),4.695464134216309
388,3,483,Casablanca (1942),4.689236640930176
388,4,187,"Godfather: Part II, The (1974)",4.686010360717773
388,5,64,"Shawshank Redemption, The (1994)",4.671536445617676
388,6,1449,Pather Panchali (1955),4.666325569152832
388,7,114,Wallace & Gromit: The Best of Aardman Animation (1996),4.662635326385498
388,8,318,Schindler's List (1993),4.662450790405273
388,9,127,"Godfather, The (1972)",4.635349273681641
388,10,1500,Santa with Muscles (1996),4.626276969909668
386,1,174,Raiders of the Lost Ark (1981),4.518222808837891
386,2,318,Schindler's List (1993),4.477468490600586
386,3,187,"Godfather: Part II, The (1974)",4.474385738372803
386,4,64,"Shawshank Redemption, The (1994)",4.465362071990967
386,5,483,Casablanca (1942),4.447230815887451
386,6,1449,Pather Panchali (1955),4.401309967041016
386,7,313,Titanic (1997),4.385153770446777
386,8,114,Wallace & Gromit: The Best of Aardman Animation (1996),4.3768310546875
386,9,427,To Kill a Mockingbird (1962),4.374178886413574
386,10,479,Vertigo (1958),4.363334655761719
389,1,318,Schindler's List (1993),4.707953929901123
389,2,1449,Pather Panchali (1955),4.632977485656738
389,3,114,Wallace & Gromit: The Best of Aardman Animation (1996),4.616824150085449
389,4,313,Titanic (1997),4.603288650512695
389,5,12,"Usual Suspects, The (1995)",4.599257469177246
389,6,408,"Close Shave, A (1995)",4.591572284698486
389,7,223,Sling Blade (1996),4.573163032531738
389,8,1500,Santa with Muscles (1996),4.57196044921875
389,9,357,One Flew Over the Cuckoo's Nest (1975),4.560589790344238
389,10,1367,Faust (1994),4.549312591552734
383,1,114,Wallace & Gromit: The Best of Aardman Animation (1996),4.75230073928833
383,2,127,"Godfather, The (1972)",4.735935211181641
383,3,408,"Close Shave, A (1995)",4.734463691711426
383,4,1500,Santa with Muscles (1996),4.7170233726501465
383,5,656,M (1931),4.705229759216309
383,6,191,Amadeus (1984),4.699926376342773
383,7,1449,Pather Panchali (1955),4.693519592285156
383,8,178,12 Angry Men (1957),4.689104080200195
383,9,515,"Boot, Das (1981)",4.665380954742432
383,10,169,"Wrong Trousers, The (1993)",4.660712242126465
390,1,64,"Shawshank Redemption, The (1994)",4.4738030433654785
390,2,483,Casablanca (1942),4.4148125648498535
390,3,174,Raiders of the Lost Ark (1981),4.405844688415527
390,4,318,Schindler's List (1993),4.3756866455078125
390,5,427,To Kill a Mockingbird (1962),4.362296104431152
390,6,12,"Usual Suspects, The (1995)",4.3556060791015625
390,7,480,North by Northwest (1959),4.354804992675781
390,8,178,12 Angry Men (1957),4.352838516235352
390,9,50,Star Wars (1977),4.343770980834961
390,10,313,Titanic (1997),4.335680961608887
393,1,174,Raiders of the Lost Ark (1981),3.887986183166504
393,2,408,"Close Shave, A (1995)",3.879333734512329
393,3,1449,Pather Panchali (1955),3.869429588317871
393,4,427,To Kill a Mockingbird (1962),3.836373805999756
393,5,187,"Godfather: Part II, The (1974)",3.8286008834838867
393,6,520,"Great Escape, The (1963)",3.8177781105041504
393,7,484,"Maltese Falcon, The (1941)",3.816863775253296
393,8,656,M (1931),3.8123366832733154
393,9,516,Local Hero (1983),3.8015737533569336
393,10,114,Wallace & Gromit: The Best of Aardman Animation (1996),3.7945315837860107
392,1,318,Schindler's List (1993),4.644543647766113
392,2,187,"Godfather: Part II, The (1974)",4.578080654144287
392,3,483,Casablanca (1942),4.553394317626953
392,4,64,"Shawshank Redemption, The (1994)",4.547470569610596
392,5,408,"Close Shave, A (1995)",4.54299259185791
392,6,1449,Pather Panchali (1955),4.538671493530273
392,7,480,North by Northwest (1959),4.521169185638428
392,8,603,Rear Window (1954),4.4945878982543945
392,9,12,"Usual Suspects, The (1995)",4.483242988586426
392,10,427,To Kill a Mockingbird (1962),4.473864555358887
376,1,483,Casablanca (1942),4.298279285430908
376,2,64,"Shawshank Redemption, The (1994)",4.258929252624512
376,3,1449,Pather Panchali (1955),4.205755233764648
376,4,12,"Usual Suspects, The (1995)",4.177643775939941
376,5,1500,Santa with Muscles (1996),4.165668487548828
376,6,178,12 Angry Men (1957),4.161413192749023
376,7,114,Wallace & Gromit: The Best of Aardman Animation (1996),4.145648956298828
376,8,169,"Wrong Trousers, The (1993)",4.141968727111816
376,9,318,Schindler's List (1993),4.138719081878662
376,10,479,Vertigo (1958),4.125287055969238
394,1,483,Casablanca (1942),4.791267395019531
394,2,480,North by Northwest (1959),4.740063667297363
394,3,178,12 Angry Men (1957),4.739724636077881
394,4,127,"Godfather, The (1972)",4.735930442810059
394,5,114,Wallace & Gromit: The Best of Aardman Animation (1996),4.734864234924316
394,6,657,"Manchurian Candidate, The (1962)",4.7102861404418945
394,7,656,M (1931),4.704093933105469
394,8,408,"Close Shave, A (1995)",4.704070091247559
394,9,513,"Third Man, The (1949)",4.6982502937316895
394,10,357,One Flew Over the Cuckoo's Nest (1975),4.696586608886719
391,1,114,Wallace & Gromit: The Best of Aardman Animation (1996),4.478707313537598
391,2,1449,Pather Panchali (1955),4.463852882385254
391,3,408,"Close Shave, A (1995)",4.448403835296631
391,4,657,"Manchurian Candidate, The (1962)",4.430081844329834
391,5,1500,Santa with Muscles (1996),4.42589807510376
391,6,178,12 Angry Men (1957),4.412321090698242
391,7,169,"Wrong Trousers, The (1993)",4.403034210205078
391,8,515,"Boot, Das (1981)",4.385226726531982
391,9,313,Titanic (1997),4.382147312164307
391,10,656,M (1931),4.365298748016357
398,1,657,"Manchurian Candidate, The (1962)",4.450802326202393
398,2,656,M (1931),4.427270889282227
398,3,408,"Close Shave, A (1995)",4.420642852783203
398,4,1500,Santa with Muscles (1996),4.413356781005859
398,5,114,Wallace & Gromit: The Best of Aardman Animation (1996),4.407646656036377
398,6,1449,Pather Panchali (1955),4.40572452545166
398,7,515,"Boot, Das (1981)",4.40097713470459
398,8,513,"Third Man, The (1949)",4.396546840667725
398,9,318,Schindler's List (1993),4.389225006103516
398,10,313,Titanic (1997),4.357933521270752
397,1,1449,Pather Panchali (1955),4.613628387451172
397,2,187,"Godfather: Part II, The (1974)",4.599631309509277
397,3,114,Wallace & Gromit: The Best of Aardman Animation (1996),4.59553861618042
397,4,408,"Close Shave, A (1995)",4.584630012512207
397,5,1500,Santa with Muscles (1996),4.559603214263916
397,6,64,"Shawshank Redemption, The (1994)",4.55723762512207
397,7,603,Rear Window (1954),4.530036926269531
397,8,515,"Boot, Das (1981)",4.520868301391602
397,9,191,Amadeus (1984),4.5088958740234375
397,10,169,"Wrong Trousers, The (1993)",4.506096839904785
399,1,1449,Pather Panchali (1955),3.7871782779693604
399,2,169,"Wrong Trousers, The (1993)",3.712252140045166
399,3,178,12 Angry Men (1957),3.681790351867676
399,4,480,North by Northwest (1959),3.67265248298645
399,5,603,Rear Window (1954),3.6375534534454346
399,6,483,Casablanca (1942),3.6319222450256348
399,7,89,Blade Runner (1982),3.5951995849609375
399,8,1367,Faust (1994),3.5867056846618652
399,9,126,"Spitfire Grill, The (1996)",3.5745482444763184
399,10,1524,Kaspar Hauser (1993),3.555145502090454
396,1,483,Casablanca (1942),4.562089920043945
396,2,64,"Shawshank Redemption, The (1994)",4.546578407287598
396,3,408,"Close Shave, A (1995)",4.546080589294434
396,4,178,12 Angry Men (1957),4.522767066955566
396,5,480,North by Northwest (1959),4.5101847648620605
396,6,656,M (1931),4.509622573852539
396,7,187,"Godfather: Part II, The (1974)",4.504852294921875
396,8,127,"Godfather, The (1972)",4.496066093444824
396,9,478,"Philadelphia Story, The (1940)",4.495645046234131
396,10,114,Wallace & Gromit: The Best of Aardman Animation (1996),4.489536762237549
401,1,1449,Pather Panchali (1955),3.8797607421875
401,2,427,To Kill a Mockingbird (1962),3.870732069015503
401,3,480,North by Northwest (1959),3.8356387615203857
401,4,169,"Wrong Trousers, The (1993)",3.829258441925049
401,5,12,"Usual Suspects, The (1995)",3.821075201034546
401,6,408,"Close Shave, A (1995)",3.8186235427856445
401,7,98,"Silence of the Lambs, The (1991)",3.8178329467773438
401,8,479,Vertigo (1958),3.8132362365722656
401,9,89,Blade Runner (1982),3.8018910884857178
401,10,1500,Santa with Muscles (1996),3.7903943061828613
402,1,114,Wallace & Gromit: The Best of Aardman Animation (1996),4.63740348815918
402,2,318,Schindler's List (1993),4.610006332397461
402,3,1449,Pather Panchali (1955),4.609763145446777
402,4,1500,Santa with Muscles (1996),4.604891300201416
402,5,357,One Flew Over the Cuckoo's Nest (1975),4.594865798950195
402,6,174,Raiders of the Lost Ark (1981),4.588933944702148
402,7,313,Titanic (1997),4.586813926696777
402,8,178,12 Angry Men (1957),4.586672306060791
402,9,169,"Wrong Trousers, The (1993)",4.5701189041137695
402,10,134,Citizen Kane (1941),4.560947895050049
384,1,174,Raiders of the Lost Ark (1981),4.6422882080078125
384,2,50,Star Wars (1977),4.637948989868164
384,3,187,"Godfather: Part II, The (1974)",4.625702857971191
384,4,64,"Shawshank Redemption, The (1994)",4.61352014541626
384,5,114,Wallace & Gromit: The Best of Aardman Animation (1996),4.610050201416016
384,6,1449,Pather Panchali (1955),4.595823764801025
384,7,318,Schindler's List (1993),4.593276023864746
384,8,483,Casablanca (1942),4.585232734680176
384,9,1500,Santa with Muscles (1996),4.558709621429443
384,10,178,12 Angry Men (1957),4.5552473068237305
395,1,187,"Godfather: Part II, The (1974)",4.696464538574219
395,2,1449,Pather Panchali (1955),4.667558193206787
395,3,114,Wallace & Gromit: The Best of Aardman Animation (1996),4.66555118560791
395,4,178,12 Angry Men (1957),4.626832485198975
395,5,483,Casablanca (1942),4.621756553649902
395,6,1500,Santa with Muscles (1996),4.608598232269287
395,7,480,North by Northwest (1959),4.590989112854004
395,8,427,To Kill a Mockingbird (1962),4.580301284790039
395,9,603,Rear Window (1954),4.573822021484375
395,10,408,"Close Shave, A (1995)",4.5703840255737305
353,1,483,Casablanca (1942),4.669859886169434
353,2,480,North by Northwest (1959),4.502605438232422
353,3,1449,Pather Panchali (1955),4.465572834014893
353,4,134,Citizen Kane (1941),4.465019702911377
353,5,408,"Close Shave, A (1995)",4.4432830810546875
353,6,98,"Silence of the Lambs, The (1991)",4.436762809753418
353,7,1500,Santa with Muscles (1996),4.4186625480651855
353,8,114,Wallace & Gromit: The Best of Aardman Animation (1996),4.401895523071289
353,9,513,"Third Man, The (1949)",4.386445999145508
353,10,178,12 Angry Men (1957),4.382808685302734
403,1,318,Schindler's List (1993),4.593596458435059
403,2,64,"Shawshank Redemption, The (1994)",4.589537620544434
403,3,174,Raiders of the Lost Ark (1981),4.585197448730469
403,4,187,"Godfather: Part II, The (1974)",4.570464134216309
403,5,483,Casablanca (1942),4.545022487640381
403,6,313,Titanic (1997),4.508454322814941
403,7,114,Wallace & Gromit: The Best of Aardman Animation (1996),4.485260963439941
403,8,479,Vertigo (1958),4.478305816650391
403,9,1449,Pather Panchali (1955),4.476747512817383
403,10,178,12 Angry Men (1957),4.471921920776367
405,1,483,Casablanca (1942),3.2083423137664795
405,2,1449,Pather Panchali (1955),3.092804193496704
405,3,1500,Santa with Muscles (1996),2.9610137939453125
405,4,408,"Close Shave, A (1995)",2.933385133743286
405,5,285,Secrets & Lies (1996),2.8615500926971436
405,6,484,"Maltese Falcon, The (1941)",2.7872776985168457
405,7,114,Wallace & Gromit: The Best of Aardman Animation (1996),2.780203342437744
405,8,868,Hearts and Minds (1996),2.760605573654175
405,9,496,It's a Wonderful Life (1946),2.7078213691711426
405,10,124,Lone Star (1996),2.6717374324798584
400,1,318,Schindler's List (1993),4.501808166503906
400,2,114,Wallace & Gromit: The Best of Aardman Animation (1996),4.483314514160156
400,3,483,Casablanca (1942),4.468245506286621
400,4,50,Star Wars (1977),4.465675354003906
400,5,1449,Pather Panchali (1955),4.460897445678711
400,6,174,Raiders of the Lost Ark (1981),4.455079078674316
400,7,64,"Shawshank Redemption, The (1994)",4.453893661499023
400,8,480,North by Northwest (1959),4.438385009765625
400,9,98,"Silence of the Lambs, The (1991)",4.430111885070801
400,10,1500,Santa with Muscles (1996),4.429534435272217
406,1,1449,Pather Panchali (1955),4.338949203491211
406,2,313,Titanic (1997),4.317538261413574
406,3,169,"Wrong Trousers, The (1993)",4.308806896209717
406,4,1500,Santa with Muscles (1996),4.30221700668335
406,5,408,"Close Shave, A (1995)",4.292960166931152
406,6,484,"Maltese Falcon, The (1941)",4.288519859313965
406,7,114,Wallace & Gromit: The Best of Aardman Animation (1996),4.270482540130615
406,8,178,12 Angry Men (1957),4.266946792602539
406,9,603,Rear Window (1954),4.261936187744141
406,10,223,Sling Blade (1996),4.258353233337402
407,1,64,"Shawshank Redemption, The (1994)",4.406858444213867
407,2,114,Wallace & Gromit: The Best of Aardman Animation (1996),4.351271629333496
407,3,1449,Pather Panchali (1955),4.325811862945557
407,4,12,"Usual Suspects, The (1995)",4.307132244110107
407,5,318,Schindler's List (1993),4.289319038391113
407,6,1500,Santa with Muscles (1996),4.277155876159668
407,7,302,L.A. Confidential (1997),4.2579193115234375
407,8,1367,Faust (1994),4.255974769592285
407,9,480,North by Northwest (1959),4.233535289764404
407,10,178,12 Angry Men (1957),4.193085670471191
409,1,1500,Santa with Muscles (1996),4.523221969604492
409,2,408,"Close Shave, A (1995)",4.511333465576172
409,3,169,"Wrong Trousers, The (1993)",4.483656406402588
409,4,1367,Faust (1994),4.464664936065674
409,5,513,"Third Man, The (1949)",4.461239337921143
409,6,313,Titanic (1997),4.452195167541504
409,7,64,"Shawshank Redemption, The (1994)",4.438036918640137
409,8,656,M (1931),4.433951377868652
409,9,114,Wallace & Gromit: The Best of Aardman Animation (1996),4.432307243347168
409,10,272,Good Will Hunting (1997),4.428952217102051
404,1,64,"Shawshank Redemption, The (1994)",4.4534406661987305
404,2,483,Casablanca (1942),4.305403709411621
404,3,114,Wallace & Gromit: The Best of Aardman Animation (1996),4.292675018310547
404,4,12,"Usual Suspects, The (1995)",4.236383438110352
404,5,50,Star Wars (1977),4.234927654266357
404,6,174,Raiders of the Lost Ark (1981),4.234570026397705
404,7,1500,Santa with Muscles (1996),4.223825454711914
404,8,169,"Wrong Trousers, The (1993)",4.212744235992432
404,9,478,"Philadelphia Story, The (1940)",4.205560684204102
404,10,480,North by Northwest (1959),4.203752517700195
413,1,483,Casablanca (1942),4.522663593292236
413,2,114,Wallace & Gromit: The Best of Aardman Animation (1996),4.465297222137451
413,3,64,"Shawshank Redemption, The (1994)",4.458235740661621
413,4,1449,Pather Panchali (1955),4.455766677856445
413,5,1500,Santa with Muscles (1996),4.449541091918945
413,6,318,Schindler's List (1993),4.424038410186768
413,7,408,"Close Shave, A (1995)",4.420602798461914
413,8,178,12 Angry Men (1957),4.415802001953125
413,9,98,"Silence of the Lambs, The (1991)",4.410255432128906
413,10,12,"Usual Suspects, The (1995)",4.4026594161987305
416,1,114,Wallace & Gromit: The Best of Aardman Animation (1996),4.742793560028076
416,2,1449,Pather Panchali (1955),4.734186172485352
416,3,483,Casablanca (1942),4.724362373352051
416,4,1500,Santa with Muscles (1996),4.717360973358154
416,5,654,Chinatown (1974),4.654871463775635
416,6,408,"Close Shave, A (1995)",4.650871276855469
416,7,169,"Wrong Trousers, The (1993)",4.647886276245117
416,8,478,"Philadelphia Story, The (1940)",4.646783828735352
416,9,1367,Faust (1994),4.639978408813477
416,10,487,Roman Holiday (1953),4.618083953857422
408,1,64,"Shawshank Redemption, The (1994)",4.4961442947387695
408,2,480,North by Northwest (1959),4.490182399749756
408,3,187,"Godfather: Part II, The (1974)",4.4600749015808105
408,4,483,Casablanca (1942),4.456732273101807
408,5,114,Wallace & Gromit: The Best of Aardman Animation (1996),4.450650215148926
408,6,408,"Close Shave, A (1995)",4.414157867431641
408,7,603,Rear Window (1954),4.413729667663574
408,8,178,12 Angry Men (1957),4.40948486328125
408,9,318,Schindler's List (1993),4.392332077026367
408,10,1449,Pather Panchali (1955),4.384469032287598
410,1,483,Casablanca (1942),4.256000995635986
410,2,12,"Usual Suspects, The (1995)",4.23592472076416
410,3,127,"Godfather, The (1972)",4.233467102050781
410,4,114,Wallace & Gromit: The Best of Aardman Animation (1996),4.229719161987305
410,5,64,"Shawshank Redemption, The (1994)",4.223852634429932
410,6,178,12 Angry Men (1957),4.196817398071289
410,7,657,"Manchurian Candidate, The (1962)",4.196202278137207
410,8,1500,Santa with Muscles (1996),4.196172714233398
410,9,408,"Close Shave, A (1995)",4.1943206787109375
410,10,427,To Kill a Mockingbird (1962),4.165612697601318
411,1,114,Wallace & Gromit: The Best of Aardman Animation (1996),4.445381164550781
411,2,483,Casablanca (1942),4.432003021240234
411,3,178,12 Angry Men (1957),4.418159008026123
411,4,480,North by Northwest (1959),4.418140888214111
411,5,357,One Flew Over the Cuckoo's Nest (1975),4.416929244995117
411,6,127,"Godfather, The (1972)",4.399460792541504
411,7,1500,Santa with Muscles (1996),4.386030197143555
411,8,408,"Close Shave, A (1995)",4.384430885314941
411,9,657,"Manchurian Candidate, The (1962)",4.384212970733643
411,10,513,"Third Man, The (1949)",4.377487659454346
417,1,427,To Kill a Mockingbird (1962),4.166304588317871
417,2,114,Wallace & Gromit: The Best of Aardman Animation (1996),4.144881248474121
417,3,1449,Pather Panchali (1955),4.142017364501953
417,4,408,"Close Shave, A (1995)",4.134247779846191
417,5,313,Titanic (1997),4.133810043334961
417,6,318,Schindler's List (1993),4.117264270782471
417,7,480,North by Northwest (1959),4.110140800476074
417,8,1500,Santa with Muscles (1996),4.098306655883789
417,9,187,"Godfather: Part II, The (1974)",4.083961486816406
417,10,603,Rear Window (1954),4.063089370727539
412,1,12,"Usual Suspects, The (1995)",4.38131046295166
412,2,483,Casablanca (1942),4.369875907897949
412,3,178,12 Angry Men (1957),4.3620805740356445
412,4,1449,Pather Panchali (1955),4.361185073852539
412,5,50,Star Wars (1977),4.353340148925781
412,6,1500,Santa with Muscles (1996),4.3432183265686035
412,7,127,"Godfather, The (1972)",4.332639694213867
412,8,313,Titanic (1997),4.309001922607422
412,9,603,Rear Window (1954),4.293310165405273
412,10,98,"Silence of the Lambs, The (1991)",4.277478218078613
420,1,174,Raiders of the Lost Ark (1981),4.701584339141846
420,2,114,Wallace & Gromit: The Best of Aardman Animation (1996),4.701409339904785
420,3,318,Schindler's List (1993),4.684331893920898
420,4,187,"Godfather: Part II, The (1974)",4.682406425476074
420,5,483,Casablanca (1942),4.674637794494629
420,6,50,Star Wars (1977),4.673799991607666
420,7,178,12 Angry Men (1957),4.664663791656494
420,8,1449,Pather Panchali (1955),4.662952899932861
420,9,64,"Shawshank Redemption, The (1994)",4.658985614776611
420,10,1500,Santa with Muscles (1996),4.650801658630371
422,1,64,"Shawshank Redemption, The (1994)",4.486272811889648
422,2,483,Casablanca (1942),4.432004928588867
422,3,480,North by Northwest (1959),4.411221027374268
422,4,114,Wallace & Gromit: The Best of Aardman Animation (1996),4.386395454406738
422,5,187,"Godfather: Part II, The (1974)",4.369016647338867
422,6,657,"Manchurian Candidate, The (1962)",4.363747596740723
422,7,318,Schindler's List (1993),4.362966537475586
422,8,178,12 Angry Men (1957),4.3592376708984375
422,9,12,"Usual Suspects, The (1995)",4.357060432434082
422,10,408,"Close Shave, A (1995)",4.352550506591797
425,1,483,Casablanca (1942),4.148316383361816
425,2,427,To Kill a Mockingbird (1962),4.020506858825684
425,3,1449,Pather Panchali (1955),3.97023606300354
425,4,1500,Santa with Muscles (1996),3.8500428199768066
425,5,114,Wallace & Gromit: The Best of Aardman Animation (1996),3.827681303024292
425,6,169,"Wrong Trousers, The (1993)",3.825768232345581
425,7,408,"Close Shave, A (1995)",3.7683520317077637
425,8,484,"Maltese Falcon, The (1941)",3.7670040130615234
425,9,661,High Noon (1952),3.7664785385131836
425,10,134,Citizen Kane (1941),3.6923575401306152
419,1,480,North by Northwest (1959),4.660229682922363
419,2,114,Wallace & Gromit: The Best of Aardman Animation (1996),4.6274919509887695
419,3,178,12 Angry Men (1957),4.61646842956543
419,4,657,"Manchurian Candidate, The (1962)",4.609494686126709
419,5,1449,Pather Panchali (1955),4.604117393493652
419,6,515,"Boot, Das (1981)",4.60015869140625
419,7,408,"Close Shave, A (1995)",4.5985107421875
419,8,483,Casablanca (1942),4.594098091125488
419,9,127,"Godfather, The (1972)",4.589827537536621
419,10,1500,Santa with Muscles (1996),4.588311195373535
415,1,114,Wallace & Gromit: The Best of Aardman Animation (1996),4.7429704666137695
415,2,1449,Pather Panchali (1955),4.736980438232422
415,3,318,Schindler's List (1993),4.722959518432617
415,4,187,"Godfather: Part II, The (1974)",4.720772743225098
415,5,313,Titanic (1997),4.70079231262207
415,6,50,Star Wars (1977),4.699638366699219
415,7,178,12 Angry Men (1957),4.693170547485352
415,8,1500,Santa with Muscles (1996),4.686800003051758
415,9,64,"Shawshank Redemption, The (1994)",4.670942306518555
415,10,408,"Close Shave, A (1995)",4.6694135665893555
423,1,1449,Pather Panchali (1955),4.554680824279785
423,2,114,Wallace & Gromit: The Best of Aardman Animation (1996),4.541221618652344
423,3,480,North by Northwest (1959),4.53756046295166
423,4,178,12 Angry Men (1957),4.530329704284668
423,5,318,Schindler's List (1993),4.526249408721924
423,6,1500,Santa with Muscles (1996),4.523153781890869
423,7,408,"Close Shave, A (1995)",4.520228385925293
423,8,64,"Shawshank Redemption, The (1994)",4.5171308517456055
423,9,483,Casablanca (1942),4.503434181213379
423,10,169,"Wrong Trousers, The (1993)",4.495856285095215
429,1,408,"Close Shave, A (1995)",4.364406585693359
429,2,515,"Boot, Das (1981)",4.317811489105225
429,3,1449,Pather Panchali (1955),4.3105878829956055
429,4,657,"Manchurian Candidate, The (1962)",4.30356502532959
429,5,1500,Santa with Muscles (1996),4.302656173706055
429,6,513,"Third Man, The (1949)",4.258674621582031
429,7,169,"Wrong Trousers, The (1993)",4.254685878753662
429,8,656,M (1931),4.252448558807373
429,9,313,Titanic (1997),4.250879287719727
429,10,302,L.A. Confidential (1997),4.2477240562438965
428,1,114,Wallace & Gromit: The Best of Aardman Animation (1996),4.55523681640625
428,2,64,"Shawshank Redemption, The (1994)",4.55180025100708
428,3,483,Casablanca (1942),4.531520843505859
428,4,50,Star Wars (1977),4.524234771728516
428,5,174,Raiders of the Lost Ark (1981),4.509125232696533
428,6,318,Schindler's List (1993),4.475780487060547
428,7,1500,Santa with Muscles (1996),4.459388732910156
428,8,357,One Flew Over the Cuckoo's Nest (1975),4.455185413360596
428,9,12,"Usual Suspects, The (1995)",4.446642875671387
428,10,178,12 Angry Men (1957),4.437535762786865
427,1,483,Casablanca (1942),4.851734161376953
427,2,114,Wallace & Gromit: The Best of Aardman Animation (1996),4.836647987365723
427,3,479,Vertigo (1958),4.834280014038086
427,4,656,M (1931),4.83237361907959
427,5,480,North by Northwest (1959),4.827880859375
427,6,191,Amadeus (1984),4.826479911804199
427,7,174,Raiders of the Lost Ark (1981),4.8198652267456055
427,8,313,Titanic (1997),4.815113067626953
427,9,187,"Godfather: Part II, The (1974)",4.81406307220459
427,10,654,Chinatown (1974),4.812172889709473
418,1,1449,Pather Panchali (1955),4.021174430847168
418,2,169,"Wrong Trousers, The (1993)",3.9997916221618652
418,3,178,12 Angry Men (1957),3.9936816692352295
418,4,483,Casablanca (1942),3.974865674972534
418,5,408,"Close Shave, A (1995)",3.9658288955688477
418,6,114,Wallace & Gromit: The Best of Aardman Animation (1996),3.9617273807525635
418,7,318,Schindler's List (1993),3.9588913917541504
418,8,603,Rear Window (1954),3.9456801414489746
418,9,1500,Santa with Muscles (1996),3.9039409160614014
418,10,64,"Shawshank Redemption, The (1994)",3.894551992416382
424,1,483,Casablanca (1942),4.249166488647461
424,2,1449,Pather Panchali (1955),4.187840461730957
424,3,64,"Shawshank Redemption, The (1994)",4.180111885070801
424,4,114,Wallace & Gromit: The Best of Aardman Animation (1996),4.1610941886901855
424,5,408,"Close Shave, A (1995)",4.159809112548828
424,6,12,"Usual Suspects, The (1995)",4.15478515625
424,7,174,Raiders of the Lost Ark (1981),4.1529951095581055
424,8,318,Schindler's List (1993),4.138952732086182
424,9,98,"Silence of the Lambs, The (1991)",4.11968994140625
424,10,479,Vertigo (1958),4.119544982910156
432,1,483,Casablanca (1942),4.499345302581787
432,2,127,"Godfather, The (1972)",4.488254547119141
432,3,114,Wallace & Gromit: The Best of Aardman Animation (1996),4.480534553527832
432,4,178,12 Angry Men (1957),4.46085786819458
432,5,1500,Santa with Muscles (1996),4.458300590515137
432,6,357,One Flew Over the Cuckoo's Nest (1975),4.454741477966309
432,7,408,"Close Shave, A (1995)",4.448830604553223
432,8,1449,Pather Panchali (1955),4.429724216461182
432,9,64,"Shawshank Redemption, The (1994)",4.415151596069336
432,10,169,"Wrong Trousers, The (1993)",4.411267280578613
421,1,64,"Shawshank Redemption, The (1994)",4.307339191436768
421,2,1449,Pather Panchali (1955),4.2964372634887695
421,3,479,Vertigo (1958),4.292057991027832
421,4,223,Sling Blade (1996),4.282191276550293
421,5,169,"Wrong Trousers, The (1993)",4.262826919555664
421,6,318,Schindler's List (1993),4.239110469818115
421,7,178,12 Angry Men (1957),4.23826789855957
421,8,484,"Maltese Falcon, The (1941)",4.228289604187012
421,9,1500,Santa with Muscles (1996),4.224146842956543
421,10,357,One Flew Over the Cuckoo's Nest (1975),4.215801239013672
435,1,1449,Pather Panchali (1955),4.416312217712402
435,2,483,Casablanca (1942),4.4146223068237305
435,3,114,Wallace & Gromit: The Best of Aardman Animation (1996),4.382599830627441
435,4,178,12 Angry Men (1957),4.381373405456543
435,5,408,"Close Shave, A (1995)",4.372562885284424
435,6,480,North by Northwest (1959),4.370189189910889
435,7,1500,Santa with Muscles (1996),4.368595123291016
435,8,1367,Faust (1994),4.326276779174805
435,9,134,Citizen Kane (1941),4.3095197677612305
435,10,657,"Manchurian Candidate, The (1962)",4.272499084472656
433,1,483,Casablanca (1942),4.529863357543945
433,2,1449,Pather Panchali (1955),4.525693893432617
433,3,114,Wallace & Gromit: The Best of Aardman Animation (1996),4.50901460647583
433,4,1500,Santa with Muscles (1996),4.507314682006836
433,5,480,North by Northwest (1959),4.489263534545898
433,6,318,Schindler's List (1993),4.485624313354492
433,7,427,To Kill a Mockingbird (1962),4.483600616455078
433,8,178,12 Angry Men (1957),4.4724836349487305
433,9,98,"Silence of the Lambs, The (1991)",4.467272758483887
433,10,127,"Godfather, The (1972)",4.464415073394775
426,1,64,"Shawshank Redemption, The (1994)",4.40781307220459
426,2,1449,Pather Panchali (1955),4.3275146484375
426,3,408,"Close Shave, A (1995)",4.324093818664551
426,4,114,Wallace & Gromit: The Best of Aardman Animation (1996),4.287453651428223
426,5,12,"Usual Suspects, The (1995)",4.280367851257324
426,6,1500,Santa with Muscles (1996),4.258289337158203
426,7,169,"Wrong Trousers, The (1993)",4.249119281768799
426,8,302,L.A. Confidential (1997),4.224545478820801
426,9,127,"Godfather, The (1972)",4.21102237701416
426,10,528,"Killing Fields, The (1984)",4.2098774909973145
436,1,114,Wallace & Gromit: The Best of Aardman Animation (1996),4.53242301940918
436,2,178,12 Angry Men (1957),4.530196189880371
436,3,483,Casablanca (1942),4.509677410125732
436,4,1449,Pather Panchali (1955),4.497369289398193
436,5,1500,Santa with Muscles (1996),4.493986129760742
436,6,64,"Shawshank Redemption, The (1994)",4.490089416503906
436,7,12,"Usual Suspects, The (1995)",4.4774370193481445
436,8,357,One Flew Over the Cuckoo's Nest (1975),4.476775646209717
436,9,169,"Wrong Trousers, The (1993)",4.47049617767334
436,10,408,"Close Shave, A (1995)",4.468565940856934
430,1,1500,Santa with Muscles (1996),4.473658561706543
430,2,178,12 Angry Men (1957),4.468522071838379
430,3,1449,Pather Panchali (1955),4.465422630310059
430,4,114,Wallace & Gromit: The Best of Aardman Animation (1996),4.451979160308838
430,5,483,Casablanca (1942),4.445509910583496
430,6,408,"Close Shave, A (1995)",4.421538352966309
430,7,174,Raiders of the Lost Ark (1981),4.416710376739502
430,8,169,"Wrong Trousers, The (1993)",4.414695739746094
430,9,603,Rear Window (1954),4.40151309967041
430,10,357,One Flew Over the Cuckoo's Nest (1975),4.398426055908203
434,1,114,Wallace & Gromit: The Best of Aardman Animation (1996),4.615423679351807
434,2,64,"Shawshank Redemption, The (1994)",4.607231140136719
434,3,483,Casablanca (1942),4.570222854614258
434,4,50,Star Wars (1977),4.568332672119141
434,5,12,"Usual Suspects, The (1995)",4.567639350891113
434,6,313,Titanic (1997),4.563116550445557
434,7,302,L.A. Confidential (1997),4.5572509765625
434,8,318,Schindler's List (1993),4.553966522216797
434,9,1449,Pather Panchali (1955),4.5513505935668945
434,10,1500,Santa with Muscles (1996),4.549717903137207
437,1,64,"Shawshank Redemption, The (1994)",4.39777946472168
437,2,408,"Close Shave, A (1995)",4.2685441970825195
437,3,178,12 Angry Men (1957),4.256253242492676
437,4,1449,Pather Panchali (1955),4.250934600830078
437,5,114,Wallace & Gromit: The Best of Aardman Animation (1996),4.236607551574707
437,6,513,"Third Man, The (1949)",4.236161231994629
437,7,656,M (1931),4.213708400726318
437,8,528,"Killing Fields, The (1984)",4.18763542175293
437,9,1500,Santa with Muscles (1996),4.186237335205078
437,10,285,Secrets & Lies (1996),4.185340881347656
438,1,64,"Shawshank Redemption, The (1994)",4.7508368492126465
438,2,480,North by Northwest (1959),4.7293901443481445
438,3,187,"Godfather: Part II, The (1974)",4.700063705444336
438,4,114,Wallace & Gromit: The Best of Aardman Animation (1996),4.695653915405273
438,5,174,Raiders of the Lost Ark (1981),4.6852521896362305
438,6,1449,Pather Panchali (1955),4.66975212097168
438,7,657,"Manchurian Candidate, The (1962)",4.668163776397705
438,8,178,12 Angry Men (1957),4.665821075439453
438,9,408,"Close Shave, A (1995)",4.663131237030029
438,10,199,"Bridge on the River Kwai, The (1957)",4.654716491699219
431,1,64,"Shawshank Redemption, The (1994)",4.520386695861816
431,2,174,Raiders of the Lost Ark (1981),4.420673370361328
431,3,483,Casablanca (1942),4.403165817260742
431,4,318,Schindler's List (1993),4.390647888183594
431,5,50,Star Wars (1977),4.367767333984375
431,6,12,"Usual Suspects, The (1995)",4.355765342712402
431,7,479,Vertigo (1958),4.330725193023682
431,8,1449,Pather Panchali (1955),4.329745292663574
431,9,114,Wallace & Gromit: The Best of Aardman Animation (1996),4.3289475440979
431,10,187,"Godfather: Part II, The (1974)",4.328516960144043
442,1,1449,Pather Panchali (1955),4.1946868896484375
442,2,114,Wallace & Gromit: The Best of Aardman Animation (1996),4.117120265960693
442,3,50,Star Wars (1977),4.113776683807373
442,4,169,"Wrong Trousers, The (1993)",4.096340179443359
442,5,178,12 Angry Men (1957),4.072208881378174
442,6,1500,Santa with Muscles (1996),4.069671154022217
442,7,408,"Close Shave, A (1995)",4.042927265167236
442,8,498,"African Queen, The (1951)",4.034576416015625
442,9,603,Rear Window (1954),4.020163536071777
442,10,484,"Maltese Falcon, The (1941)",4.013226509094238
440,1,174,Raiders of the Lost Ark (1981),4.678531646728516
440,2,64,"Shawshank Redemption, The (1994)",4.669067859649658
440,3,114,Wallace & Gromit: The Best of Aardman Animation (1996),4.656228065490723
440,4,1500,Santa with Muscles (1996),4.650447845458984
440,5,483,Casablanca (1942),4.649341106414795
440,6,318,Schindler's List (1993),4.647782325744629
440,7,478,"Philadelphia Story, The (1940)",4.647294998168945
440,8,50,Star Wars (1977),4.643218994140625
440,9,408,"Close Shave, A (1995)",4.642581939697266
440,10,1449,Pather Panchali (1955),4.641872406005859
445,1,178,12 Angry Men (1957),3.9048750400543213
445,2,1449,Pather Panchali (1955),3.7651870250701904
445,3,483,Casablanca (1942),3.7062160968780518
445,4,657,"Manchurian Candidate, The (1962)",3.5727083683013916
445,5,134,Citizen Kane (1941),3.472290277481079
445,6,318,Schindler's List (1993),3.4553802013397217
445,7,114,Wallace & Gromit: The Best of Aardman Animation (1996),3.442925214767456
445,8,427,To Kill a Mockingbird (1962),3.4410078525543213
445,9,1500,Santa with Muscles (1996),3.3995957374572754
445,10,190,Henry V (1989),3.3983001708984375
447,1,114,Wallace & Gromit: The Best of Aardman Animation (1996),4.4702982902526855
447,2,1449,Pather Panchali (1955),4.443259239196777
447,3,1500,Santa with Muscles (1996),4.4296159744262695
447,4,408,"Close Shave, A (1995)",4.414131164550781
447,5,318,Schindler's List (1993),4.394245147705078
447,6,357,One Flew Over the Cuckoo's Nest (1975),4.393362998962402
447,7,169,"Wrong Trousers, The (1993)",4.383454322814941
447,8,127,"Godfather, The (1972)",4.383269309997559
447,9,313,Titanic (1997),4.380148887634277
447,10,64,"Shawshank Redemption, The (1994)",4.380110740661621
449,1,64,"Shawshank Redemption, The (1994)",4.510662078857422
449,2,483,Casablanca (1942),4.484464645385742
449,3,178,12 Angry Men (1957),4.467411518096924
449,4,408,"Close Shave, A (1995)",4.461709022521973
449,5,313,Titanic (1997),4.458949565887451
449,6,114,Wallace & Gromit: The Best of Aardman Animation (1996),4.4535231590271
449,7,318,Schindler's List (1993),4.447680473327637
449,8,480,North by Northwest (1959),4.440130233764648
449,9,657,"Manchurian Candidate, The (1962)",4.434925079345703
449,10,603,Rear Window (1954),4.426609992980957
450,1,1449,Pather Panchali (1955),4.659221172332764
450,2,1500,Santa with Muscles (1996),4.644776344299316
450,3,408,"Close Shave, A (1995)",4.607463836669922
450,4,656,M (1931),4.586706161499023
450,5,513,"Third Man, The (1949)",4.567008018493652
450,6,1367,Faust (1994),4.563787937164307
450,7,515,"Boot, Das (1981)",4.533556938171387
450,8,641,Paths of Glory (1957),4.503859996795654
450,9,963,Some Folks Call It a Sling Blade (1993),4.500844955444336
450,10,1642,Some Mother's Son (1996),4.500668525695801
446,1,318,Schindler's List (1993),4.336143493652344
446,2,1449,Pather Panchali (1955),4.237358570098877
446,3,174,Raiders of the Lost Ark (1981),4.219326972961426
446,4,50,Star Wars (1977),4.219301223754883
446,5,178,12 Angry Men (1957),4.179702281951904
446,6,169,"Wrong Trousers, The (1993)",4.176025390625
446,7,408,"Close Shave, A (1995)",4.146276473999023
446,8,1500,Santa with Muscles (1996),4.134714126586914
446,9,114,Wallace & Gromit: The Best of Aardman Animation (1996),4.106476306915283
446,10,64,"Shawshank Redemption, The (1994)",4.104531288146973
439,1,408,"Close Shave, A (1995)",4.438066005706787
439,2,64,"Shawshank Redemption, The (1994)",4.427351951599121
439,3,114,Wallace & Gromit: The Best of Aardman Animation (1996),4.427272796630859
439,4,313,Titanic (1997),4.425724983215332
439,5,483,Casablanca (1942),4.424461841583252
439,6,1449,Pather Panchali (1955),4.403763771057129
439,7,1500,Santa with Muscles (1996),4.402549743652344
439,8,318,Schindler's List (1993),4.399581432342529
439,9,178,12 Angry Men (1957),4.398728847503662
439,10,127,"Godfather, The (1972)",4.373976230621338
451,1,483,Casablanca (1942),3.771066665649414
451,2,657,"Manchurian Candidate, The (1962)",3.7637085914611816
451,3,132,"Wizard of Oz, The (1939)",3.754803419113159
451,4,1449,Pather Panchali (1955),3.7492311000823975
451,5,187,"Godfather: Part II, The (1974)",3.6884849071502686
451,6,648,"Quiet Man, The (1952)",3.678217887878418
451,7,134,Citizen Kane (1941),3.67720365524292
451,8,64,"Shawshank Redemption, The (1994)",3.674206018447876
451,9,174,Raiders of the Lost Ark (1981),3.673707962036133
451,10,272,Good Will Hunting (1997),3.6655263900756836
452,1,1500,Santa with Muscles (1996),4.27069091796875
452,2,1449,Pather Panchali (1955),4.240445137023926
452,3,114,Wallace & Gromit: The Best of Aardman Animation (1996),4.2321953773498535
452,4,12,"Usual Suspects, The (1995)",4.227293968200684
452,5,484,"Maltese Falcon, The (1941)",4.215719223022461
452,6,316,As Good As It Gets (1997),4.188144683837891
452,7,357,One Flew Over the Cuckoo's Nest (1975),4.174931526184082
452,8,169,"Wrong Trousers, The (1993)",4.170709609985352
452,9,313,Titanic (1997),4.142735958099365
452,10,408,"Close Shave, A (1995)",4.128060340881348
454,1,1449,Pather Panchali (1955),4.124996185302734
454,2,178,12 Angry Men (1957),4.083581924438477
454,3,408,"Close Shave, A (1995)",3.9354047775268555
454,4,1367,Faust (1994),3.8555750846862793
454,5,320,Paradise Lost: The Child Murders at Robin Hood Hills (1996),3.808854103088379
454,6,1500,Santa with Muscles (1996),3.803495168685913
454,7,83,Much Ado About Nothing (1993),3.7493135929107666
454,8,648,"Quiet Man, The (1952)",3.730443239212036
454,9,187,"Godfather: Part II, The (1974)",3.715120553970337
454,10,190,Henry V (1989),3.7141222953796387
453,1,114,Wallace & Gromit: The Best of Aardman Animation (1996),4.464972496032715
453,2,1500,Santa with Muscles (1996),4.430633544921875
453,3,483,Casablanca (1942),4.421062469482422
453,4,127,"Godfather, The (1972)",4.418103218078613
453,5,1449,Pather Panchali (1955),4.412439346313477
453,6,64,"Shawshank Redemption, The (1994)",4.397299766540527
453,7,313,Titanic (1997),4.394508361816406
453,8,408,"Close Shave, A (1995)",4.382977485656738
453,9,603,Rear Window (1954),4.382956504821777
453,10,169,"Wrong Trousers, The (1993)",4.360103607177734
414,1,114,Wallace & Gromit: The Best of Aardman Animation (1996),4.684957504272461
414,2,1449,Pather Panchali (1955),4.678370475769043
414,3,64,"Shawshank Redemption, The (1994)",4.675730228424072
414,4,1500,Santa with Muscles (1996),4.661342620849609
414,5,480,North by Northwest (1959),4.65690803527832
414,6,174,Raiders of the Lost Ark (1981),4.652458667755127
414,7,178,12 Angry Men (1957),4.651482582092285
414,8,127,"Godfather, The (1972)",4.647968769073486
414,9,318,Schindler's List (1993),4.630609512329102
414,10,483,Casablanca (1942),4.629860877990723
455,1,169,"Wrong Trousers, The (1993)",4.227757453918457
455,2,114,Wallace & Gromit: The Best of Aardman Animation (1996),4.21661376953125
455,3,1449,Pather Panchali (1955),4.211584091186523
455,4,1500,Santa with Muscles (1996),4.175139904022217
455,5,408,"Close Shave, A (1995)",4.171879768371582
455,6,178,12 Angry Men (1957),4.169774055480957
455,7,427,To Kill a Mockingbird (1962),4.1592583656311035
455,8,483,Casablanca (1942),4.138911724090576
455,9,484,"Maltese Falcon, The (1941)",4.086667537689209
455,10,480,North by Northwest (1959),4.079132556915283
444,1,64,"Shawshank Redemption, The (1994)",4.505127906799316
444,2,174,Raiders of the Lost Ark (1981),4.364128112792969
444,3,318,Schindler's List (1993),4.361359119415283
444,4,483,Casablanca (1942),4.337229251861572
444,5,114,Wallace & Gromit: The Best of Aardman Animation (1996),4.337141990661621
444,6,12,"Usual Suspects, The (1995)",4.336370468139648
444,7,1449,Pather Panchali (1955),4.31884765625
444,8,479,Vertigo (1958),4.313804626464844
444,9,478,"Philadelphia Story, The (1940)",4.310466766357422
444,10,302,L.A. Confidential (1997),4.304732322692871
448,1,89,Blade Runner (1982),4.056988716125488
448,2,64,"Shawshank Redemption, The (1994)",4.009744644165039
448,3,483,Casablanca (1942),4.003805160522461
448,4,484,"Maltese Falcon, The (1941)",4.000122547149658
448,5,12,"Usual Suspects, The (1995)",3.9887466430664062
448,6,408,"Close Shave, A (1995)",3.984616756439209
448,7,98,"Silence of the Lambs, The (1991)",3.9844465255737305
448,8,1449,Pather Panchali (1955),3.9820375442504883
448,9,1500,Santa with Muscles (1996),3.981121063232422
448,10,114,Wallace & Gromit: The Best of Aardman Animation (1996),3.9787063598632812
457,1,187,"Godfather: Part II, The (1974)",4.8509626388549805
457,2,1449,Pather Panchali (1955),4.844343185424805
457,3,313,Titanic (1997),4.834263324737549
457,4,1500,Santa with Muscles (1996),4.8130693435668945
457,5,408,"Close Shave, A (1995)",4.804202079772949
457,6,657,"Manchurian Candidate, The (1962)",4.800414085388184
457,7,178,12 Angry Men (1957),4.800134658813477
457,8,656,M (1931),4.796578407287598
457,9,478,"Philadelphia Story, The (1940)",4.7938642501831055
457,10,480,North by Northwest (1959),4.789505958557129
456,1,1449,Pather Panchali (1955),4.3296895027160645
456,2,114,Wallace & Gromit: The Best of Aardman Animation (1996),4.320796012878418
456,3,64,"Shawshank Redemption, The (1994)",4.315815448760986
456,4,1500,Santa with Muscles (1996),4.271756172180176
456,5,169,"Wrong Trousers, The (1993)",4.270768642425537
456,6,134,Citizen Kane (1941),4.26833438873291
456,7,408,"Close Shave, A (1995)",4.259213924407959
456,8,318,Schindler's List (1993),4.251643657684326
456,9,178,12 Angry Men (1957),4.221364498138428
456,10,1367,Faust (1994),4.221221923828125
458,1,114,Wallace & Gromit: The Best of Aardman Animation (1996),4.410426139831543
458,2,480,North by Northwest (1959),4.403891563415527
458,3,1449,Pather Panchali (1955),4.390738487243652
458,4,1500,Santa with Muscles (1996),4.38761043548584
458,5,479,Vertigo (1958),4.356175899505615
458,6,657,"Manchurian Candidate, The (1962)",4.354963779449463
458,7,313,Titanic (1997),4.34162712097168
458,8,1367,Faust (1994),4.302165985107422
458,9,656,M (1931),4.285861492156982
458,10,478,"Philadelphia Story, The (1940)",4.25490665435791
462,1,483,Casablanca (1942),4.755464553833008
462,2,114,Wallace & Gromit: The Best of Aardman Animation (1996),4.7442169189453125
462,3,1449,Pather Panchali (1955),4.742456436157227
462,4,480,North by Northwest (1959),4.739837646484375
462,5,318,Schindler's List (1993),4.738160133361816
462,6,127,"Godfather, The (1972)",4.736924171447754
462,7,178,12 Angry Men (1957),4.735291004180908
462,8,1500,Santa with Muscles (1996),4.727004051208496
462,9,174,Raiders of the Lost Ark (1981),4.7229156494140625
462,10,187,"Godfather: Part II, The (1974)",4.706123352050781
459,1,483,Casablanca (1942),4.51732063293457
459,2,64,"Shawshank Redemption, The (1994)",4.482571601867676
459,3,187,"Godfather: Part II, The (1974)",4.401452541351318
459,4,114,Wallace & Gromit: The Best of Aardman Animation (1996),4.400956153869629
459,5,302,L.A. Confidential (1997),4.390119552612305
459,6,480,North by Northwest (1959),4.380788803100586
459,7,178,12 Angry Men (1957),4.374319076538086
459,8,1449,Pather Panchali (1955),4.368250846862793
459,9,12,"Usual Suspects, The (1995)",4.354736804962158
459,10,408,"Close Shave, A (1995)",4.346530437469482
460,1,64,"Shawshank Redemption, The (1994)",4.302740097045898
460,2,483,Casablanca (1942),4.272841453552246
460,3,408,"Close Shave, A (1995)",4.267560958862305
460,4,480,North by Northwest (1959),4.247331619262695
460,5,114,Wallace & Gromit: The Best of Aardman Animation (1996),4.218848705291748
460,6,1449,Pather Panchali (1955),4.217043876647949
460,7,178,12 Angry Men (1957),4.207358360290527
460,8,318,Schindler's List (1993),4.192434310913086
460,9,513,"Third Man, The (1949)",4.184933662414551
460,10,657,"Manchurian Candidate, The (1962)",4.162885665893555
461,1,483,Casablanca (1942),4.1333327293396
461,2,427,To Kill a Mockingbird (1962),4.0422139167785645
461,3,64,"Shawshank Redemption, The (1994)",4.014839172363281
461,4,1449,Pather Panchali (1955),4.011536598205566
461,5,318,Schindler's List (1993),3.9941420555114746
461,6,114,Wallace & Gromit: The Best of Aardman Animation (1996),3.9853355884552
461,7,408,"Close Shave, A (1995)",3.959920883178711
461,8,1500,Santa with Muscles (1996),3.954139232635498
461,9,12,"Usual Suspects, The (1995)",3.946190118789673
461,10,178,12 Angry Men (1957),3.9361002445220947
467,1,64,"Shawshank Redemption, The (1994)",4.4217634201049805
467,2,483,Casablanca (1942),4.359561920166016
467,3,657,"Manchurian Candidate, The (1962)",4.354281902313232
467,4,408,"Close Shave, A (1995)",4.340175151824951
467,5,178,12 Angry Men (1957),4.339540481567383
467,6,12,"Usual Suspects, The (1995)",4.333072662353516
467,7,427,To Kill a Mockingbird (1962),4.304555892944336
467,8,480,North by Northwest (1959),4.281027793884277
467,9,318,Schindler's List (1993),4.280055999755859
467,10,603,Rear Window (1954),4.273413181304932
468,1,187,"Godfather: Part II, The (1974)",4.679442405700684
468,2,114,Wallace & Gromit: The Best of Aardman Animation (1996),4.678881645202637
468,3,1449,Pather Panchali (1955),4.676405906677246
468,4,313,Titanic (1997),4.658069610595703
468,5,483,Casablanca (1942),4.657773971557617
468,6,1500,Santa with Muscles (1996),4.6178131103515625
468,7,480,North by Northwest (1959),4.603659629821777
468,8,408,"Close Shave, A (1995)",4.593421936035156
468,9,478,"Philadelphia Story, The (1940)",4.58664608001709
468,10,1367,Faust (1994),4.576332092285156
466,1,64,"Shawshank Redemption, The (1994)",4.362548828125
466,2,12,"Usual Suspects, The (1995)",4.317533493041992
466,3,408,"Close Shave, A (1995)",4.300971984863281
466,4,483,Casablanca (1942),4.300470352172852
466,5,318,Schindler's List (1993),4.266121864318848
466,6,1449,Pather Panchali (1955),4.234027862548828
466,7,114,Wallace & Gromit: The Best of Aardman Animation (1996),4.219686031341553
466,8,169,"Wrong Trousers, The (1993)",4.1945085525512695
466,9,1500,Santa with Muscles (1996),4.1909379959106445
466,10,427,To Kill a Mockingbird (1962),4.189432144165039
472,1,114,Wallace & Gromit: The Best of Aardman Animation (1996),4.84451961517334
472,2,187,"Godfather: Part II, The (1974)",4.827450752258301
472,3,1449,Pather Panchali (1955),4.8160552978515625
472,4,480,North by Northwest (1959),4.808643341064453
472,5,1500,Santa with Muscles (1996),4.802609920501709
472,6,408,"Close Shave, A (1995)",4.788086891174316
472,7,656,M (1931),4.7834882736206055
472,8,478,"Philadelphia Story, The (1940)",4.782692909240723
472,9,302,L.A. Confidential (1997),4.782346725463867
472,10,127,"Godfather, The (1972)",4.779849052429199
465,1,1449,Pather Panchali (1955),4.103165626525879
465,2,427,To Kill a Mockingbird (1962),3.9495108127593994
465,3,223,Sling Blade (1996),3.9222826957702637
465,4,173,"Princess Bride, The (1987)",3.9162395000457764
465,5,89,Blade Runner (1982),3.9124596118927
465,6,483,Casablanca (1942),3.90820574760437
465,7,1169,Fresh (1994),3.897531270980835
465,8,479,Vertigo (1958),3.896064043045044
465,9,515,"Boot, Das (1981)",3.891331911087036
465,10,489,Notorious (1946),3.8811213970184326
463,1,178,12 Angry Men (1957),4.334504127502441
463,2,483,Casablanca (1942),4.307621955871582
463,3,64,"Shawshank Redemption, The (1994)",4.297473907470703
463,4,657,"Manchurian Candidate, The (1962)",4.288108825683594
463,5,408,"Close Shave, A (1995)",4.281968116760254
463,6,1500,Santa with Muscles (1996),4.280534744262695
463,7,1449,Pather Panchali (1955),4.279758930206299
463,8,114,Wallace & Gromit: The Best of Aardman Animation (1996),4.275547027587891
463,9,480,North by Northwest (1959),4.272274971008301
463,10,169,"Wrong Trousers, The (1993)",4.263545036315918
471,1,64,"Shawshank Redemption, The (1994)",4.096158981323242
471,2,483,Casablanca (1942),4.076267242431641
471,3,1449,Pather Panchali (1955),4.024155616760254
471,4,223,Sling Blade (1996),4.017137050628662
471,5,427,To Kill a Mockingbird (1962),3.984048843383789
471,6,169,"Wrong Trousers, The (1993)",3.980133533477783
471,7,357,One Flew Over the Cuckoo's Nest (1975),3.961275815963745
471,8,480,North by Northwest (1959),3.9505221843719482
471,9,89,Blade Runner (1982),3.9492926597595215
471,10,98,"Silence of the Lambs, The (1991)",3.947556495666504
474,1,1449,Pather Panchali (1955),4.651702880859375
474,2,114,Wallace & Gromit: The Best of Aardman Animation (1996),4.6477203369140625
474,3,1500,Santa with Muscles (1996),4.60988712310791
474,4,408,"Close Shave, A (1995)",4.6096510887146
474,5,656,M (1931),4.574715614318848
474,6,1367,Faust (1994),4.563753604888916
474,7,169,"Wrong Trousers, The (1993)",4.54909086227417
474,8,1642,Some Mother's Son (1996),4.510983467102051
474,9,223,Sling Blade (1996),4.5057373046875
474,10,1529,Underground (1995),4.504914283752441
469,1,114,Wallace & Gromit: The Best of Aardman Animation (1996),4.750774383544922
469,2,408,"Close Shave, A (1995)",4.730060577392578
469,3,480,North by Northwest (1959),4.725080490112305
469,4,313,Titanic (1997),4.723132133483887
469,5,1500,Santa with Muscles (1996),4.716831207275391
469,6,178,12 Angry Men (1957),4.716280937194824
469,7,1449,Pather Panchali (1955),4.704181671142578
469,8,191,Amadeus (1984),4.698963165283203
469,9,174,Raiders of the Lost Ark (1981),4.688366889953613
469,10,357,One Flew Over the Cuckoo's Nest (1975),4.677931308746338
464,1,318,Schindler's List (1993),4.757594108581543
464,2,187,"Godfather: Part II, The (1974)",4.728668212890625
464,3,1449,Pather Panchali (1955),4.72747802734375
464,4,174,Raiders of the Lost Ark (1981),4.723773956298828
464,5,114,Wallace & Gromit: The Best of Aardman Animation (1996),4.708493709564209
464,6,483,Casablanca (1942),4.704181671142578
464,7,313,Titanic (1997),4.687929153442383
464,8,178,12 Angry Men (1957),4.682190418243408
464,9,1500,Santa with Muscles (1996),4.6693620681762695
464,10,64,"Shawshank Redemption, The (1994)",4.662416458129883
476,1,318,Schindler's List (1993),4.525478363037109
476,2,174,Raiders of the Lost Ark (1981),4.489337921142578
476,3,1449,Pather Panchali (1955),4.483406066894531
476,4,64,"Shawshank Redemption, The (1994)",4.483254432678223
476,5,114,Wallace & Gromit: The Best of Aardman Animation (1996),4.45842981338501
476,6,50,Star Wars (1977),4.4563069343566895
476,7,483,Casablanca (1942),4.44788122177124
476,8,1500,Santa with Muscles (1996),4.434431076049805
476,9,12,"Usual Suspects, The (1995)",4.427680015563965
476,10,178,12 Angry Men (1957),4.42033576965332
478,1,483,Casablanca (1942),4.514333248138428
478,2,313,Titanic (1997),4.450429916381836
478,3,480,North by Northwest (1959),4.421647071838379
478,4,114,Wallace & Gromit: The Best of Aardman Animation (1996),4.421058654785156
478,5,657,"Manchurian Candidate, The (1962)",4.408690452575684
478,6,1500,Santa with Muscles (1996),4.398497581481934
478,7,656,M (1931),4.384433269500732
478,8,408,"Close Shave, A (1995)",4.382640838623047
478,9,1449,Pather Panchali (1955),4.367433547973633
478,10,127,"Godfather, The (1972)",4.359968662261963
473,1,1449,Pather Panchali (1955),4.489021301269531
473,2,114,Wallace & Gromit: The Best of Aardman Animation (1996),4.486804485321045
473,3,64,"Shawshank Redemption, The (1994)",4.476545333862305
473,4,408,"Close Shave, A (1995)",4.473153114318848
473,5,178,12 Angry Men (1957),4.471314430236816
473,6,1500,Santa with Muscles (1996),4.469608306884766
473,7,483,Casablanca (1942),4.461180686950684
473,8,169,"Wrong Trousers, The (1993)",4.459349155426025
473,9,318,Schindler's List (1993),4.447202682495117
473,10,427,To Kill a Mockingbird (1962),4.444929122924805
470,1,64,"Shawshank Redemption, The (1994)",4.364691734313965
470,2,318,Schindler's List (1993),4.258015155792236
470,3,114,Wallace & Gromit: The Best of Aardman Animation (1996),4.249189376831055
470,4,174,Raiders of the Lost Ark (1981),4.240996360778809
470,5,169,"Wrong Trousers, The (1993)",4.217355728149414
470,6,1449,Pather Panchali (1955),4.211291313171387
470,7,479,Vertigo (1958),4.199833869934082
470,8,178,12 Angry Men (1957),4.190021991729736
470,9,1500,Santa with Muscles (1996),4.188159942626953
470,10,98,"Silence of the Lambs, The (1991)",4.181887626647949
480,1,318,Schindler's List (1993),4.387897491455078
480,2,408,"Close Shave, A (1995)",4.311491966247559
480,3,1449,Pather Panchali (1955),4.289331436157227
480,4,1500,Santa with Muscles (1996),4.26230525970459
480,5,427,To Kill a Mockingbird (1962),4.257787227630615
480,6,178,12 Angry Men (1957),4.2499680519104
480,7,223,Sling Blade (1996),4.24193811416626
480,8,484,"Maltese Falcon, The (1941)",4.230324745178223
480,9,480,North by Northwest (1959),4.202085494995117
480,10,199,"Bridge on the River Kwai, The (1957)",4.200550079345703
441,1,408,"Close Shave, A (1995)",4.4098663330078125
441,2,64,"Shawshank Redemption, The (1994)",4.4000444412231445
441,3,178,12 Angry Men (1957),4.383976459503174
441,4,357,One Flew Over the Cuckoo's Nest (1975),4.350968360900879
441,5,483,Casablanca (1942),4.350490570068359
441,6,478,"Philadelphia Story, The (1940)",4.336940288543701
441,7,50,Star Wars (1977),4.335450172424316
441,8,127,"Godfather, The (1972)",4.334099769592285
441,9,480,North by Northwest (1959),4.320355415344238
441,10,1449,Pather Panchali (1955),4.316263198852539
479,1,64,"Shawshank Redemption, The (1994)",4.4991865158081055
479,2,1449,Pather Panchali (1955),4.4747419357299805
479,3,1500,Santa with Muscles (1996),4.474698066711426
479,4,178,12 Angry Men (1957),4.4718098640441895
479,5,114,Wallace & Gromit: The Best of Aardman Animation (1996),4.4670915603637695
479,6,12,"Usual Suspects, The (1995)",4.437384605407715
479,7,313,Titanic (1997),4.4326395988464355
479,8,134,Citizen Kane (1941),4.42575740814209
479,9,98,"Silence of the Lambs, The (1991)",4.416646957397461
479,10,427,To Kill a Mockingbird (1962),4.415861129760742
484,1,1449,Pather Panchali (1955),4.744872093200684
484,2,483,Casablanca (1942),4.737795829772949
484,3,480,North by Northwest (1959),4.7367963790893555
484,4,114,Wallace & Gromit: The Best of Aardman Animation (1996),4.734896659851074
484,5,187,"Godfather: Part II, The (1974)",4.722537994384766
484,6,1500,Santa with Muscles (1996),4.713386535644531
484,7,178,12 Angry Men (1957),4.700070381164551
484,8,127,"Godfather, The (1972)",4.698749542236328
484,9,657,"Manchurian Candidate, The (1962)",4.697268962860107
484,10,515,"Boot, Das (1981)",4.6948041915893555
486,1,1449,Pather Panchali (1955),4.446975231170654
486,2,483,Casablanca (1942),4.400350570678711
486,3,114,Wallace & Gromit: The Best of Aardman Animation (1996),4.39811897277832
486,4,1500,Santa with Muscles (1996),4.384770393371582
486,5,318,Schindler's List (1993),4.380173683166504
486,6,169,"Wrong Trousers, The (1993)",4.378721237182617
486,7,98,"Silence of the Lambs, The (1991)",4.367076873779297
486,8,134,Citizen Kane (1941),4.353645324707031
486,9,480,North by Northwest (1959),4.353631019592285
486,10,357,One Flew Over the Cuckoo's Nest (1975),4.347325325012207
487,1,483,Casablanca (1942),4.655519008636475
487,2,114,Wallace & Gromit: The Best of Aardman Animation (1996),4.648499488830566
487,3,480,North by Northwest (1959),4.648107528686523
487,4,1500,Santa with Muscles (1996),4.636201858520508
487,5,1449,Pather Panchali (1955),4.636118412017822
487,6,127,"Godfather, The (1972)",4.626169204711914
487,7,657,"Manchurian Candidate, The (1962)",4.604625225067139
487,8,408,"Close Shave, A (1995)",4.597268104553223
487,9,169,"Wrong Trousers, The (1993)",4.591992378234863
487,10,134,Citizen Kane (1941),4.591159820556641
482,1,64,"Shawshank Redemption, The (1994)",4.539759635925293
482,2,187,"Godfather: Part II, The (1974)",4.485219478607178
482,3,483,Casablanca (1942),4.47535514831543
482,4,174,Raiders of the Lost Ark (1981),4.472064971923828
482,5,408,"Close Shave, A (1995)",4.464235305786133
482,6,114,Wallace & Gromit: The Best of Aardman Animation (1996),4.439127445220947
482,7,318,Schindler's List (1993),4.424010753631592
482,8,656,M (1931),4.420787334442139
482,9,12,"Usual Suspects, The (1995)",4.420068740844727
482,10,657,"Manchurian Candidate, The (1962)",4.419794082641602
481,1,64,"Shawshank Redemption, The (1994)",4.526982307434082
481,2,174,Raiders of the Lost Ark (1981),4.4935302734375
481,3,483,Casablanca (1942),4.472774028778076
481,4,114,Wallace & Gromit: The Best of Aardman Animation (1996),4.467411994934082
481,5,187,"Godfather: Part II, The (1974)",4.454610824584961
481,6,1449,Pather Panchali (1955),4.441155433654785
481,7,1500,Santa with Muscles (1996),4.439460277557373
481,8,480,North by Northwest (1959),4.427379608154297
481,9,178,12 Angry Men (1957),4.423791408538818
481,10,478,"Philadelphia Story, The (1940)",4.402108192443848
492,1,408,"Close Shave, A (1995)",4.247035980224609
492,2,178,12 Angry Men (1957),4.244383811950684
492,3,1449,Pather Panchali (1955),4.241361141204834
492,4,480,North by Northwest (1959),4.197655200958252
492,5,1500,Santa with Muscles (1996),4.1836137771606445
492,6,169,"Wrong Trousers, The (1993)",4.173853874206543
492,7,313,Titanic (1997),4.146021366119385
492,8,114,Wallace & Gromit: The Best of Aardman Animation (1996),4.130913734436035
492,9,427,To Kill a Mockingbird (1962),4.127371788024902
492,10,513,"Third Man, The (1949)",4.121651649475098
493,1,187,"Godfather: Part II, The (1974)",4.600286483764648
493,2,64,"Shawshank Redemption, The (1994)",4.583022117614746
493,3,114,Wallace & Gromit: The Best of Aardman Animation (1996),4.564562797546387
493,4,1449,Pather Panchali (1955),4.559548377990723
493,5,480,North by Northwest (1959),4.543814659118652
493,6,1500,Santa with Muscles (1996),4.526031494140625
493,7,408,"Close Shave, A (1995)",4.516694068908691
493,8,478,"Philadelphia Story, The (1940)",4.501023769378662
493,9,656,M (1931),4.497169494628906
493,10,178,12 Angry Men (1957),4.496947288513184
490,1,657,"Manchurian Candidate, The (1962)",3.9631876945495605
490,2,64,"Shawshank Redemption, The (1994)",3.9567999839782715
490,3,318,Schindler's List (1993),3.9439351558685303
490,4,483,Casablanca (1942),3.9169299602508545
490,5,12,"Usual Suspects, The (1995)",3.9083797931671143
490,6,427,To Kill a Mockingbird (1962),3.907087564468384
490,7,1449,Pather Panchali (1955),3.899174451828003
490,8,408,"Close Shave, A (1995)",3.860243558883667
490,9,480,North by Northwest (1959),3.856609582901001
490,10,134,Citizen Kane (1941),3.8144266605377197
489,1,483,Casablanca (1942),4.671706199645996
489,2,64,"Shawshank Redemption, The (1994)",4.670544624328613
489,3,318,Schindler's List (1993),4.655109405517578
489,4,480,North by Northwest (1959),4.652780532836914
489,5,174,Raiders of the Lost Ark (1981),4.649427890777588
489,6,1449,Pather Panchali (1955),4.643646240234375
489,7,187,"Godfather: Part II, The (1974)",4.639745712280273
489,8,114,Wallace & Gromit: The Best of Aardman Animation (1996),4.6231560707092285
489,9,50,Star Wars (1977),4.613709449768066
489,10,178,12 Angry Men (1957),4.603695392608643
483,1,64,"Shawshank Redemption, The (1994)",3.944464921951294
483,2,169,"Wrong Trousers, The (1993)",3.7351574897766113
483,3,657,"Manchurian Candidate, The (1962)",3.70145845413208
483,4,1449,Pather Panchali (1955),3.634432792663574
483,5,479,Vertigo (1958),3.6238653659820557
483,6,1642,Some Mother's Son (1996),3.613288164138794
483,7,483,Casablanca (1942),3.5855772495269775
483,8,474,Dr. Strangelove or: How I Learned to Stop Worrying and Love the Bomb (1963),3.5804872512817383
483,9,134,Citizen Kane (1941),3.5611250400543213
483,10,89,Blade Runner (1982),3.552267074584961
496,1,1449,Pather Panchali (1955),4.151861667633057
496,2,169,"Wrong Trousers, The (1993)",4.071780204772949
496,3,178,12 Angry Men (1957),4.021988868713379
496,4,114,Wallace & Gromit: The Best of Aardman Animation (1996),4.0127482414245605
496,5,603,Rear Window (1954),3.9751577377319336
496,6,1500,Santa with Muscles (1996),3.952455520629883
496,7,427,To Kill a Mockingbird (1962),3.935239553451538
496,8,1367,Faust (1994),3.9281229972839355
496,9,357,One Flew Over the Cuckoo's Nest (1975),3.9120256900787354
496,10,479,Vertigo (1958),3.8620147705078125
494,1,318,Schindler's List (1993),4.3558807373046875
494,2,114,Wallace & Gromit: The Best of Aardman Animation (1996),4.336483955383301
494,3,178,12 Angry Men (1957),4.294895172119141
494,4,1449,Pather Panchali (1955),4.280017852783203
494,5,408,"Close Shave, A (1995)",4.278843879699707
494,6,480,North by Northwest (1959),4.272459030151367
494,7,483,Casablanca (1942),4.262326240539551
494,8,1500,Santa with Muscles (1996),4.262324333190918
494,9,657,"Manchurian Candidate, The (1962)",4.249924659729004
494,10,169,"Wrong Trousers, The (1993)",4.237331390380859
495,1,114,Wallace & Gromit: The Best of Aardman Animation (1996),4.592693328857422
495,2,483,Casablanca (1942),4.5777130126953125
495,3,1449,Pather Panchali (1955),4.5587615966796875
495,4,1500,Santa with Muscles (1996),4.537985801696777
495,5,318,Schindler's List (1993),4.533969879150391
495,6,480,North by Northwest (1959),4.520364761352539
495,7,178,12 Angry Men (1957),4.517536163330078
495,8,169,"Wrong Trousers, The (1993)",4.506529331207275
495,9,199,"Bridge on the River Kwai, The (1957)",4.505795478820801
495,10,515,"Boot, Das (1981)",4.503568172454834
477,1,174,Raiders of the Lost Ark (1981),4.8931121826171875
477,2,114,Wallace & Gromit: The Best of Aardman Animation (1996),4.886115074157715
477,3,187,"Godfather: Part II, The (1974)",4.87966251373291
477,4,1449,Pather Panchali (1955),4.87685489654541
477,5,318,Schindler's List (1993),4.875479698181152
477,6,50,Star Wars (1977),4.867623329162598
477,7,483,Casablanca (1942),4.867602348327637
477,8,1500,Santa with Muscles (1996),4.861666679382324
477,9,313,Titanic (1997),4.859431266784668
477,10,478,"Philadelphia Story, The (1940)",4.854718208312988
497,1,64,"Shawshank Redemption, The (1994)",4.339942932128906
497,2,483,Casablanca (1942),4.240938186645508
497,3,313,Titanic (1997),4.188093185424805
497,4,479,Vertigo (1958),4.144339561462402
497,5,1449,Pather Panchali (1955),4.140493392944336
497,6,318,Schindler's List (1993),4.139216423034668
497,7,656,M (1931),4.123133659362793
497,8,480,North by Northwest (1959),4.1052656173706055
497,9,134,Citizen Kane (1941),4.081769943237305
497,10,427,To Kill a Mockingbird (1962),4.081686019897461
488,1,1449,Pather Panchali (1955),4.065691947937012
488,2,12,"Usual Suspects, The (1995)",4.0655293464660645
488,3,1500,Santa with Muscles (1996),4.053383827209473
488,4,427,To Kill a Mockingbird (1962),4.04768180847168
488,5,169,"Wrong Trousers, The (1993)",4.038229465484619
488,6,114,Wallace & Gromit: The Best of Aardman Animation (1996),3.995537519454956
488,7,313,Titanic (1997),3.9631524085998535
488,8,408,"Close Shave, A (1995)",3.9576401710510254
488,9,528,"Killing Fields, The (1984)",3.9125659465789795
488,10,657,"Manchurian Candidate, The (1962)",3.9005579948425293
498,1,408,"Close Shave, A (1995)",3.8492462635040283
498,2,1449,Pather Panchali (1955),3.817009687423706
498,3,169,"Wrong Trousers, The (1993)",3.729692220687866
498,4,272,Good Will Hunting (1997),3.728419542312622
498,5,427,To Kill a Mockingbird (1962),3.726848840713501
498,6,318,Schindler's List (1993),3.723144769668579
498,7,114,Wallace & Gromit: The Best of Aardman Animation (1996),3.720889091491699
498,8,513,"Third Man, The (1949)",3.711261510848999
498,9,648,"Quiet Man, The (1952)",3.7019543647766113
498,10,1368,Mina Tannenbaum (1994),3.6913042068481445
499,1,114,Wallace & Gromit: The Best of Aardman Animation (1996),4.476223468780518
499,2,1449,Pather Panchali (1955),4.470052719116211
499,3,408,"Close Shave, A (1995)",4.463434219360352
499,4,64,"Shawshank Redemption, The (1994)",4.442272186279297
499,5,1500,Santa with Muscles (1996),4.441259384155273
499,6,178,12 Angry Men (1957),4.407257080078125
499,7,134,Citizen Kane (1941),4.405545234680176
499,8,169,"Wrong Trousers, The (1993)",4.399077892303467
499,9,480,North by Northwest (1959),4.396579742431641
499,10,187,"Godfather: Part II, The (1974)",4.377294063568115
491,1,64,"Shawshank Redemption, The (1994)",4.5068159103393555
491,2,114,Wallace & Gromit: The Best of Aardman Animation (1996),4.481991767883301
491,3,483,Casablanca (1942),4.461660385131836
491,4,1449,Pather Panchali (1955),4.445997714996338
491,5,178,12 Angry Men (1957),4.445727348327637
491,6,480,North by Northwest (1959),4.441715240478516
491,7,1500,Santa with Muscles (1996),4.439416885375977
491,8,318,Schindler's List (1993),4.43438720703125
491,9,313,Titanic (1997),4.413508415222168
491,10,357,One Flew Over the Cuckoo's Nest (1975),4.38741397857666
500,1,64,"Shawshank Redemption, The (1994)",4.395320892333984
500,2,318,Schindler's List (1993),4.305556297302246
500,3,178,12 Angry Men (1957),4.24472188949585
500,4,1449,Pather Panchali (1955),4.234123229980469
500,5,357,One Flew Over the Cuckoo's Nest (1975),4.219407558441162
500,6,114,Wallace & Gromit: The Best of Aardman Animation (1996),4.214909553527832
500,7,169,"Wrong Trousers, The (1993)",4.186347007751465
500,8,603,Rear Window (1954),4.184621334075928
500,9,484,"Maltese Falcon, The (1941)",4.179017066955566
500,10,1500,Santa with Muscles (1996),4.175073623657227
502,1,483,Casablanca (1942),4.550722122192383
502,2,480,North by Northwest (1959),4.486508846282959
502,3,187,"Godfather: Part II, The (1974)",4.472995758056641
502,4,178,12 Angry Men (1957),4.465816497802734
502,5,1449,Pather Panchali (1955),4.457733631134033
502,6,408,"Close Shave, A (1995)",4.456765174865723
502,7,64,"Shawshank Redemption, The (1994)",4.456731796264648
502,8,318,Schindler's List (1993),4.447660446166992
502,9,174,Raiders of the Lost Ark (1981),4.427066802978516
502,10,272,Good Will Hunting (1997),4.421520233154297
503,1,114,Wallace & Gromit: The Best of Aardman Animation (1996),4.800342559814453
503,2,1449,Pather Panchali (1955),4.779815196990967
503,3,178,12 Angry Men (1957),4.763372898101807
503,4,408,"Close Shave, A (1995)",4.753006935119629
503,5,483,Casablanca (1942),4.745243072509766
503,6,1500,Santa with Muscles (1996),4.743885040283203
503,7,656,M (1931),4.743684768676758
503,8,480,North by Northwest (1959),4.731456756591797
503,9,1367,Faust (1994),4.7287421226501465
503,10,657,"Manchurian Candidate, The (1962)",4.72603702545166
504,1,64,"Shawshank Redemption, The (1994)",4.338781356811523
504,2,483,Casablanca (1942),4.3282790184021
504,3,313,Titanic (1997),4.233593940734863
504,4,114,Wallace & Gromit: The Best of Aardman Animation (1996),4.221756458282471
504,5,427,To Kill a Mockingbird (1962),4.221530914306641
504,6,1500,Santa with Muscles (1996),4.192836761474609
504,7,169,"Wrong Trousers, The (1993)",4.191252708435059
504,8,1449,Pather Panchali (1955),4.183027267456055
504,9,12,"Usual Suspects, The (1995)",4.1694512367248535
504,10,134,Citizen Kane (1941),4.165797233581543
505,1,64,"Shawshank Redemption, The (1994)",4.211877346038818
505,2,114,Wallace & Gromit: The Best of Aardman Animation (1996),4.187009811401367
505,3,483,Casablanca (1942),4.179021835327148
505,4,1500,Santa with Muscles (1996),4.134265899658203
505,5,480,North by Northwest (1959),4.128788471221924
505,6,408,"Close Shave, A (1995)",4.125508785247803
505,7,1449,Pather Panchali (1955),4.123540878295898
505,8,318,Schindler's List (1993),4.109407424926758
505,9,169,"Wrong Trousers, The (1993)",4.102996826171875
505,10,223,Sling Blade (1996),4.088494300842285
506,1,64,"Shawshank Redemption, The (1994)",4.485584259033203
506,2,178,12 Angry Men (1957),4.4574737548828125
506,3,318,Schindler's List (1993),4.4565629959106445
506,4,408,"Close Shave, A (1995)",4.45323371887207
506,5,313,Titanic (1997),4.450451374053955
506,6,114,Wallace & Gromit: The Best of Aardman Animation (1996),4.430975914001465
506,7,1449,Pather Panchali (1955),4.430621147155762
506,8,483,Casablanca (1942),4.42958927154541
506,9,1500,Santa with Muscles (1996),4.413625717163086
506,10,427,To Kill a Mockingbird (1962),4.409651279449463
443,1,480,North by Northwest (1959),4.440492630004883
443,2,114,Wallace & Gromit: The Best of Aardman Animation (1996),4.437649726867676
443,3,178,12 Angry Men (1957),4.417089462280273
443,4,408,"Close Shave, A (1995)",4.408374786376953
443,5,64,"Shawshank Redemption, The (1994)",4.404477119445801
443,6,1449,Pather Panchali (1955),4.397808074951172
443,7,515,"Boot, Das (1981)",4.395917892456055
443,8,483,Casablanca (1942),4.3906941413879395
443,9,127,"Godfather, The (1972)",4.385601043701172
443,10,657,"Manchurian Candidate, The (1962)",4.371843338012695
507,1,187,"Godfather: Part II, The (1974)",4.937922954559326
507,2,174,Raiders of the Lost Ark (1981),4.936152458190918
507,3,483,Casablanca (1942),4.926915168762207
507,4,318,Schindler's List (1993),4.926759243011475
507,5,114,Wallace & Gromit: The Best of Aardman Animation (1996),4.925819396972656
507,6,1449,Pather Panchali (1955),4.925512790679932
507,7,178,12 Angry Men (1957),4.913857936859131
507,8,478,"Philadelphia Story, The (1940)",4.913455009460449
507,9,1500,Santa with Muscles (1996),4.911235809326172
507,10,656,M (1931),4.9066362380981445
514,1,187,"Godfather: Part II, The (1974)",4.514838695526123
514,2,1449,Pather Panchali (1955),4.495164394378662
514,3,127,"Godfather, The (1972)",4.480865478515625
514,4,478,"Philadelphia Story, The (1940)",4.474313259124756
514,5,1500,Santa with Muscles (1996),4.474274635314941
514,6,480,North by Northwest (1959),4.453545570373535
514,7,316,As Good As It Gets (1997),4.450197219848633
514,8,427,To Kill a Mockingbird (1962),4.436199188232422
514,9,479,Vertigo (1958),4.432796478271484
514,10,656,M (1931),4.429816246032715
508,1,64,"Shawshank Redemption, The (1994)",4.4842023849487305
508,2,1449,Pather Panchali (1955),4.455225944519043
508,3,408,"Close Shave, A (1995)",4.446343898773193
508,4,480,North by Northwest (1959),4.426081657409668
508,5,178,12 Angry Men (1957),4.415597915649414
508,6,114,Wallace & Gromit: The Best of Aardman Animation (1996),4.413912773132324
508,7,1500,Santa with Muscles (1996),4.412324905395508
508,8,427,To Kill a Mockingbird (1962),4.410480499267578
508,9,12,"Usual Suspects, The (1995)",4.406609058380127
508,10,483,Casablanca (1942),4.388687610626221
511,1,1449,Pather Panchali (1955),4.563902854919434
511,2,114,Wallace & Gromit: The Best of Aardman Animation (1996),4.55011510848999
511,3,318,Schindler's List (1993),4.5312819480896
511,4,64,"Shawshank Redemption, The (1994)",4.530811309814453
511,5,408,"Close Shave, A (1995)",4.52543830871582
511,6,98,"Silence of the Lambs, The (1991)",4.523153305053711
511,7,1500,Santa with Muscles (1996),4.520079612731934
511,8,357,One Flew Over the Cuckoo's Nest (1975),4.519980430603027
511,9,483,Casablanca (1942),4.51930046081543
511,10,134,Citizen Kane (1941),4.517730712890625
515,1,64,"Shawshank Redemption, The (1994)",4.190933704376221
515,2,483,Casablanca (1942),4.0315632820129395
515,3,12,"Usual Suspects, The (1995)",3.975511074066162
515,4,318,Schindler's List (1993),3.949667453765869
515,5,657,"Manchurian Candidate, The (1962)",3.9276392459869385
515,6,1449,Pather Panchali (1955),3.9242494106292725
515,7,98,"Silence of the Lambs, The (1991)",3.9157371520996094
515,8,408,"Close Shave, A (1995)",3.913902521133423
515,9,114,Wallace & Gromit: The Best of Aardman Animation (1996),3.9037230014801025
515,10,480,North by Northwest (1959),3.9010534286499023
512,1,483,Casablanca (1942),4.745361328125
512,2,174,Raiders of the Lost Ark (1981),4.735112190246582
512,3,114,Wallace & Gromit: The Best of Aardman Animation (1996),4.729991912841797
512,4,1449,Pather Panchali (1955),4.726901531219482
512,5,187,"Godfather: Part II, The (1974)",4.725219249725342
512,6,480,North by Northwest (1959),4.724846363067627
512,7,178,12 Angry Men (1957),4.709540843963623
512,8,127,"Godfather, The (1972)",4.709436893463135
512,9,1500,Santa with Muscles (1996),4.703685760498047
512,10,515,"Boot, Das (1981)",4.698416709899902
513,1,318,Schindler's List (1993),4.74505615234375
513,2,64,"Shawshank Redemption, The (1994)",4.742879867553711
513,3,174,Raiders of the Lost Ark (1981),4.7414960861206055
513,4,187,"Godfather: Part II, The (1974)",4.738866806030273
513,5,1449,Pather Panchali (1955),4.6880316734313965
513,6,114,Wallace & Gromit: The Best of Aardman Animation (1996),4.68532657623291
513,7,483,Casablanca (1942),4.678389549255371
513,8,285,Secrets & Lies (1996),4.668911933898926
513,9,478,"Philadelphia Story, The (1940)",4.661542892456055
513,10,480,North by Northwest (1959),4.657976150512695
475,1,64,"Shawshank Redemption, The (1994)",4.396331787109375
475,2,408,"Close Shave, A (1995)",4.253422737121582
475,3,479,Vertigo (1958),4.251354217529297
475,4,114,Wallace & Gromit: The Best of Aardman Animation (1996),4.228704452514648
475,5,478,"Philadelphia Story, The (1940)",4.192142486572266
475,6,1449,Pather Panchali (1955),4.191616058349609
475,7,169,"Wrong Trousers, The (1993)",4.182666778564453
475,8,12,"Usual Suspects, The (1995)",4.1651082038879395
475,9,174,Raiders of the Lost Ark (1981),4.16406774520874
475,10,1500,Santa with Muscles (1996),4.154984474182129
523,1,174,Raiders of the Lost Ark (1981),4.799375534057617
523,2,318,Schindler's List (1993),4.791072845458984
523,3,187,"Godfather: Part II, The (1974)",4.783622741699219
523,4,64,"Shawshank Redemption, The (1994)",4.77086067199707
523,5,1449,Pather Panchali (1955),4.754059791564941
523,6,313,Titanic (1997),4.747581481933594
523,7,12,"Usual Suspects, The (1995)",4.721323013305664
523,8,178,12 Angry Men (1957),4.718944549560547
523,9,223,Sling Blade (1996),4.718008995056152
523,10,199,"Bridge on the River Kwai, The (1957)",4.707910537719727
518,1,64,"Shawshank Redemption, The (1994)",4.581872940063477
518,2,483,Casablanca (1942),4.523284912109375
518,3,479,Vertigo (1958),4.522286415100098
518,4,50,Star Wars (1977),4.488994598388672
518,5,114,Wallace & Gromit: The Best of Aardman Animation (1996),4.465420722961426
518,6,313,Titanic (1997),4.458306312561035
518,7,480,North by Northwest (1959),4.45380973815918
518,8,174,Raiders of the Lost Ark (1981),4.451905250549316
518,9,1500,Santa with Muscles (1996),4.448009967803955
518,10,654,Chinatown (1974),4.426959037780762
509,1,1449,Pather Panchali (1955),4.357907295227051
509,2,178,12 Angry Men (1957),4.354063034057617
509,3,483,Casablanca (1942),4.326483726501465
509,4,480,North by Northwest (1959),4.296844482421875
509,5,313,Titanic (1997),4.283662796020508
509,6,114,Wallace & Gromit: The Best of Aardman Animation (1996),4.263279914855957
509,7,1500,Santa with Muscles (1996),4.262454986572266
509,8,64,"Shawshank Redemption, The (1994)",4.259657859802246
509,9,427,To Kill a Mockingbird (1962),4.24691915512085
509,10,12,"Usual Suspects, The (1995)",4.224355697631836
516,1,64,"Shawshank Redemption, The (1994)",4.564492225646973
516,2,114,Wallace & Gromit: The Best of Aardman Animation (1996),4.468784332275391
516,3,174,Raiders of the Lost Ark (1981),4.457228660583496
516,4,302,L.A. Confidential (1997),4.422079086303711
516,5,187,"Godfather: Part II, The (1974)",4.417746543884277
516,6,12,"Usual Suspects, The (1995)",4.411384582519531
516,7,313,Titanic (1997),4.403600692749023
516,8,408,"Close Shave, A (1995)",4.390832901000977
516,9,318,Schindler's List (1993),4.357748031616211
516,10,483,Casablanca (1942),4.353972434997559
510,1,64,"Shawshank Redemption, The (1994)",4.200730800628662
510,2,483,Casablanca (1942),4.150906562805176
510,3,50,Star Wars (1977),4.120663166046143
510,4,318,Schindler's List (1993),4.110395431518555
510,5,408,"Close Shave, A (1995)",4.10425329208374
510,6,178,12 Angry Men (1957),4.101025104522705
510,7,223,Sling Blade (1996),4.092289924621582
510,8,1449,Pather Panchali (1955),4.078902721405029
510,9,357,One Flew Over the Cuckoo's Nest (1975),4.072797775268555
510,10,98,"Silence of the Lambs, The (1991)",4.06651496887207
524,1,408,"Close Shave, A (1995)",4.063853740692139
524,2,114,Wallace & Gromit: The Best of Aardman Animation (1996),4.031718730926514
524,3,169,"Wrong Trousers, The (1993)",4.011569976806641
524,4,313,Titanic (1997),3.9482405185699463
524,5,656,M (1931),3.946967601776123
524,6,1449,Pather Panchali (1955),3.9242796897888184
524,7,1642,Some Mother's Son (1996),3.8957576751708984
524,8,1500,Santa with Muscles (1996),3.8855791091918945
524,9,641,Paths of Glory (1957),3.878647565841675
524,10,223,Sling Blade (1996),3.859951972961426
501,1,64,"Shawshank Redemption, The (1994)",4.4961395263671875
501,2,480,North by Northwest (1959),4.453814506530762
501,3,114,Wallace & Gromit: The Best of Aardman Animation (1996),4.439455986022949
501,4,174,Raiders of the Lost Ark (1981),4.426174163818359
501,5,656,M (1931),4.408740997314453
501,6,50,Star Wars (1977),4.38232421875
501,7,1500,Santa with Muscles (1996),4.380958557128906
501,8,187,"Godfather: Part II, The (1974)",4.372945785522461
501,9,654,Chinatown (1974),4.368901252746582
501,10,483,Casablanca (1942),4.368246078491211
525,1,1449,Pather Panchali (1955),4.388461112976074
525,2,408,"Close Shave, A (1995)",4.375222682952881
525,3,64,"Shawshank Redemption, The (1994)",4.371774673461914
525,4,1500,Santa with Muscles (1996),4.370147228240967
525,5,480,North by Northwest (1959),4.362113952636719
525,6,114,Wallace & Gromit: The Best of Aardman Animation (1996),4.341005325317383
525,7,169,"Wrong Trousers, The (1993)",4.329930305480957
525,8,318,Schindler's List (1993),4.327500343322754
525,9,603,Rear Window (1954),4.317882537841797
525,10,483,Casablanca (1942),4.313972473144531
521,1,64,"Shawshank Redemption, The (1994)",4.024233341217041
521,2,318,Schindler's List (1993),3.9981462955474854
521,3,169,"Wrong Trousers, The (1993)",3.9450881481170654
521,4,408,"Close Shave, A (1995)",3.9296207427978516
521,5,1449,Pather Panchali (1955),3.911595582962036
521,6,483,Casablanca (1942),3.8833000659942627
521,7,114,Wallace & Gromit: The Best of Aardman Animation (1996),3.8561513423919678
521,8,178,12 Angry Men (1957),3.8426742553710938
521,9,1500,Santa with Muscles (1996),3.8407812118530273
521,10,709,Strictly Ballroom (1992),3.813736915588379
520,1,114,Wallace & Gromit: The Best of Aardman Animation (1996),4.557021141052246
520,2,1449,Pather Panchali (1955),4.55287504196167
520,3,480,North by Northwest (1959),4.552618980407715
520,4,483,Casablanca (1942),4.545983791351318
520,5,1500,Santa with Muscles (1996),4.543501377105713
520,6,178,12 Angry Men (1957),4.542902946472168
520,7,127,"Godfather, The (1972)",4.54129695892334
520,8,408,"Close Shave, A (1995)",4.525717258453369
520,9,313,Titanic (1997),4.515435218811035
520,10,657,"Manchurian Candidate, The (1962)",4.502069473266602
519,1,114,Wallace & Gromit: The Best of Aardman Animation (1996),4.770509719848633
519,2,64,"Shawshank Redemption, The (1994)",4.76995849609375
519,3,174,Raiders of the Lost Ark (1981),4.769190788269043
519,4,50,Star Wars (1977),4.75759220123291
519,5,483,Casablanca (1942),4.73502254486084
519,6,187,"Godfather: Part II, The (1974)",4.732914447784424
519,7,1500,Santa with Muscles (1996),4.730578422546387
519,8,1449,Pather Panchali (1955),4.723988056182861
519,9,318,Schindler's List (1993),4.718001365661621
519,10,302,L.A. Confidential (1997),4.716680526733398
528,1,483,Casablanca (1942),4.663121223449707
528,2,1449,Pather Panchali (1955),4.648329734802246
528,3,318,Schindler's List (1993),4.635108470916748
528,4,1500,Santa with Muscles (1996),4.618155479431152
528,5,114,Wallace & Gromit: The Best of Aardman Animation (1996),4.602273941040039
528,6,127,"Godfather, The (1972)",4.6005754470825195
528,7,169,"Wrong Trousers, The (1993)",4.594414710998535
528,8,64,"Shawshank Redemption, The (1994)",4.5923895835876465
528,9,12,"Usual Suspects, The (1995)",4.587094306945801
528,10,408,"Close Shave, A (1995)",4.58479118347168
532,1,174,Raiders of the Lost Ark (1981),4.846866130828857
532,2,114,Wallace & Gromit: The Best of Aardman Animation (1996),4.846517562866211
532,3,1449,Pather Panchali (1955),4.84597110748291
532,4,50,Star Wars (1977),4.82053279876709
532,5,1500,Santa with Muscles (1996),4.808692455291748
532,6,178,12 Angry Men (1957),4.807978630065918
532,7,173,"Princess Bride, The (1987)",4.792437553405762
532,8,169,"Wrong Trousers, The (1993)",4.786287307739258
532,9,493,"Thin Man, The (1934)",4.783401966094971
532,10,408,"Close Shave, A (1995)",4.782871246337891
530,1,114,Wallace & Gromit: The Best of Aardman Animation (1996),4.276968955993652
530,2,408,"Close Shave, A (1995)",4.260298728942871
530,3,313,Titanic (1997),4.2429890632629395
530,4,513,"Third Man, The (1949)",4.240023612976074
530,5,480,North by Northwest (1959),4.236083030700684
530,6,478,"Philadelphia Story, The (1940)",4.228107929229736
530,7,285,Secrets & Lies (1996),4.224672794342041
530,8,302,L.A. Confidential (1997),4.214845657348633
530,9,187,"Godfather: Part II, The (1974)",4.207861423492432
530,10,12,"Usual Suspects, The (1995)",4.200899124145508
531,1,114,Wallace & Gromit: The Best of Aardman Animation (1996),4.717578887939453
531,2,174,Raiders of the Lost Ark (1981),4.709782600402832
531,3,318,Schindler's List (1993),4.697803974151611
531,4,1449,Pather Panchali (1955),4.692349433898926
531,5,480,North by Northwest (1959),4.686792373657227
531,6,1500,Santa with Muscles (1996),4.684662818908691
531,7,408,"Close Shave, A (1995)",4.675487518310547
531,8,187,"Godfather: Part II, The (1974)",4.673603057861328
531,9,178,12 Angry Men (1957),4.670886039733887
531,10,483,Casablanca (1942),4.668295860290527
529,1,174,Raiders of the Lost Ark (1981),4.647590637207031
529,2,318,Schindler's List (1993),4.61555290222168
529,3,1449,Pather Panchali (1955),4.605149269104004
529,4,187,"Godfather: Part II, The (1974)",4.58867073059082
529,5,50,Star Wars (1977),4.5874528884887695
529,6,114,Wallace & Gromit: The Best of Aardman Animation (1996),4.583277225494385
529,7,483,Casablanca (1942),4.566733360290527
529,8,408,"Close Shave, A (1995)",4.560308456420898
529,9,127,"Godfather, The (1972)",4.53870964050293
529,10,1500,Santa with Muscles (1996),4.5320024490356445
517,1,64,"Shawshank Redemption, The (1994)",4.333446025848389
517,2,483,Casablanca (1942),4.327926158905029
517,3,479,Vertigo (1958),4.253179550170898
517,4,12,"Usual Suspects, The (1995)",4.2466230392456055
517,5,318,Schindler's List (1993),4.2360687255859375
517,6,174,Raiders of the Lost Ark (1981),4.2063822746276855
517,7,427,To Kill a Mockingbird (1962),4.206086158752441
517,8,1449,Pather Panchali (1955),4.195093631744385
517,9,657,"Manchurian Candidate, The (1962)",4.1918044090271
517,10,178,12 Angry Men (1957),4.187906265258789
527,1,1449,Pather Panchali (1955),4.58564567565918
527,2,114,Wallace & Gromit: The Best of Aardman Animation (1996),4.54057502746582
527,3,483,Casablanca (1942),4.540227890014648
527,4,408,"Close Shave, A (1995)",4.511168003082275
527,5,1500,Santa with Muscles (1996),4.510280609130859
527,6,178,12 Angry Men (1957),4.505863666534424
527,7,313,Titanic (1997),4.504608154296875
527,8,98,"Silence of the Lambs, The (1991)",4.491809844970703
527,9,480,North by Northwest (1959),4.488472938537598
527,10,1367,Faust (1994),4.451539993286133
485,1,1449,Pather Panchali (1955),4.343324661254883
485,2,483,Casablanca (1942),4.31857442855835
485,3,1500,Santa with Muscles (1996),4.306354522705078
485,4,114,Wallace & Gromit: The Best of Aardman Animation (1996),4.305583477020264
485,5,64,"Shawshank Redemption, The (1994)",4.303809642791748
485,6,480,North by Northwest (1959),4.299189567565918
485,7,178,12 Angry Men (1957),4.288762092590332
485,8,408,"Close Shave, A (1995)",4.276708602905273
485,9,318,Schindler's List (1993),4.275102615356445
485,10,169,"Wrong Trousers, The (1993)",4.242534637451172
533,1,114,Wallace & Gromit: The Best of Aardman Animation (1996),4.133563041687012
533,2,1449,Pather Panchali (1955),4.126960754394531
533,3,657,"Manchurian Candidate, The (1962)",4.1260085105896
533,4,285,Secrets & Lies (1996),4.1038408279418945
533,5,1500,Santa with Muscles (1996),4.0904693603515625
533,6,178,12 Angry Men (1957),4.085172176361084
533,7,513,"Third Man, The (1949)",4.078584671020508
533,8,173,"Princess Bride, The (1987)",4.05922794342041
533,9,199,"Bridge on the River Kwai, The (1957)",4.046593189239502
533,10,223,Sling Blade (1996),4.045323848724365
535,1,12,"Usual Suspects, The (1995)",4.226930141448975
535,2,313,Titanic (1997),4.203386306762695
535,3,316,As Good As It Gets (1997),4.19960880279541
535,4,1449,Pather Panchali (1955),4.169721603393555
535,5,126,"Spitfire Grill, The (1996)",4.1688737869262695
535,6,656,M (1931),4.147340774536133
535,7,114,Wallace & Gromit: The Best of Aardman Animation (1996),4.140193939208984
535,8,1500,Santa with Muscles (1996),4.12808895111084
535,9,1642,Some Mother's Son (1996),4.112618446350098
535,10,408,"Close Shave, A (1995)",4.11036491394043
536,1,64,"Shawshank Redemption, The (1994)",4.548644065856934
536,2,114,Wallace & Gromit: The Best of Aardman Animation (1996),4.413618087768555
536,3,187,"Godfather: Part II, The (1974)",4.409086227416992
536,4,313,Titanic (1997),4.3761186599731445
536,5,1449,Pather Panchali (1955),4.369844913482666
536,6,1500,Santa with Muscles (1996),4.364824295043945
536,7,479,Vertigo (1958),4.3637800216674805
536,8,12,"Usual Suspects, The (1995)",4.351551055908203
536,9,302,L.A. Confidential (1997),4.334604263305664
536,10,285,Secrets & Lies (1996),4.322819709777832
526,1,483,Casablanca (1942),4.520623207092285
526,2,178,12 Angry Men (1957),4.493818759918213
526,3,114,Wallace & Gromit: The Best of Aardman Animation (1996),4.485201358795166
526,4,657,"Manchurian Candidate, The (1962)",4.472628593444824
526,5,64,"Shawshank Redemption, The (1994)",4.46638298034668
526,6,480,North by Northwest (1959),4.45469856262207
526,7,1500,Santa with Muscles (1996),4.450653553009033
526,8,1449,Pather Panchali (1955),4.449524879455566
526,9,318,Schindler's List (1993),4.448855400085449
526,10,12,"Usual Suspects, The (1995)",4.4420366287231445
537,1,1500,Santa with Muscles (1996),3.9051320552825928
537,2,408,"Close Shave, A (1995)",3.8990859985351562
537,3,1449,Pather Panchali (1955),3.8668100833892822
537,4,169,"Wrong Trousers, The (1993)",3.8375213146209717
537,5,114,Wallace & Gromit: The Best of Aardman Animation (1996),3.7805895805358887
537,6,1367,Faust (1994),3.6823439598083496
537,7,320,Paradise Lost: The Child Murders at Robin Hood Hills (1996),3.646366596221924
537,8,1554,Safe Passage (1994),3.6145567893981934
537,9,223,Sling Blade (1996),3.5858962535858154
537,10,868,Hearts and Minds (1996),3.5554556846618652
534,1,483,Casablanca (1942),4.7561163902282715
534,2,174,Raiders of the Lost Ark (1981),4.748414039611816
534,3,187,"Godfather: Part II, The (1974)",4.722838401794434
534,4,114,Wallace & Gromit: The Best of Aardman Animation (1996),4.717095375061035
534,5,64,"Shawshank Redemption, The (1994)",4.714026927947998
534,6,1449,Pather Panchali (1955),4.702940940856934
534,7,50,Star Wars (1977),4.702154159545898
534,8,480,North by Northwest (1959),4.680215835571289
534,9,408,"Close Shave, A (1995)",4.676064491271973
534,10,1500,Santa with Muscles (1996),4.673203468322754
541,1,483,Casablanca (1942),4.636251449584961
541,2,64,"Shawshank Redemption, The (1994)",4.600361347198486
541,3,178,12 Angry Men (1957),4.584557056427002
541,4,114,Wallace & Gromit: The Best of Aardman Animation (1996),4.576245307922363
541,5,1449,Pather Panchali (1955),4.572900772094727
541,6,187,"Godfather: Part II, The (1974)",4.563470363616943
541,7,1500,Santa with Muscles (1996),4.549871444702148
541,8,480,North by Northwest (1959),4.546082496643066
541,9,313,Titanic (1997),4.540307998657227
541,10,127,"Godfather, The (1972)",4.5400309562683105
538,1,64,"Shawshank Redemption, The (1994)",4.381042003631592
538,2,427,To Kill a Mockingbird (1962),4.325906276702881
538,3,1449,Pather Panchali (1955),4.309497356414795
538,4,313,Titanic (1997),4.291568756103516
538,5,1500,Santa with Muscles (1996),4.250662803649902
538,6,169,"Wrong Trousers, The (1993)",4.247305870056152
538,7,178,12 Angry Men (1957),4.241118431091309
538,8,114,Wallace & Gromit: The Best of Aardman Animation (1996),4.224794387817383
538,9,408,"Close Shave, A (1995)",4.194852828979492
538,10,302,L.A. Confidential (1997),4.192789077758789
542,1,1449,Pather Panchali (1955),4.400063514709473
542,2,114,Wallace & Gromit: The Best of Aardman Animation (1996),4.3957366943359375
542,3,174,Raiders of the Lost Ark (1981),4.340517997741699
542,4,483,Casablanca (1942),4.331107139587402
542,5,169,"Wrong Trousers, The (1993)",4.329280376434326
542,6,98,"Silence of the Lambs, The (1991)",4.328529357910156
542,7,1500,Santa with Muscles (1996),4.310670375823975
542,8,480,North by Northwest (1959),4.285895347595215
542,9,408,"Close Shave, A (1995)",4.281476020812988
542,10,223,Sling Blade (1996),4.26761531829834
545,1,64,"Shawshank Redemption, The (1994)",4.408858299255371
545,2,483,Casablanca (1942),4.338894844055176
545,3,313,Titanic (1997),4.255485534667969
545,4,178,12 Angry Men (1957),4.248201370239258
545,5,408,"Close Shave, A (1995)",4.240902900695801
545,6,478,"Philadelphia Story, The (1940)",4.240660667419434
545,7,427,To Kill a Mockingbird (1962),4.239128589630127
545,8,12,"Usual Suspects, The (1995)",4.237033843994141
545,9,318,Schindler's List (1993),4.2367658615112305
545,10,480,North by Northwest (1959),4.230205535888672
539,1,64,"Shawshank Redemption, The (1994)",4.517868518829346
539,2,408,"Close Shave, A (1995)",4.506322383880615
539,3,114,Wallace & Gromit: The Best of Aardman Animation (1996),4.4982991218566895
539,4,480,North by Northwest (1959),4.478867530822754
539,5,656,M (1931),4.466182708740234
539,6,191,Amadeus (1984),4.455384254455566
539,7,302,L.A. Confidential (1997),4.453557014465332
539,8,515,"Boot, Das (1981)",4.453045845031738
539,9,1500,Santa with Muscles (1996),4.434070587158203
539,10,513,"Third Man, The (1949)",4.433605194091797
547,1,483,Casablanca (1942),4.528532028198242
547,2,1449,Pather Panchali (1955),4.48933219909668
547,3,408,"Close Shave, A (1995)",4.485203742980957
547,4,127,"Godfather, The (1972)",4.48226261138916
547,5,178,12 Angry Men (1957),4.477640151977539
547,6,114,Wallace & Gromit: The Best of Aardman Animation (1996),4.4624223709106445
547,7,513,"Third Man, The (1949)",4.449217796325684
547,8,1500,Santa with Muscles (1996),4.449006080627441
547,9,357,One Flew Over the Cuckoo's Nest (1975),4.436439514160156
547,10,169,"Wrong Trousers, The (1993)",4.429549217224121
543,1,1449,Pather Panchali (1955),4.170088768005371
543,2,408,"Close Shave, A (1995)",4.167503356933594
543,3,1500,Santa with Muscles (1996),4.153083324432373
543,4,427,To Kill a Mockingbird (1962),4.1497673988342285
543,5,483,Casablanca (1942),4.134812355041504
543,6,50,Star Wars (1977),4.123351097106934
543,7,178,12 Angry Men (1957),4.109479904174805
543,8,223,Sling Blade (1996),4.073090553283691
543,9,657,"Manchurian Candidate, The (1962)",4.072908401489258
543,10,127,"Godfather, The (1972)",4.069211006164551
548,1,64,"Shawshank Redemption, The (1994)",4.546940803527832
548,2,483,Casablanca (1942),4.473865985870361
548,3,285,Secrets & Lies (1996),4.434303283691406
548,4,318,Schindler's List (1993),4.433160305023193
548,5,408,"Close Shave, A (1995)",4.4302077293396
548,6,114,Wallace & Gromit: The Best of Aardman Animation (1996),4.428276062011719
548,7,1449,Pather Panchali (1955),4.424826622009277
548,8,178,12 Angry Men (1957),4.416587829589844
548,9,1500,Santa with Muscles (1996),4.416041374206543
548,10,187,"Godfather: Part II, The (1974)",4.409968376159668
546,1,174,Raiders of the Lost Ark (1981),4.610782146453857
546,2,114,Wallace & Gromit: The Best of Aardman Animation (1996),4.583139419555664
546,3,64,"Shawshank Redemption, The (1994)",4.544960021972656
546,4,480,North by Northwest (1959),4.536209583282471
546,5,479,Vertigo (1958),4.529271125793457
546,6,318,Schindler's List (1993),4.5283203125
546,7,1500,Santa with Muscles (1996),4.527047157287598
546,8,478,"Philadelphia Story, The (1940)",4.52321195602417
546,9,483,Casablanca (1942),4.5191450119018555
546,10,1449,Pather Panchali (1955),4.515588760375977
522,1,174,Raiders of the Lost Ark (1981),4.732479572296143
522,2,187,"Godfather: Part II, The (1974)",4.729896068572998
522,3,1449,Pather Panchali (1955),4.694847106933594
522,4,50,Star Wars (1977),4.689851760864258
522,5,114,Wallace & Gromit: The Best of Aardman Animation (1996),4.68529748916626
522,6,64,"Shawshank Redemption, The (1994)",4.675199031829834
522,7,313,Titanic (1997),4.66571569442749
522,8,483,Casablanca (1942),4.637677192687988
522,9,178,12 Angry Men (1957),4.633510589599609
522,10,285,Secrets & Lies (1996),4.627749443054199
551,1,483,Casablanca (1942),4.625894546508789
551,2,480,North by Northwest (1959),4.609464645385742
551,3,114,Wallace & Gromit: The Best of Aardman Animation (1996),4.601983070373535
551,4,408,"Close Shave, A (1995)",4.590947151184082
551,5,1449,Pather Panchali (1955),4.58928108215332
551,6,1500,Santa with Muscles (1996),4.575226783752441
551,7,134,Citizen Kane (1941),4.569846153259277
551,8,656,M (1931),4.543807029724121
551,9,515,"Boot, Das (1981)",4.536315441131592
551,10,191,Amadeus (1984),4.530894756317139
544,1,480,North by Northwest (1959),4.553543567657471
544,2,1449,Pather Panchali (1955),4.5447678565979
544,3,657,"Manchurian Candidate, The (1962)",4.526768684387207
544,4,1500,Santa with Muscles (1996),4.5248613357543945
544,5,114,Wallace & Gromit: The Best of Aardman Animation (1996),4.523741245269775
544,6,483,Casablanca (1942),4.523698329925537
544,7,178,12 Angry Men (1957),4.518784046173096
544,8,408,"Close Shave, A (1995)",4.515789985656738
544,9,318,Schindler's List (1993),4.511422157287598
544,10,169,"Wrong Trousers, The (1993)",4.504637718200684
553,1,64,"Shawshank Redemption, The (1994)",4.52055549621582
553,2,318,Schindler's List (1993),4.505170822143555
553,3,114,Wallace & Gromit: The Best of Aardman Animation (1996),4.474888801574707
553,4,408,"Close Shave, A (1995)",4.473854064941406
553,5,1449,Pather Panchali (1955),4.462296485900879
553,6,1500,Santa with Muscles (1996),4.458463668823242
553,7,12,"Usual Suspects, The (1995)",4.458212852478027
553,8,313,Titanic (1997),4.448752403259277
553,9,302,L.A. Confidential (1997),4.4141526222229
553,10,654,Chinatown (1974),4.41392707824707
552,1,483,Casablanca (1942),4.086891174316406
552,2,64,"Shawshank Redemption, The (1994)",4.017240047454834
552,3,479,Vertigo (1958),3.9028093814849854
552,4,98,"Silence of the Lambs, The (1991)",3.892775297164917
552,5,178,12 Angry Men (1957),3.8636417388916016
552,6,657,"Manchurian Candidate, The (1962)",3.85972261428833
552,7,174,Raiders of the Lost Ark (1981),3.8346686363220215
552,8,408,"Close Shave, A (1995)",3.8219687938690186
552,9,427,To Kill a Mockingbird (1962),3.819235324859619
552,10,603,Rear Window (1954),3.810807704925537
540,1,483,Casablanca (1942),4.416264057159424
540,2,1449,Pather Panchali (1955),4.389235973358154
540,3,318,Schindler's List (1993),4.385234832763672
540,4,174,Raiders of the Lost Ark (1981),4.368320941925049
540,5,114,Wallace & Gromit: The Best of Aardman Animation (1996),4.353327751159668
540,6,1500,Santa with Muscles (1996),4.3292646408081055
540,7,187,"Godfather: Part II, The (1974)",4.325889587402344
540,8,169,"Wrong Trousers, The (1993)",4.311554908752441
540,9,178,12 Angry Men (1957),4.3098859786987305
540,10,427,To Kill a Mockingbird (1962),4.295743942260742
554,1,64,"Shawshank Redemption, The (1994)",4.381317138671875
554,2,1449,Pather Panchali (1955),4.357036113739014
554,3,114,Wallace & Gromit: The Best of Aardman Animation (1996),4.356117248535156
554,4,483,Casablanca (1942),4.3540544509887695
554,5,408,"Close Shave, A (1995)",4.340540885925293
554,6,127,"Godfather, The (1972)",4.340475559234619
554,7,313,Titanic (1997),4.318098068237305
554,8,187,"Godfather: Part II, The (1974)",4.317367076873779
554,9,12,"Usual Suspects, The (1995)",4.299686431884766
554,10,427,To Kill a Mockingbird (1962),4.289939880371094
550,1,483,Casablanca (1942),4.65947961807251
550,2,114,Wallace & Gromit: The Best of Aardman Animation (1996),4.648521423339844
550,3,1449,Pather Panchali (1955),4.633972644805908
550,4,480,North by Northwest (1959),4.624561786651611
550,5,318,Schindler's List (1993),4.621481895446777
550,6,174,Raiders of the Lost Ark (1981),4.621009826660156
550,7,1500,Santa with Muscles (1996),4.620522499084473
550,8,178,12 Angry Men (1957),4.612205505371094
550,9,187,"Godfather: Part II, The (1974)",4.597553253173828
550,10,408,"Close Shave, A (1995)",4.59712028503418
556,1,50,Star Wars (1977),4.716861724853516
556,2,114,Wallace & Gromit: The Best of Aardman Animation (1996),4.711952209472656
556,3,1449,Pather Panchali (1955),4.711339950561523
556,4,174,Raiders of the Lost Ark (1981),4.693713188171387
556,5,313,Titanic (1997),4.656930923461914
556,6,357,One Flew Over the Cuckoo's Nest (1975),4.645968437194824
556,7,98,"Silence of the Lambs, The (1991)",4.639498710632324
556,8,1367,Faust (1994),4.634646415710449
556,9,1500,Santa with Muscles (1996),4.632233619689941
556,10,483,Casablanca (1942),4.631039619445801
559,1,50,Star Wars (1977),4.338446617126465
559,2,64,"Shawshank Redemption, The (1994)",4.29682731628418
559,3,483,Casablanca (1942),4.240179538726807
559,4,114,Wallace & Gromit: The Best of Aardman Animation (1996),4.1833343505859375
559,5,1449,Pather Panchali (1955),4.176807403564453
559,6,313,Titanic (1997),4.16715145111084
559,7,408,"Close Shave, A (1995)",4.153324127197266
559,8,1500,Santa with Muscles (1996),4.119528293609619
559,9,178,12 Angry Men (1957),4.100298881530762
559,10,223,Sling Blade (1996),4.094211578369141
560,1,64,"Shawshank Redemption, The (1994)",4.289801597595215
560,2,427,To Kill a Mockingbird (1962),4.246925354003906
560,3,174,Raiders of the Lost Ark (1981),4.217333793640137
560,4,1449,Pather Panchali (1955),4.204581260681152
560,5,1500,Santa with Muscles (1996),4.192057132720947
560,6,169,"Wrong Trousers, The (1993)",4.182192802429199
560,7,98,"Silence of the Lambs, The (1991)",4.181589126586914
560,8,479,Vertigo (1958),4.171903610229492
560,9,114,Wallace & Gromit: The Best of Aardman Animation (1996),4.1580071449279785
560,10,178,12 Angry Men (1957),4.143405914306641
561,1,169,"Wrong Trousers, The (1993)",4.1667799949646
561,2,1500,Santa with Muscles (1996),4.1057233810424805
561,3,114,Wallace & Gromit: The Best of Aardman Animation (1996),4.1005425453186035
561,4,1367,Faust (1994),4.080094814300537
561,5,408,"Close Shave, A (1995)",4.016158580780029
561,6,498,"African Queen, The (1951)",3.8846232891082764
561,7,127,"Godfather, The (1972)",3.8622944355010986
561,8,1169,Fresh (1994),3.8495500087738037
561,9,313,Titanic (1997),3.8422412872314453
561,10,868,Hearts and Minds (1996),3.8412203788757324
563,1,174,Raiders of the Lost Ark (1981),4.770817756652832
563,2,318,Schindler's List (1993),4.756275177001953
563,3,1449,Pather Panchali (1955),4.75577974319458
563,4,187,"Godfather: Part II, The (1974)",4.741328239440918
563,5,114,Wallace & Gromit: The Best of Aardman Animation (1996),4.740887641906738
563,6,313,Titanic (1997),4.733659744262695
563,7,64,"Shawshank Redemption, The (1994)",4.720226764678955
563,8,483,Casablanca (1942),4.6923627853393555
563,9,1500,Santa with Muscles (1996),4.687605857849121
563,10,223,Sling Blade (1996),4.672385215759277
566,1,408,"Close Shave, A (1995)",4.458604335784912
566,2,1449,Pather Panchali (1955),4.434659004211426
566,3,114,Wallace & Gromit: The Best of Aardman Animation (1996),4.424369812011719
566,4,1500,Santa with Muscles (1996),4.420021057128906
566,5,169,"Wrong Trousers, The (1993)",4.374630451202393
566,6,603,Rear Window (1954),4.374184608459473
566,7,313,Titanic (1997),4.366542339324951
566,8,478,"Philadelphia Story, The (1940)",4.365745544433594
566,9,357,One Flew Over the Cuckoo's Nest (1975),4.34881591796875
566,10,178,12 Angry Men (1957),4.343548774719238
557,1,64,"Shawshank Redemption, The (1994)",4.547844886779785
557,2,483,Casablanca (1942),4.496875762939453
557,3,178,12 Angry Men (1957),4.460931301116943
557,4,114,Wallace & Gromit: The Best of Aardman Animation (1996),4.451839923858643
557,5,318,Schindler's List (1993),4.451120376586914
557,6,657,"Manchurian Candidate, The (1962)",4.450003623962402
557,7,480,North by Northwest (1959),4.44644832611084
557,8,187,"Godfather: Part II, The (1974)",4.436428070068359
557,9,1449,Pather Panchali (1955),4.421700954437256
557,10,408,"Close Shave, A (1995)",4.418953895568848
558,1,187,"Godfather: Part II, The (1974)",4.761764049530029
558,2,174,Raiders of the Lost Ark (1981),4.744986057281494
558,3,318,Schindler's List (1993),4.716610908508301
558,4,483,Casablanca (1942),4.712548732757568
558,5,1449,Pather Panchali (1955),4.702458381652832
558,6,50,Star Wars (1977),4.702314376831055
558,7,64,"Shawshank Redemption, The (1994)",4.69486141204834
558,8,114,Wallace & Gromit: The Best of Aardman Animation (1996),4.67937707901001
558,9,313,Titanic (1997),4.67457389831543
558,10,178,12 Angry Men (1957),4.642967224121094
564,1,64,"Shawshank Redemption, The (1994)",4.402836799621582
564,2,318,Schindler's List (1993),4.376760959625244
564,3,174,Raiders of the Lost Ark (1981),4.369068145751953
564,4,483,Casablanca (1942),4.337437152862549
564,5,1449,Pather Panchali (1955),4.3089680671691895
564,6,114,Wallace & Gromit: The Best of Aardman Animation (1996),4.2960615158081055
564,7,479,Vertigo (1958),4.286121368408203
564,8,427,To Kill a Mockingbird (1962),4.281250953674316
564,9,1500,Santa with Muscles (1996),4.2793684005737305
564,10,12,"Usual Suspects, The (1995)",4.273338317871094
565,1,483,Casablanca (1942),4.7779035568237305
565,2,114,Wallace & Gromit: The Best of Aardman Animation (1996),4.776115417480469
565,3,654,Chinatown (1974),4.766345024108887
565,4,480,North by Northwest (1959),4.757178783416748
565,5,313,Titanic (1997),4.755455017089844
565,6,127,"Godfather, The (1972)",4.755364418029785
565,7,357,One Flew Over the Cuckoo's Nest (1975),4.755188941955566
565,8,1500,Santa with Muscles (1996),4.754425525665283
565,9,656,M (1931),4.753232002258301
565,10,408,"Close Shave, A (1995)",4.752132415771484
573,1,1449,Pather Panchali (1955),4.310193061828613
573,2,483,Casablanca (1942),4.293759346008301
573,3,64,"Shawshank Redemption, The (1994)",4.273951530456543
573,4,187,"Godfather: Part II, The (1974)",4.265115737915039
573,5,1500,Santa with Muscles (1996),4.257108688354492
573,6,114,Wallace & Gromit: The Best of Aardman Animation (1996),4.211996078491211
573,7,408,"Close Shave, A (1995)",4.207043647766113
573,8,515,"Boot, Das (1981)",4.199043273925781
573,9,1367,Faust (1994),4.193714141845703
573,10,357,One Flew Over the Cuckoo's Nest (1975),4.189364433288574
549,1,64,"Shawshank Redemption, The (1994)",4.543239593505859
549,2,174,Raiders of the Lost Ark (1981),4.530179023742676
549,3,114,Wallace & Gromit: The Best of Aardman Animation (1996),4.509183883666992
549,4,318,Schindler's List (1993),4.480864524841309
549,5,187,"Godfather: Part II, The (1974)",4.467803001403809
549,6,1449,Pather Panchali (1955),4.460707664489746
549,7,1500,Santa with Muscles (1996),4.454794406890869
549,8,483,Casablanca (1942),4.451351165771484
549,9,313,Titanic (1997),4.440815448760986
549,10,408,"Close Shave, A (1995)",4.419066905975342
567,1,272,Good Will Hunting (1997),4.465111255645752
567,2,64,"Shawshank Redemption, The (1994)",4.393818378448486
567,3,656,M (1931),4.388308525085449
567,4,313,Titanic (1997),4.376169204711914
567,5,1449,Pather Panchali (1955),4.366497993469238
567,6,316,As Good As It Gets (1997),4.36224365234375
567,7,488,Sunset Blvd. (1950),4.357723236083984
567,8,1500,Santa with Muscles (1996),4.352195739746094
567,9,408,"Close Shave, A (1995)",4.345215797424316
567,10,528,"Killing Fields, The (1984)",4.335444450378418
569,1,1449,Pather Panchali (1955),4.482515335083008
569,2,483,Casablanca (1942),4.47475004196167
569,3,114,Wallace & Gromit: The Best of Aardman Animation (1996),4.471706867218018
569,4,408,"Close Shave, A (1995)",4.463784217834473
569,5,1500,Santa with Muscles (1996),4.456223487854004
569,6,64,"Shawshank Redemption, The (1994)",4.452401161193848
569,7,318,Schindler's List (1993),4.449920654296875
569,8,178,12 Angry Men (1957),4.448912620544434
569,9,427,To Kill a Mockingbird (1962),4.423878192901611
569,10,174,Raiders of the Lost Ark (1981),4.423201560974121
562,1,64,"Shawshank Redemption, The (1994)",4.1507568359375
562,2,408,"Close Shave, A (1995)",3.9873692989349365
562,3,169,"Wrong Trousers, The (1993)",3.93304181098938
562,4,178,12 Angry Men (1957),3.915562868118286
562,5,657,"Manchurian Candidate, The (1962)",3.906446695327759
562,6,1449,Pather Panchali (1955),3.9045138359069824
562,7,656,M (1931),3.8930609226226807
562,8,513,"Third Man, The (1949)",3.880619525909424
562,9,313,Titanic (1997),3.880282402038574
562,10,223,Sling Blade (1996),3.8703832626342773
576,1,483,Casablanca (1942),4.397377014160156
576,2,64,"Shawshank Redemption, The (1994)",4.381108283996582
576,3,480,North by Northwest (1959),4.3574981689453125
576,4,408,"Close Shave, A (1995)",4.331803321838379
576,5,114,Wallace & Gromit: The Best of Aardman Animation (1996),4.325987815856934
576,6,178,12 Angry Men (1957),4.32053804397583
576,7,1449,Pather Panchali (1955),4.319291114807129
576,8,657,"Manchurian Candidate, The (1962)",4.306276798248291
576,9,513,"Third Man, The (1949)",4.283449649810791
576,10,318,Schindler's List (1993),4.283055305480957
577,1,479,Vertigo (1958),4.47833251953125
577,2,114,Wallace & Gromit: The Best of Aardman Animation (1996),4.4662699699401855
577,3,1449,Pather Panchali (1955),4.455598831176758
577,4,187,"Godfather: Part II, The (1974)",4.4343767166137695
577,5,478,"Philadelphia Story, The (1940)",4.428371429443359
577,6,408,"Close Shave, A (1995)",4.426995277404785
577,7,483,Casablanca (1942),4.42545223236084
577,8,1500,Santa with Muscles (1996),4.4149603843688965
577,9,178,12 Angry Men (1957),4.367366790771484
577,10,480,North by Northwest (1959),4.364748001098633
579,1,178,12 Angry Men (1957),4.562897682189941
579,2,483,Casablanca (1942),4.552544593811035
579,3,114,Wallace & Gromit: The Best of Aardman Animation (1996),4.538468360900879
579,4,1449,Pather Panchali (1955),4.5361528396606445
579,5,127,"Godfather, The (1972)",4.535643577575684
579,6,1500,Santa with Muscles (1996),4.525582313537598
579,7,480,North by Northwest (1959),4.517430782318115
579,8,657,"Manchurian Candidate, The (1962)",4.498544692993164
579,9,318,Schindler's List (1993),4.4955291748046875
579,10,64,"Shawshank Redemption, The (1994)",4.489566802978516
574,1,480,North by Northwest (1959),4.475917816162109
574,2,408,"Close Shave, A (1995)",4.473814010620117
574,3,657,"Manchurian Candidate, The (1962)",4.468855857849121
574,4,178,12 Angry Men (1957),4.453215599060059
574,5,127,"Godfather, The (1972)",4.4479169845581055
574,6,483,Casablanca (1942),4.4429168701171875
574,7,318,Schindler's List (1993),4.4271345138549805
574,8,515,"Boot, Das (1981)",4.418392181396484
574,9,114,Wallace & Gromit: The Best of Aardman Animation (1996),4.414240837097168
574,10,1500,Santa with Muscles (1996),4.3992767333984375
555,1,64,"Shawshank Redemption, The (1994)",4.500499725341797
555,2,1449,Pather Panchali (1955),4.498464584350586
555,3,174,Raiders of the Lost Ark (1981),4.494105339050293
555,4,483,Casablanca (1942),4.492550849914551
555,5,427,To Kill a Mockingbird (1962),4.490522384643555
555,6,114,Wallace & Gromit: The Best of Aardman Animation (1996),4.489725112915039
555,7,98,"Silence of the Lambs, The (1991)",4.4667205810546875
555,8,479,Vertigo (1958),4.455809116363525
555,9,313,Titanic (1997),4.455263137817383
555,10,223,Sling Blade (1996),4.441069602966309
572,1,1449,Pather Panchali (1955),4.489981174468994
572,2,483,Casablanca (1942),4.483936309814453
572,3,114,Wallace & Gromit: The Best of Aardman Animation (1996),4.477336406707764
572,4,178,12 Angry Men (1957),4.461147308349609
572,5,1500,Santa with Muscles (1996),4.458089351654053
572,6,318,Schindler's List (1993),4.45449161529541
572,7,480,North by Northwest (1959),4.4354352951049805
572,8,427,To Kill a Mockingbird (1962),4.428127765655518
572,9,174,Raiders of the Lost Ark (1981),4.427496910095215
572,10,127,"Godfather, The (1972)",4.4265851974487305
575,1,1449,Pather Panchali (1955),3.9569575786590576
575,2,169,"Wrong Trousers, The (1993)",3.899752140045166
575,3,12,"Usual Suspects, The (1995)",3.891542434692383
575,4,64,"Shawshank Redemption, The (1994)",3.8819172382354736
575,5,178,12 Angry Men (1957),3.8811614513397217
575,6,1500,Santa with Muscles (1996),3.8412039279937744
575,7,174,Raiders of the Lost Ark (1981),3.8081047534942627
575,8,1554,Safe Passage (1994),3.7741806507110596
575,9,1550,Destiny Turns on the Radio (1995),3.760554313659668
575,10,408,"Close Shave, A (1995)",3.7149245738983154
584,1,64,"Shawshank Redemption, The (1994)",4.394155502319336
584,2,483,Casablanca (1942),4.342677593231201
584,3,12,"Usual Suspects, The (1995)",4.296452522277832
584,4,1449,Pather Panchali (1955),4.289462089538574
584,5,427,To Kill a Mockingbird (1962),4.279943466186523
584,6,223,Sling Blade (1996),4.270787239074707
584,7,479,Vertigo (1958),4.265789031982422
584,8,169,"Wrong Trousers, The (1993)",4.26254940032959
584,9,408,"Close Shave, A (1995)",4.25037956237793
584,10,1500,Santa with Muscles (1996),4.249788761138916
588,1,64,"Shawshank Redemption, The (1994)",4.472233772277832
588,2,479,Vertigo (1958),4.361889839172363
588,3,427,To Kill a Mockingbird (1962),4.346121788024902
588,4,187,"Godfather: Part II, The (1974)",4.3432416915893555
588,5,657,"Manchurian Candidate, The (1962)",4.318934917449951
588,6,408,"Close Shave, A (1995)",4.303426742553711
588,7,480,North by Northwest (1959),4.3012847900390625
588,8,127,"Godfather, The (1972)",4.284748077392578
588,9,1449,Pather Panchali (1955),4.279263496398926
588,10,478,"Philadelphia Story, The (1940)",4.26860237121582
587,1,483,Casablanca (1942),4.253386497497559
587,2,64,"Shawshank Redemption, The (1994)",4.243438243865967
587,3,408,"Close Shave, A (1995)",4.153326988220215
587,4,114,Wallace & Gromit: The Best of Aardman Animation (1996),4.131505966186523
587,5,656,M (1931),4.110540866851807
587,6,480,North by Northwest (1959),4.10072135925293
587,7,127,"Godfather, The (1972)",4.092324733734131
587,8,657,"Manchurian Candidate, The (1962)",4.084494590759277
587,9,187,"Godfather: Part II, The (1974)",4.084484100341797
587,10,15,Mr. Holland's Opus (1995),4.081933975219727
568,1,1449,Pather Panchali (1955),4.192925453186035
568,2,1500,Santa with Muscles (1996),4.164902210235596
568,3,169,"Wrong Trousers, The (1993)",4.130489349365234
568,4,12,"Usual Suspects, The (1995)",4.12451171875
568,5,64,"Shawshank Redemption, The (1994)",4.124081611633301
568,6,98,"Silence of the Lambs, The (1991)",4.107780933380127
568,7,480,North by Northwest (1959),4.102299690246582
568,8,408,"Close Shave, A (1995)",4.0980377197265625
568,9,318,Schindler's List (1993),4.0926971435546875
568,10,357,One Flew Over the Cuckoo's Nest (1975),4.048379898071289
586,1,64,"Shawshank Redemption, The (1994)",3.9789228439331055
586,2,479,Vertigo (1958),3.9635307788848877
586,3,480,North by Northwest (1959),3.897749900817871
586,4,408,"Close Shave, A (1995)",3.8565289974212646
586,5,483,Casablanca (1942),3.854318618774414
586,6,98,"Silence of the Lambs, The (1991)",3.8220601081848145
586,7,302,L.A. Confidential (1997),3.8179194927215576
586,8,478,"Philadelphia Story, The (1940)",3.811345100402832
586,9,114,Wallace & Gromit: The Best of Aardman Animation (1996),3.7934892177581787
586,10,313,Titanic (1997),3.772364616394043
585,1,64,"Shawshank Redemption, The (1994)",4.550945281982422
585,2,12,"Usual Suspects, The (1995)",4.4189677238464355
585,3,408,"Close Shave, A (1995)",4.414114952087402
585,4,174,Raiders of the Lost Ark (1981),4.406805992126465
585,5,483,Casablanca (1942),4.393750190734863
585,6,114,Wallace & Gromit: The Best of Aardman Animation (1996),4.388234615325928
585,7,50,Star Wars (1977),4.385009288787842
585,8,1500,Santa with Muscles (1996),4.361647605895996
585,9,318,Schindler's List (1993),4.360527038574219
585,10,178,12 Angry Men (1957),4.343696594238281
582,1,483,Casablanca (1942),4.494715690612793
582,2,1449,Pather Panchali (1955),4.455792427062988
582,3,1500,Santa with Muscles (1996),4.442776679992676
582,4,114,Wallace & Gromit: The Best of Aardman Animation (1996),4.4342803955078125
582,5,127,"Godfather, The (1972)",4.433962821960449
582,6,480,North by Northwest (1959),4.4297003746032715
582,7,178,12 Angry Men (1957),4.426398277282715
582,8,318,Schindler's List (1993),4.424790859222412
582,9,427,To Kill a Mockingbird (1962),4.416997909545898
582,10,169,"Wrong Trousers, The (1993)",4.413718223571777
591,1,50,Star Wars (1977),4.360861778259277
591,2,313,Titanic (1997),4.356900215148926
591,3,12,"Usual Suspects, The (1995)",4.33132266998291
591,4,1500,Santa with Muscles (1996),4.314658164978027
591,5,1449,Pather Panchali (1955),4.31193208694458
591,6,114,Wallace & Gromit: The Best of Aardman Animation (1996),4.308030128479004
591,7,223,Sling Blade (1996),4.297715187072754
591,8,169,"Wrong Trousers, The (1993)",4.290677070617676
591,9,318,Schindler's List (1993),4.288846969604492
591,10,427,To Kill a Mockingbird (1962),4.287866592407227
581,1,480,North by Northwest (1959),4.575289726257324
581,2,178,12 Angry Men (1957),4.550106048583984
581,3,114,Wallace & Gromit: The Best of Aardman Animation (1996),4.549674987792969
581,4,408,"Close Shave, A (1995)",4.53026008605957
581,5,1449,Pather Panchali (1955),4.5245466232299805
581,6,657,"Manchurian Candidate, The (1962)",4.523064613342285
581,7,1500,Santa with Muscles (1996),4.5139007568359375
581,8,483,Casablanca (1942),4.507554054260254
581,9,169,"Wrong Trousers, The (1993)",4.475128650665283
581,10,357,One Flew Over the Cuckoo's Nest (1975),4.473453521728516
592,1,1449,Pather Panchali (1955),4.772016525268555
592,2,1500,Santa with Muscles (1996),4.7645263671875
592,3,114,Wallace & Gromit: The Best of Aardman Animation (1996),4.7512335777282715
592,4,1367,Faust (1994),4.728583812713623
592,5,493,"Thin Man, The (1934)",4.720861911773682
592,6,923,Raise the Red Lantern (1991),4.717757225036621
592,7,656,M (1931),4.716114044189453
592,8,513,"Third Man, The (1949)",4.7155256271362305
592,9,316,As Good As It Gets (1997),4.714227676391602
592,10,478,"Philadelphia Story, The (1940)",4.706644535064697
580,1,318,Schindler's List (1993),4.492968559265137
580,2,174,Raiders of the Lost Ark (1981),4.476669788360596
580,3,64,"Shawshank Redemption, The (1994)",4.475715637207031
580,4,187,"Godfather: Part II, The (1974)",4.431180953979492
580,5,1449,Pather Panchali (1955),4.424991130828857
580,6,12,"Usual Suspects, The (1995)",4.3926849365234375
580,7,427,To Kill a Mockingbird (1962),4.383306503295898
580,8,114,Wallace & Gromit: The Best of Aardman Animation (1996),4.381128311157227
580,9,223,Sling Blade (1996),4.379751205444336
580,10,408,"Close Shave, A (1995)",4.358835220336914
590,1,114,Wallace & Gromit: The Best of Aardman Animation (1996),4.66357421875
590,2,483,Casablanca (1942),4.659191608428955
590,3,480,North by Northwest (1959),4.653523921966553
590,4,1449,Pather Panchali (1955),4.650544166564941
590,5,178,12 Angry Men (1957),4.647805690765381
590,6,408,"Close Shave, A (1995)",4.637327671051025
590,7,1500,Santa with Muscles (1996),4.630727767944336
590,8,318,Schindler's List (1993),4.601085186004639
590,9,313,Titanic (1997),4.600927352905273
590,10,657,"Manchurian Candidate, The (1962)",4.596388816833496
593,1,64,"Shawshank Redemption, The (1994)",4.46602725982666
593,2,114,Wallace & Gromit: The Best of Aardman Animation (1996),4.393563270568848
593,3,1449,Pather Panchali (1955),4.344574928283691
593,4,1500,Santa with Muscles (1996),4.315901756286621
593,5,169,"Wrong Trousers, The (1993)",4.298279762268066
593,6,408,"Close Shave, A (1995)",4.295793533325195
593,7,480,North by Northwest (1959),4.253991603851318
593,8,302,L.A. Confidential (1997),4.251422882080078
593,9,427,To Kill a Mockingbird (1962),4.242929458618164
593,10,12,"Usual Suspects, The (1995)",4.230494499206543
583,1,114,Wallace & Gromit: The Best of Aardman Animation (1996),4.746890068054199
583,2,480,North by Northwest (1959),4.740751266479492
583,3,178,12 Angry Men (1957),4.724549770355225
583,4,657,"Manchurian Candidate, The (1962)",4.717410087585449
583,5,408,"Close Shave, A (1995)",4.716372966766357
583,6,313,Titanic (1997),4.715841293334961
583,7,1500,Santa with Muscles (1996),4.713096618652344
583,8,127,"Godfather, The (1972)",4.709436416625977
583,9,1449,Pather Panchali (1955),4.698951721191406
583,10,515,"Boot, Das (1981)",4.697044372558594
596,1,64,"Shawshank Redemption, The (1994)",4.40356969833374
596,2,483,Casablanca (1942),4.279451370239258
596,3,408,"Close Shave, A (1995)",4.266903877258301
596,4,174,Raiders of the Lost Ark (1981),4.2283220291137695
596,5,114,Wallace & Gromit: The Best of Aardman Animation (1996),4.216221332550049
596,6,12,"Usual Suspects, The (1995)",4.213037490844727
596,7,427,To Kill a Mockingbird (1962),4.211236953735352
596,8,187,"Godfather: Part II, The (1974)",4.1972246170043945
596,9,318,Schindler's List (1993),4.190128326416016
596,10,656,M (1931),4.188493251800537
570,1,64,"Shawshank Redemption, The (1994)",4.160837173461914
570,2,178,12 Angry Men (1957),4.129205703735352
570,3,169,"Wrong Trousers, The (1993)",4.103833198547363
570,4,483,Casablanca (1942),4.099243640899658
570,5,1449,Pather Panchali (1955),4.07151460647583
570,6,318,Schindler's List (1993),4.070764541625977
570,7,427,To Kill a Mockingbird (1962),4.052454948425293
570,8,480,North by Northwest (1959),4.0381269454956055
570,9,1500,Santa with Muscles (1996),4.035412788391113
570,10,657,"Manchurian Candidate, The (1962)",4.01426887512207
599,1,174,Raiders of the Lost Ark (1981),4.772756099700928
599,2,318,Schindler's List (1993),4.764837265014648
599,3,50,Star Wars (1977),4.75349235534668
599,4,187,"Godfather: Part II, The (1974)",4.7339982986450195
599,5,64,"Shawshank Redemption, The (1994)",4.725069999694824
599,6,483,Casablanca (1942),4.7188239097595215
599,7,114,Wallace & Gromit: The Best of Aardman Animation (1996),4.715237140655518
599,8,479,Vertigo (1958),4.710137367248535
599,9,478,"Philadelphia Story, The (1940)",4.700138568878174
599,10,480,North by Northwest (1959),4.698910713195801
589,1,50,Star Wars (1977),4.420686721801758
589,2,64,"Shawshank Redemption, The (1994)",4.365538120269775
589,3,114,Wallace & Gromit: The Best of Aardman Animation (1996),4.349222183227539
589,4,174,Raiders of the Lost Ark (1981),4.335222244262695
589,5,318,Schindler's List (1993),4.311363220214844
589,6,483,Casablanca (1942),4.306340217590332
589,7,1500,Santa with Muscles (1996),4.293761253356934
589,8,1449,Pather Panchali (1955),4.287498474121094
589,9,187,"Godfather: Part II, The (1974)",4.278459548950195
589,10,408,"Close Shave, A (1995)",4.264776229858398
594,1,1449,Pather Panchali (1955),4.293254852294922
594,2,114,Wallace & Gromit: The Best of Aardman Animation (1996),4.276976108551025
594,3,408,"Close Shave, A (1995)",4.273131847381592
594,4,64,"Shawshank Redemption, The (1994)",4.2707109451293945
594,5,480,North by Northwest (1959),4.262419700622559
594,6,178,12 Angry Men (1957),4.25345516204834
594,7,657,"Manchurian Candidate, The (1962)",4.249107360839844
594,8,1500,Santa with Muscles (1996),4.2387847900390625
594,9,169,"Wrong Trousers, The (1993)",4.2299418449401855
594,10,318,Schindler's List (1993),4.225203514099121
597,1,64,"Shawshank Redemption, The (1994)",4.573200225830078
597,2,114,Wallace & Gromit: The Best of Aardman Animation (1996),4.565306663513184
597,3,1449,Pather Panchali (1955),4.535810470581055
597,4,408,"Close Shave, A (1995)",4.528165817260742
597,5,318,Schindler's List (1993),4.521604537963867
597,6,12,"Usual Suspects, The (1995)",4.514081001281738
597,7,223,Sling Blade (1996),4.513582229614258
597,8,199,"Bridge on the River Kwai, The (1957)",4.513341903686523
597,9,1500,Santa with Muscles (1996),4.507735729217529
597,10,483,Casablanca (1942),4.506984710693359
578,1,1449,Pather Panchali (1955),4.1328630447387695
578,2,483,Casablanca (1942),4.128102779388428
578,3,1500,Santa with Muscles (1996),4.123751640319824
578,4,64,"Shawshank Redemption, The (1994)",4.1144819259643555
578,5,178,12 Angry Men (1957),4.105319023132324
578,6,114,Wallace & Gromit: The Best of Aardman Animation (1996),4.095097064971924
578,7,318,Schindler's List (1993),4.080262184143066
578,8,480,North by Northwest (1959),4.0750226974487305
578,9,408,"Close Shave, A (1995)",4.073286056518555
578,10,98,"Silence of the Lambs, The (1991)",4.061835289001465
601,1,134,Citizen Kane (1941),4.269987106323242
601,2,480,North by Northwest (1959),4.251389503479004
601,3,1449,Pather Panchali (1955),4.245944023132324
601,4,313,Titanic (1997),4.24454402923584
601,5,1500,Santa with Muscles (1996),4.2322187423706055
601,6,603,Rear Window (1954),4.214739799499512
601,7,114,Wallace & Gromit: The Best of Aardman Animation (1996),4.199273586273193
601,8,187,"Godfather: Part II, The (1974)",4.147652626037598
601,9,272,Good Will Hunting (1997),4.146799087524414
601,10,316,As Good As It Gets (1997),4.143734455108643
602,1,174,Raiders of the Lost Ark (1981),4.515192985534668
602,2,64,"Shawshank Redemption, The (1994)",4.5043487548828125
602,3,318,Schindler's List (1993),4.500296592712402
602,4,1449,Pather Panchali (1955),4.481777667999268
602,5,114,Wallace & Gromit: The Best of Aardman Animation (1996),4.459036827087402
602,6,187,"Godfather: Part II, The (1974)",4.4546661376953125
602,7,483,Casablanca (1942),4.437641143798828
602,8,178,12 Angry Men (1957),4.436915874481201
602,9,427,To Kill a Mockingbird (1962),4.425691604614258
602,10,285,Secrets & Lies (1996),4.42275333404541
600,1,114,Wallace & Gromit: The Best of Aardman Animation (1996),4.607021331787109
600,2,483,Casablanca (1942),4.600882530212402
600,3,1449,Pather Panchali (1955),4.599759101867676
600,4,318,Schindler's List (1993),4.586401462554932
600,5,1500,Santa with Muscles (1996),4.575658798217773
600,6,64,"Shawshank Redemption, The (1994)",4.574301242828369
600,7,313,Titanic (1997),4.561274528503418
600,8,178,12 Angry Men (1957),4.560701370239258
600,9,480,North by Northwest (1959),4.559028625488281
600,10,408,"Close Shave, A (1995)",4.550045013427734
605,1,114,Wallace & Gromit: The Best of Aardman Animation (1996),4.59727668762207
605,2,313,Titanic (1997),4.581560134887695
605,3,480,North by Northwest (1959),4.571678161621094
605,4,1449,Pather Panchali (1955),4.568420886993408
605,5,178,12 Angry Men (1957),4.564502716064453
605,6,1500,Santa with Muscles (1996),4.561225891113281
605,7,656,M (1931),4.538501739501953
605,8,169,"Wrong Trousers, The (1993)",4.52508020401001
605,9,134,Citizen Kane (1941),4.519125938415527
605,10,654,Chinatown (1974),4.513146877288818
603,1,64,"Shawshank Redemption, The (1994)",4.482512474060059
603,2,114,Wallace & Gromit: The Best of Aardman Animation (1996),4.347838878631592
603,3,657,"Manchurian Candidate, The (1962)",4.333296775817871
603,4,318,Schindler's List (1993),4.305657386779785
603,5,187,"Godfather: Part II, The (1974)",4.29888391494751
603,6,178,12 Angry Men (1957),4.293769359588623
603,7,408,"Close Shave, A (1995)",4.290902137756348
603,8,302,L.A. Confidential (1997),4.283731460571289
603,9,479,Vertigo (1958),4.280541896820068
603,10,483,Casablanca (1942),4.27653694152832
595,1,64,"Shawshank Redemption, The (1994)",4.527197360992432
595,2,408,"Close Shave, A (1995)",4.508360862731934
595,3,483,Casablanca (1942),4.494153022766113
595,4,114,Wallace & Gromit: The Best of Aardman Animation (1996),4.490233898162842
595,5,603,Rear Window (1954),4.485912799835205
595,6,178,12 Angry Men (1957),4.484619140625
595,7,12,"Usual Suspects, The (1995)",4.480179786682129
595,8,318,Schindler's List (1993),4.467946529388428
595,9,1449,Pather Panchali (1955),4.467391014099121
595,10,1500,Santa with Muscles (1996),4.458847999572754
606,1,1449,Pather Panchali (1955),4.679583549499512
606,2,114,Wallace & Gromit: The Best of Aardman Animation (1996),4.674908638000488
606,3,1500,Santa with Muscles (1996),4.655550003051758
606,4,480,North by Northwest (1959),4.651915073394775
606,5,318,Schindler's List (1993),4.631862640380859
606,6,408,"Close Shave, A (1995)",4.630092620849609
606,7,515,"Boot, Das (1981)",4.620708465576172
606,8,657,"Manchurian Candidate, The (1962)",4.606193542480469
606,9,1367,Faust (1994),4.605107307434082
606,10,169,"Wrong Trousers, The (1993)",4.600069046020508
608,1,114,Wallace & Gromit: The Best of Aardman Animation (1996),4.278387546539307
608,2,1449,Pather Panchali (1955),4.253596305847168
608,3,12,"Usual Suspects, The (1995)",4.253314018249512
608,4,313,Titanic (1997),4.223126411437988
608,5,178,12 Angry Men (1957),4.220224380493164
608,6,169,"Wrong Trousers, The (1993)",4.220000267028809
608,7,1500,Santa with Muscles (1996),4.219092845916748
608,8,657,"Manchurian Candidate, The (1962)",4.159619331359863
608,9,408,"Close Shave, A (1995)",4.153846740722656
608,10,484,"Maltese Falcon, The (1941)",4.148807525634766
607,1,114,Wallace & Gromit: The Best of Aardman Animation (1996),4.4580397605896
607,2,64,"Shawshank Redemption, The (1994)",4.440489768981934
607,3,1449,Pather Panchali (1955),4.439728260040283
607,4,178,12 Angry Men (1957),4.436321258544922
607,5,313,Titanic (1997),4.416916847229004
607,6,1500,Santa with Muscles (1996),4.415227890014648
607,7,408,"Close Shave, A (1995)",4.405055046081543
607,8,480,North by Northwest (1959),4.4021992683410645
607,9,127,"Godfather, The (1972)",4.400527477264404
607,10,427,To Kill a Mockingbird (1962),4.394693374633789
610,1,178,12 Angry Men (1957),4.444371223449707
610,2,1449,Pather Panchali (1955),4.398005962371826
610,3,64,"Shawshank Redemption, The (1994)",4.385384559631348
610,4,1500,Santa with Muscles (1996),4.383792877197266
610,5,657,"Manchurian Candidate, The (1962)",4.337100028991699
610,6,169,"Wrong Trousers, The (1993)",4.33012056350708
610,7,134,Citizen Kane (1941),4.329334259033203
610,8,408,"Close Shave, A (1995)",4.320843696594238
610,9,513,"Third Man, The (1949)",4.305558204650879
610,10,174,Raiders of the Lost Ark (1981),4.289126396179199
611,1,318,Schindler's List (1993),4.682212829589844
611,2,114,Wallace & Gromit: The Best of Aardman Animation (1996),4.677985668182373
611,3,1449,Pather Panchali (1955),4.677674770355225
611,4,483,Casablanca (1942),4.668015480041504
611,5,174,Raiders of the Lost Ark (1981),4.666975498199463
611,6,1500,Santa with Muscles (1996),4.662875175476074
611,7,480,North by Northwest (1959),4.642626762390137
611,8,169,"Wrong Trousers, The (1993)",4.627578258514404
611,9,357,One Flew Over the Cuckoo's Nest (1975),4.626209735870361
611,10,1367,Faust (1994),4.619855880737305
617,1,483,Casablanca (1942),3.8169000148773193
617,2,64,"Shawshank Redemption, The (1994)",3.8081376552581787
617,3,1449,Pather Panchali (1955),3.745025396347046
617,4,169,"Wrong Trousers, The (1993)",3.682833433151245
617,5,12,"Usual Suspects, The (1995)",3.6744492053985596
617,6,603,Rear Window (1954),3.6245245933532715
617,7,272,Good Will Hunting (1997),3.599289894104004
617,8,474,Dr. Strangelove or: How I Learned to Stop Worrying and Love the Bomb (1963),3.5767741203308105
617,9,1554,Safe Passage (1994),3.5532662868499756
617,10,190,Henry V (1989),3.547837972640991
618,1,178,12 Angry Men (1957),4.335002899169922
618,2,1449,Pather Panchali (1955),4.327229976654053
618,3,408,"Close Shave, A (1995)",4.317281246185303
618,4,114,Wallace & Gromit: The Best of Aardman Animation (1996),4.290377616882324
618,5,1500,Santa with Muscles (1996),4.284240245819092
618,6,169,"Wrong Trousers, The (1993)",4.260734558105469
618,7,480,North by Northwest (1959),4.251980781555176
618,8,603,Rear Window (1954),4.248549461364746
618,9,134,Citizen Kane (1941),4.222528457641602
618,10,1367,Faust (1994),4.179807662963867
614,1,64,"Shawshank Redemption, The (1994)",4.429582118988037
614,2,483,Casablanca (1942),4.305149078369141
614,3,408,"Close Shave, A (1995)",4.181954383850098
614,4,12,"Usual Suspects, The (1995)",4.174593925476074
614,5,657,"Manchurian Candidate, The (1962)",4.174434661865234
614,6,478,"Philadelphia Story, The (1940)",4.167087078094482
614,7,479,Vertigo (1958),4.165380477905273
614,8,223,Sling Blade (1996),4.157609939575195
614,9,656,M (1931),4.151845932006836
614,10,285,Secrets & Lies (1996),4.1491498947143555
609,1,483,Casablanca (1942),4.44848108291626
609,2,64,"Shawshank Redemption, The (1994)",4.317960739135742
609,3,127,"Godfather, The (1972)",4.2999467849731445
609,4,1449,Pather Panchali (1955),4.289021015167236
609,5,12,"Usual Suspects, The (1995)",4.272513389587402
609,6,98,"Silence of the Lambs, The (1991)",4.257918357849121
609,7,1500,Santa with Muscles (1996),4.227087020874023
609,8,178,12 Angry Men (1957),4.2252068519592285
609,9,318,Schindler's List (1993),4.222963333129883
609,10,480,North by Northwest (1959),4.211398124694824
615,1,483,Casablanca (1942),4.705085754394531
615,2,114,Wallace & Gromit: The Best of Aardman Animation (1996),4.694056510925293
615,3,408,"Close Shave, A (1995)",4.685636520385742
615,4,318,Schindler's List (1993),4.670693874359131
615,5,174,Raiders of the Lost Ark (1981),4.670463562011719
615,6,480,North by Northwest (1959),4.668814659118652
615,7,1449,Pather Panchali (1955),4.663338661193848
615,8,1500,Santa with Muscles (1996),4.659428596496582
615,9,657,"Manchurian Candidate, The (1962)",4.647914886474609
615,10,313,Titanic (1997),4.644482612609863
616,1,64,"Shawshank Redemption, The (1994)",4.387412071228027
616,2,50,Star Wars (1977),4.354017734527588
616,3,114,Wallace & Gromit: The Best of Aardman Animation (1996),4.348790168762207
616,4,483,Casablanca (1942),4.346062660217285
616,5,1500,Santa with Muscles (1996),4.302230358123779
616,6,178,12 Angry Men (1957),4.286011695861816
616,7,480,North by Northwest (1959),4.281545639038086
616,8,427,To Kill a Mockingbird (1962),4.280078411102295
616,9,12,"Usual Suspects, The (1995)",4.274226188659668
616,10,1449,Pather Panchali (1955),4.273072719573975
620,1,64,"Shawshank Redemption, The (1994)",4.387619972229004
620,2,483,Casablanca (1942),4.317033767700195
620,3,479,Vertigo (1958),4.289369583129883
620,4,427,To Kill a Mockingbird (1962),4.2762370109558105
620,5,114,Wallace & Gromit: The Best of Aardman Animation (1996),4.268435478210449
620,6,178,12 Angry Men (1957),4.261251449584961
620,7,12,"Usual Suspects, The (1995)",4.259174346923828
620,8,223,Sling Blade (1996),4.250901222229004
620,9,357,One Flew Over the Cuckoo's Nest (1975),4.243249893188477
620,10,1449,Pather Panchali (1955),4.235633850097656
571,1,427,To Kill a Mockingbird (1962),4.069508075714111
571,2,1449,Pather Panchali (1955),4.064472198486328
571,3,169,"Wrong Trousers, The (1993)",4.03343391418457
571,4,483,Casablanca (1942),4.018847465515137
571,5,318,Schindler's List (1993),4.005727767944336
571,6,98,"Silence of the Lambs, The (1991)",3.9770655632019043
571,7,178,12 Angry Men (1957),3.9554970264434814
571,8,12,"Usual Suspects, The (1995)",3.9465198516845703
571,9,480,North by Northwest (1959),3.8712031841278076
571,10,134,Citizen Kane (1941),3.8675742149353027
619,1,318,Schindler's List (1993),4.492676734924316
619,2,64,"Shawshank Redemption, The (1994)",4.4874467849731445
619,3,483,Casablanca (1942),4.474282741546631
619,4,1449,Pather Panchali (1955),4.4655961990356445
619,5,480,North by Northwest (1959),4.4608378410339355
619,6,114,Wallace & Gromit: The Best of Aardman Animation (1996),4.457571983337402
619,7,408,"Close Shave, A (1995)",4.438224792480469
619,8,178,12 Angry Men (1957),4.436178684234619
619,9,1500,Santa with Muscles (1996),4.430017948150635
619,10,169,"Wrong Trousers, The (1993)",4.423205375671387
613,1,114,Wallace & Gromit: The Best of Aardman Animation (1996),4.691469669342041
613,2,480,North by Northwest (1959),4.6867218017578125
613,3,483,Casablanca (1942),4.684183120727539
613,4,174,Raiders of the Lost Ark (1981),4.681608200073242
613,5,1449,Pather Panchali (1955),4.680522918701172
613,6,1500,Santa with Muscles (1996),4.669966697692871
613,7,408,"Close Shave, A (1995)",4.669907569885254
613,8,313,Titanic (1997),4.6632795333862305
613,9,178,12 Angry Men (1957),4.659989356994629
613,10,187,"Godfather: Part II, The (1974)",4.65155029296875
622,1,114,Wallace & Gromit: The Best of Aardman Animation (1996),4.685976505279541
622,2,318,Schindler's List (1993),4.654000282287598
622,3,1449,Pather Panchali (1955),4.6500139236450195
622,4,483,Casablanca (1942),4.646971702575684
622,5,313,Titanic (1997),4.646475791931152
622,6,1500,Santa with Muscles (1996),4.646286964416504
622,7,657,"Manchurian Candidate, The (1962)",4.617980480194092
622,8,1367,Faust (1994),4.598567962646484
622,9,187,"Godfather: Part II, The (1974)",4.589416027069092
622,10,603,Rear Window (1954),4.5855302810668945
621,1,480,North by Northwest (1959),4.603725433349609
621,2,483,Casablanca (1942),4.590815544128418
621,3,114,Wallace & Gromit: The Best of Aardman Animation (1996),4.585328102111816
621,4,318,Schindler's List (1993),4.569371223449707
621,5,1449,Pather Panchali (1955),4.568213939666748
621,6,64,"Shawshank Redemption, The (1994)",4.558379173278809
621,7,408,"Close Shave, A (1995)",4.55272912979126
621,8,1500,Santa with Muscles (1996),4.541589736938477
621,9,515,"Boot, Das (1981)",4.537565231323242
621,10,127,"Godfather, The (1972)",4.529223442077637
604,1,483,Casablanca (1942),4.317680358886719
604,2,64,"Shawshank Redemption, The (1994)",4.300469875335693
604,3,408,"Close Shave, A (1995)",4.211724281311035
604,4,479,Vertigo (1958),4.19779109954834
604,5,1449,Pather Panchali (1955),4.1927947998046875
604,6,12,"Usual Suspects, The (1995)",4.190305709838867
604,7,427,To Kill a Mockingbird (1962),4.187686920166016
604,8,318,Schindler's List (1993),4.1822710037231445
604,9,178,12 Angry Men (1957),4.181858539581299
604,10,313,Titanic (1997),4.177652359008789
624,1,64,"Shawshank Redemption, The (1994)",4.359641075134277
624,2,480,North by Northwest (1959),4.312467575073242
624,3,427,To Kill a Mockingbird (1962),4.308216094970703
624,4,479,Vertigo (1958),4.305853843688965
624,5,12,"Usual Suspects, The (1995)",4.300125598907471
624,6,1500,Santa with Muscles (1996),4.291422367095947
624,7,1449,Pather Panchali (1955),4.290884017944336
624,8,483,Casablanca (1942),4.285565376281738
624,9,318,Schindler's List (1993),4.285367965698242
624,10,178,12 Angry Men (1957),4.283198356628418
612,1,64,"Shawshank Redemption, The (1994)",4.212410926818848
612,2,318,Schindler's List (1993),4.143387794494629
612,3,427,To Kill a Mockingbird (1962),4.139491081237793
612,4,114,Wallace & Gromit: The Best of Aardman Animation (1996),4.1346282958984375
612,5,1449,Pather Panchali (1955),4.132305145263672
612,6,483,Casablanca (1942),4.130663871765137
612,7,12,"Usual Suspects, The (1995)",4.11007022857666
612,8,178,12 Angry Men (1957),4.109409332275391
612,9,98,"Silence of the Lambs, The (1991)",4.089715003967285
612,10,1500,Santa with Muscles (1996),4.089191436767578
627,1,483,Casablanca (1942),4.414697170257568
627,2,1449,Pather Panchali (1955),4.32430362701416
627,3,272,Good Will Hunting (1997),4.296865463256836
627,4,178,12 Angry Men (1957),4.285172462463379
627,5,134,Citizen Kane (1941),4.278651237487793
627,6,480,North by Northwest (1959),4.264466285705566
627,7,169,"Wrong Trousers, The (1993)",4.25786018371582
627,8,408,"Close Shave, A (1995)",4.2555742263793945
627,9,513,"Third Man, The (1949)",4.228428363800049
627,10,1500,Santa with Muscles (1996),4.217924118041992
623,1,114,Wallace & Gromit: The Best of Aardman Animation (1996),4.558875560760498
623,2,1449,Pather Panchali (1955),4.540234565734863
623,3,178,12 Angry Men (1957),4.53333854675293
623,4,480,North by Northwest (1959),4.515149116516113
623,5,174,Raiders of the Lost Ark (1981),4.514964580535889
623,6,408,"Close Shave, A (1995)",4.51370096206665
623,7,1500,Santa with Muscles (1996),4.509328365325928
623,8,64,"Shawshank Redemption, The (1994)",4.501004219055176
623,9,313,Titanic (1997),4.4842119216918945
623,10,134,Citizen Kane (1941),4.477801322937012
628,1,174,Raiders of the Lost Ark (1981),4.898540496826172
628,2,114,Wallace & Gromit: The Best of Aardman Animation (1996),4.889049530029297
628,3,187,"Godfather: Part II, The (1974)",4.885883808135986
628,4,1449,Pather Panchali (1955),4.883713722229004
628,5,50,Star Wars (1977),4.88349723815918
628,6,318,Schindler's List (1993),4.880388259887695
628,7,483,Casablanca (1942),4.873262882232666
628,8,313,Titanic (1997),4.871404647827148
628,9,178,12 Angry Men (1957),4.864553451538086
628,10,1500,Santa with Muscles (1996),4.856670379638672
625,1,64,"Shawshank Redemption, The (1994)",4.239529609680176
625,2,1449,Pather Panchali (1955),4.191291809082031
625,3,318,Schindler's List (1993),4.141354560852051
625,4,427,To Kill a Mockingbird (1962),4.068263053894043
625,5,223,Sling Blade (1996),4.048789024353027
625,6,178,12 Angry Men (1957),4.0449066162109375
625,7,98,"Silence of the Lambs, The (1991)",4.042689323425293
625,8,89,Blade Runner (1982),4.041665554046631
625,9,1169,Fresh (1994),4.005953788757324
625,10,1500,Santa with Muscles (1996),4.005305767059326
629,1,483,Casablanca (1942),4.7162346839904785
629,2,480,North by Northwest (1959),4.663028717041016
629,3,479,Vertigo (1958),4.620440483093262
629,4,178,12 Angry Men (1957),4.612045764923096
629,5,408,"Close Shave, A (1995)",4.589730262756348
629,6,513,"Third Man, The (1949)",4.589409828186035
629,7,657,"Manchurian Candidate, The (1962)",4.589249134063721
629,8,318,Schindler's List (1993),4.586515426635742
629,9,313,Titanic (1997),4.581520080566406
629,10,134,Citizen Kane (1941),4.577724456787109
633,1,64,"Shawshank Redemption, The (1994)",4.120339393615723
633,2,427,To Kill a Mockingbird (1962),3.9994189739227295
633,3,1449,Pather Panchali (1955),3.9297873973846436
633,4,479,Vertigo (1958),3.9293711185455322
633,5,408,"Close Shave, A (1995)",3.928842067718506
633,6,223,Sling Blade (1996),3.9183807373046875
633,7,114,Wallace & Gromit: The Best of Aardman Animation (1996),3.9122109413146973
633,8,169,"Wrong Trousers, The (1993)",3.9113409519195557
633,9,313,Titanic (1997),3.90008544921875
633,10,483,Casablanca (1942),3.8960609436035156
632,1,114,Wallace & Gromit: The Best of Aardman Animation (1996),4.373979568481445
632,2,313,Titanic (1997),4.365097999572754
632,3,478,"Philadelphia Story, The (1940)",4.362135887145996
632,4,408,"Close Shave, A (1995)",4.359591484069824
632,5,302,L.A. Confidential (1997),4.359504699707031
632,6,427,To Kill a Mockingbird (1962),4.337181568145752
632,7,1500,Santa with Muscles (1996),4.335687160491943
632,8,657,"Manchurian Candidate, The (1962)",4.329177379608154
632,9,1449,Pather Panchali (1955),4.324898719787598
632,10,178,12 Angry Men (1957),4.313388824462891
631,1,1449,Pather Panchali (1955),4.367898464202881
631,2,114,Wallace & Gromit: The Best of Aardman Animation (1996),4.319736003875732
631,3,318,Schindler's List (1993),4.309181213378906
631,4,483,Casablanca (1942),4.306501388549805
631,5,169,"Wrong Trousers, The (1993)",4.300471782684326
631,6,50,Star Wars (1977),4.292289733886719
631,7,64,"Shawshank Redemption, The (1994)",4.276970863342285
631,8,1500,Santa with Muscles (1996),4.274152755737305
631,9,98,"Silence of the Lambs, The (1991)",4.270082473754883
631,10,223,Sling Blade (1996),4.263747215270996
634,1,1449,Pather Panchali (1955),4.267966270446777
634,2,483,Casablanca (1942),4.263049125671387
634,3,427,To Kill a Mockingbird (1962),4.259685516357422
634,4,98,"Silence of the Lambs, The (1991)",4.229703426361084
634,5,318,Schindler's List (1993),4.220330238342285
634,6,174,Raiders of the Lost Ark (1981),4.199579238891602
634,7,64,"Shawshank Redemption, The (1994)",4.195550918579102
634,8,1500,Santa with Muscles (1996),4.195102214813232
634,9,114,Wallace & Gromit: The Best of Aardman Animation (1996),4.188883304595947
634,10,12,"Usual Suspects, The (1995)",4.168750286102295
639,1,1449,Pather Panchali (1955),3.891524076461792
639,2,318,Schindler's List (1993),3.881626844406128
639,3,1500,Santa with Muscles (1996),3.848527193069458
639,4,64,"Shawshank Redemption, The (1994)",3.834987163543701
639,5,480,North by Northwest (1959),3.817866325378418
639,6,169,"Wrong Trousers, The (1993)",3.811943531036377
639,7,408,"Close Shave, A (1995)",3.802931785583496
639,8,127,"Godfather, The (1972)",3.7306952476501465
639,9,474,Dr. Strangelove or: How I Learned to Stop Worrying and Love the Bomb (1963),3.7232182025909424
639,10,134,Citizen Kane (1941),3.691348075866699
630,1,479,Vertigo (1958),4.124371528625488
630,2,483,Casablanca (1942),4.122823715209961
630,3,427,To Kill a Mockingbird (1962),4.098932266235352
630,4,318,Schindler's List (1993),4.08423376083374
630,5,408,"Close Shave, A (1995)",4.065543174743652
630,6,169,"Wrong Trousers, The (1993)",4.05563497543335
630,7,1449,Pather Panchali (1955),4.046978950500488
630,8,313,Titanic (1997),4.0452880859375
630,9,114,Wallace & Gromit: The Best of Aardman Animation (1996),4.044249057769775
630,10,302,L.A. Confidential (1997),4.031368255615234
642,1,483,Casablanca (1942),4.43497371673584
642,2,479,Vertigo (1958),4.432465076446533
642,3,178,12 Angry Men (1957),4.379813194274902
642,4,480,North by Northwest (1959),4.374326229095459
642,5,12,"Usual Suspects, The (1995)",4.370034217834473
642,6,1449,Pather Panchali (1955),4.368565082550049
642,7,408,"Close Shave, A (1995)",4.35551643371582
642,8,656,M (1931),4.312831878662109
642,9,98,"Silence of the Lambs, The (1991)",4.309540748596191
642,10,606,All About Eve (1950),4.307849884033203
637,1,1449,Pather Panchali (1955),4.243931770324707
637,2,178,12 Angry Men (1957),4.243098258972168
637,3,480,North by Northwest (1959),4.232159614562988
637,4,114,Wallace & Gromit: The Best of Aardman Animation (1996),4.228734970092773
637,5,483,Casablanca (1942),4.228476047515869
637,6,1500,Santa with Muscles (1996),4.157294273376465
637,7,318,Schindler's List (1993),4.133300304412842
637,8,64,"Shawshank Redemption, The (1994)",4.126861572265625
637,9,657,"Manchurian Candidate, The (1962)",4.114246368408203
637,10,603,Rear Window (1954),4.112820625305176
640,1,483,Casablanca (1942),4.751120567321777
640,2,187,"Godfather: Part II, The (1974)",4.747869491577148
640,3,50,Star Wars (1977),4.746259689331055
640,4,1449,Pather Panchali (1955),4.734834671020508
640,5,114,Wallace & Gromit: The Best of Aardman Animation (1996),4.726213455200195
640,6,178,12 Angry Men (1957),4.720070838928223
640,7,127,"Godfather, The (1972)",4.695296287536621
640,8,480,North by Northwest (1959),4.694695472717285
640,9,285,Secrets & Lies (1996),4.694244384765625
640,10,1500,Santa with Muscles (1996),4.69180965423584
626,1,483,Casablanca (1942),4.265516757965088
626,2,1500,Santa with Muscles (1996),4.23103666305542
626,3,318,Schindler's List (1993),4.228353023529053
626,4,1449,Pather Panchali (1955),4.208174228668213
626,5,12,"Usual Suspects, The (1995)",4.188088417053223
626,6,178,12 Angry Men (1957),4.188053131103516
626,7,127,"Godfather, The (1972)",4.182981967926025
626,8,408,"Close Shave, A (1995)",4.180427551269531
626,9,169,"Wrong Trousers, The (1993)",4.178445816040039
626,10,480,North by Northwest (1959),4.16545295715332
643,1,64,"Shawshank Redemption, The (1994)",4.552987098693848
643,2,318,Schindler's List (1993),4.534224033355713
643,3,1500,Santa with Muscles (1996),4.513565540313721
643,4,178,12 Angry Men (1957),4.510943412780762
643,5,480,North by Northwest (1959),4.509005069732666
643,6,657,"Manchurian Candidate, The (1962)",4.5022478103637695
643,7,1449,Pather Panchali (1955),4.48129940032959
643,8,285,Secrets & Lies (1996),4.446492671966553
643,9,313,Titanic (1997),4.436454772949219
643,10,1367,Faust (1994),4.4198760986328125
598,1,64,"Shawshank Redemption, The (1994)",4.474461555480957
598,2,114,Wallace & Gromit: The Best of Aardman Animation (1996),4.424722194671631
598,3,50,Star Wars (1977),4.406734943389893
598,4,174,Raiders of the Lost Ark (1981),4.394308090209961
598,5,427,To Kill a Mockingbird (1962),4.382296562194824
598,6,1449,Pather Panchali (1955),4.380666732788086
598,7,357,One Flew Over the Cuckoo's Nest (1975),4.374238967895508
598,8,12,"Usual Suspects, The (1995)",4.369095802307129
598,9,1500,Santa with Muscles (1996),4.363302230834961
598,10,178,12 Angry Men (1957),4.36244010925293
638,1,64,"Shawshank Redemption, The (1994)",4.453193664550781
638,2,114,Wallace & Gromit: The Best of Aardman Animation (1996),4.28557014465332
638,3,483,Casablanca (1942),4.270618438720703
638,4,169,"Wrong Trousers, The (1993)",4.251051902770996
638,5,12,"Usual Suspects, The (1995)",4.205132484436035
638,6,318,Schindler's List (1993),4.204738616943359
638,7,1449,Pather Panchali (1955),4.202103614807129
638,8,479,Vertigo (1958),4.19633674621582
638,9,223,Sling Blade (1996),4.194256782531738
638,10,1500,Santa with Muscles (1996),4.189237594604492
635,1,318,Schindler's List (1993),4.616559028625488
635,2,50,Star Wars (1977),4.608290195465088
635,3,313,Titanic (1997),4.552082061767578
635,4,483,Casablanca (1942),4.543479919433594
635,5,1500,Santa with Muscles (1996),4.542929649353027
635,6,174,Raiders of the Lost Ark (1981),4.542570114135742
635,7,64,"Shawshank Redemption, The (1994)",4.539020538330078
635,8,1449,Pather Panchali (1955),4.535216808319092
635,9,114,Wallace & Gromit: The Best of Aardman Animation (1996),4.530714988708496
635,10,178,12 Angry Men (1957),4.5245256423950195
644,1,483,Casablanca (1942),4.672755241394043
644,2,187,"Godfather: Part II, The (1974)",4.668275833129883
644,3,272,Good Will Hunting (1997),4.642711639404297
644,4,318,Schindler's List (1993),4.622883319854736
644,5,178,12 Angry Men (1957),4.612761497497559
644,6,174,Raiders of the Lost Ark (1981),4.60850715637207
644,7,1449,Pather Panchali (1955),4.59903621673584
644,8,656,M (1931),4.591341972351074
644,9,302,L.A. Confidential (1997),4.5823822021484375
644,10,357,One Flew Over the Cuckoo's Nest (1975),4.581659317016602
636,1,187,"Godfather: Part II, The (1974)",4.898876190185547
636,2,174,Raiders of the Lost Ark (1981),4.898580551147461
636,3,1449,Pather Panchali (1955),4.890481948852539
636,4,114,Wallace & Gromit: The Best of Aardman Animation (1996),4.88484001159668
636,5,318,Schindler's List (1993),4.875097751617432
636,6,50,Star Wars (1977),4.872466087341309
636,7,178,12 Angry Men (1957),4.866861343383789
636,8,483,Casablanca (1942),4.86540412902832
636,9,1500,Santa with Muscles (1996),4.864837646484375
636,10,408,"Close Shave, A (1995)",4.853262901306152
645,1,127,"Godfather, The (1972)",4.600567817687988
645,2,178,12 Angry Men (1957),4.59346866607666
645,3,408,"Close Shave, A (1995)",4.590581893920898
645,4,114,Wallace & Gromit: The Best of Aardman Animation (1996),4.585084915161133
645,5,1500,Santa with Muscles (1996),4.583203315734863
645,6,313,Titanic (1997),4.580715656280518
645,7,187,"Godfather: Part II, The (1974)",4.572971343994141
645,8,657,"Manchurian Candidate, The (1962)",4.565395832061768
645,9,1449,Pather Panchali (1955),4.563461780548096
645,10,302,L.A. Confidential (1997),4.542945384979248
648,1,480,North by Northwest (1959),4.451746940612793
648,2,1449,Pather Panchali (1955),4.419490337371826
648,3,64,"Shawshank Redemption, The (1994)",4.415764808654785
648,4,114,Wallace & Gromit: The Best of Aardman Animation (1996),4.393080234527588
648,5,1500,Santa with Muscles (1996),4.379099369049072
648,6,408,"Close Shave, A (1995)",4.359822750091553
648,7,427,To Kill a Mockingbird (1962),4.329240798950195
648,8,134,Citizen Kane (1941),4.30787992477417
648,9,12,"Usual Suspects, The (1995)",4.306821823120117
648,10,515,"Boot, Das (1981)",4.3065361976623535
647,1,64,"Shawshank Redemption, The (1994)",4.499157905578613
647,2,114,Wallace & Gromit: The Best of Aardman Animation (1996),4.473018169403076
647,3,480,North by Northwest (1959),4.460973739624023
647,4,656,M (1931),4.4353485107421875
647,5,479,Vertigo (1958),4.43132209777832
647,6,408,"Close Shave, A (1995)",4.423025131225586
647,7,483,Casablanca (1942),4.420964241027832
647,8,654,Chinatown (1974),4.398265361785889
647,9,191,Amadeus (1984),4.392913818359375
647,10,513,"Third Man, The (1949)",4.391320705413818
650,1,64,"Shawshank Redemption, The (1994)",4.245245456695557
650,2,114,Wallace & Gromit: The Best of Aardman Animation (1996),4.223977088928223
650,3,1449,Pather Panchali (1955),4.217804908752441
650,4,178,12 Angry Men (1957),4.189188003540039
650,5,318,Schindler's List (1993),4.186070919036865
650,6,1500,Santa with Muscles (1996),4.134882926940918
650,7,12,"Usual Suspects, The (1995)",4.106313228607178
650,8,169,"Wrong Trousers, The (1993)",4.103670120239258
650,9,408,"Close Shave, A (1995)",4.07297420501709
650,10,513,"Third Man, The (1949)",4.065081596374512
651,1,483,Casablanca (1942),4.488852024078369
651,2,114,Wallace & Gromit: The Best of Aardman Animation (1996),4.475385665893555
651,3,178,12 Angry Men (1957),4.469025611877441
651,4,1449,Pather Panchali (1955),4.462303161621094
651,5,1500,Santa with Muscles (1996),4.4586944580078125
651,6,408,"Close Shave, A (1995)",4.440854072570801
651,7,480,North by Northwest (1959),4.435539245605469
651,8,318,Schindler's List (1993),4.418945789337158
651,9,657,"Manchurian Candidate, The (1962)",4.404933929443359
651,10,12,"Usual Suspects, The (1995)",4.399012565612793
654,1,483,Casablanca (1942),4.454206466674805
654,2,1500,Santa with Muscles (1996),4.4307451248168945
654,3,1449,Pather Panchali (1955),4.424328804016113
654,4,178,12 Angry Men (1957),4.409451961517334
654,5,64,"Shawshank Redemption, The (1994)",4.404205322265625
654,6,480,North by Northwest (1959),4.362461090087891
654,7,603,Rear Window (1954),4.352066993713379
654,8,357,One Flew Over the Cuckoo's Nest (1975),4.337368011474609
654,9,127,"Godfather, The (1972)",4.336729049682617
654,10,427,To Kill a Mockingbird (1962),4.332365036010742
653,1,483,Casablanca (1942),4.042191505432129
653,2,178,12 Angry Men (1957),3.973259210586548
653,3,1449,Pather Panchali (1955),3.93603515625
653,4,427,To Kill a Mockingbird (1962),3.9171292781829834
653,5,12,"Usual Suspects, The (1995)",3.905271291732788
653,6,528,"Killing Fields, The (1984)",3.8803412914276123
653,7,1500,Santa with Muscles (1996),3.8549110889434814
653,8,648,"Quiet Man, The (1952)",3.8533148765563965
653,9,515,"Boot, Das (1981)",3.8493330478668213
653,10,408,"Close Shave, A (1995)",3.8488175868988037
655,1,1449,Pather Panchali (1955),3.8177249431610107
655,2,641,Paths of Glory (1957),3.5636487007141113
655,3,114,Wallace & Gromit: The Best of Aardman Animation (1996),3.547652006149292
655,4,169,"Wrong Trousers, The (1993)",3.5414416790008545
655,5,487,Roman Holiday (1953),3.5407261848449707
655,6,408,"Close Shave, A (1995)",3.537081241607666
655,7,1500,Santa with Muscles (1996),3.4802610874176025
655,8,519,"Treasure of the Sierra Madre, The (1948)",3.4643173217773438
655,9,484,"Maltese Falcon, The (1941)",3.44276762008667
655,10,1367,Faust (1994),3.430455207824707
649,1,64,"Shawshank Redemption, The (1994)",4.58172082901001
649,2,483,Casablanca (1942),4.57249641418457
649,3,174,Raiders of the Lost Ark (1981),4.55275821685791
649,4,187,"Godfather: Part II, The (1974)",4.51761531829834
649,5,114,Wallace & Gromit: The Best of Aardman Animation (1996),4.478433609008789
649,6,1449,Pather Panchali (1955),4.477836608886719
649,7,313,Titanic (1997),4.449517250061035
649,8,1500,Santa with Muscles (1996),4.449347972869873
649,9,318,Schindler's List (1993),4.446239471435547
649,10,302,L.A. Confidential (1997),4.419347286224365
658,1,483,Casablanca (1942),4.493025779724121
658,2,114,Wallace & Gromit: The Best of Aardman Animation (1996),4.434921741485596
658,3,64,"Shawshank Redemption, The (1994)",4.415841102600098
658,4,1500,Santa with Muscles (1996),4.41552734375
658,5,1449,Pather Panchali (1955),4.414427757263184
658,6,174,Raiders of the Lost Ark (1981),4.360189437866211
658,7,480,North by Northwest (1959),4.35604190826416
658,8,427,To Kill a Mockingbird (1962),4.346449851989746
658,9,12,"Usual Suspects, The (1995)",4.342234134674072
658,10,313,Titanic (1997),4.315312385559082
656,1,64,"Shawshank Redemption, The (1994)",4.021465301513672
656,2,318,Schindler's List (1993),3.999436855316162
656,3,427,To Kill a Mockingbird (1962),3.962599992752075
656,4,1449,Pather Panchali (1955),3.9560272693634033
656,5,483,Casablanca (1942),3.943830966949463
656,6,12,"Usual Suspects, The (1995)",3.930450439453125
656,7,169,"Wrong Trousers, The (1993)",3.9224565029144287
656,8,408,"Close Shave, A (1995)",3.911045789718628
656,9,98,"Silence of the Lambs, The (1991)",3.903120517730713
656,10,1500,Santa with Muscles (1996),3.8754312992095947
660,1,12,"Usual Suspects, The (1995)",4.1676740646362305
660,2,169,"Wrong Trousers, The (1993)",4.105685234069824
660,3,178,12 Angry Men (1957),4.079305648803711
660,4,427,To Kill a Mockingbird (1962),4.049765586853027
660,5,114,Wallace & Gromit: The Best of Aardman Animation (1996),4.039451599121094
660,6,1500,Santa with Muscles (1996),4.035337448120117
660,7,1449,Pather Panchali (1955),4.031774044036865
660,8,1554,Safe Passage (1994),3.942439556121826
660,9,127,"Godfather, The (1972)",3.9325459003448486
660,10,408,"Close Shave, A (1995)",3.879937171936035
659,1,114,Wallace & Gromit: The Best of Aardman Animation (1996),4.517406463623047
659,2,318,Schindler's List (1993),4.503832817077637
659,3,1449,Pather Panchali (1955),4.474819183349609
659,4,1500,Santa with Muscles (1996),4.470136642456055
659,5,408,"Close Shave, A (1995)",4.452581405639648
659,6,480,North by Northwest (1959),4.430789947509766
659,7,427,To Kill a Mockingbird (1962),4.416365623474121
659,8,12,"Usual Suspects, The (1995)",4.407576560974121
659,9,169,"Wrong Trousers, The (1993)",4.401934623718262
659,10,656,M (1931),4.392190933227539
646,1,64,"Shawshank Redemption, The (1994)",4.36787223815918
646,2,483,Casablanca (1942),4.335308074951172
646,3,408,"Close Shave, A (1995)",4.2879533767700195
646,4,1449,Pather Panchali (1955),4.283819198608398
646,5,114,Wallace & Gromit: The Best of Aardman Animation (1996),4.2310285568237305
646,6,318,Schindler's List (1993),4.219437599182129
646,7,169,"Wrong Trousers, The (1993)",4.211647987365723
646,8,12,"Usual Suspects, The (1995)",4.206766128540039
646,9,50,Star Wars (1977),4.200532913208008
646,10,1500,Santa with Muscles (1996),4.196093559265137
663,1,1449,Pather Panchali (1955),4.45469331741333
663,2,114,Wallace & Gromit: The Best of Aardman Animation (1996),4.443392276763916
663,3,408,"Close Shave, A (1995)",4.421966552734375
663,4,427,To Kill a Mockingbird (1962),4.401637077331543
663,5,1500,Santa with Muscles (1996),4.3913984298706055
663,6,483,Casablanca (1942),4.385616779327393
663,7,1367,Faust (1994),4.352606773376465
663,8,178,12 Angry Men (1957),4.350886344909668
663,9,169,"Wrong Trousers, The (1993)",4.349526882171631
663,10,480,North by Northwest (1959),4.329184532165527
664,1,114,Wallace & Gromit: The Best of Aardman Animation (1996),4.519533157348633
664,2,1449,Pather Panchali (1955),4.510627746582031
664,3,178,12 Angry Men (1957),4.4894633293151855
664,4,515,"Boot, Das (1981)",4.474969387054443
664,5,1500,Santa with Muscles (1996),4.467066764831543
664,6,1367,Faust (1994),4.422523498535156
664,7,357,One Flew Over the Cuckoo's Nest (1975),4.422362327575684
664,8,656,M (1931),4.411608695983887
664,9,199,"Bridge on the River Kwai, The (1957)",4.390895366668701
664,10,313,Titanic (1997),4.379299640655518
657,1,427,To Kill a Mockingbird (1962),4.199614524841309
657,2,483,Casablanca (1942),4.176515102386475
657,3,480,North by Northwest (1959),4.1544599533081055
657,4,1449,Pather Panchali (1955),4.134106159210205
657,5,178,12 Angry Men (1957),4.080822944641113
657,6,127,"Godfather, The (1972)",4.07811975479126
657,7,114,Wallace & Gromit: The Best of Aardman Animation (1996),4.067988395690918
657,8,1500,Santa with Muscles (1996),4.052755355834961
657,9,272,Good Will Hunting (1997),4.041816711425781
657,10,64,"Shawshank Redemption, The (1994)",4.03355598449707
665,1,64,"Shawshank Redemption, The (1994)",4.072075843811035
665,2,479,Vertigo (1958),3.9996557235717773
665,3,169,"Wrong Trousers, The (1993)",3.9152543544769287
665,4,114,Wallace & Gromit: The Best of Aardman Animation (1996),3.897642135620117
665,5,478,"Philadelphia Story, The (1940)",3.896108865737915
665,6,408,"Close Shave, A (1995)",3.895112991333008
665,7,223,Sling Blade (1996),3.8896939754486084
665,8,178,12 Angry Men (1957),3.8849856853485107
665,9,1449,Pather Panchali (1955),3.866359233856201
665,10,474,Dr. Strangelove or: How I Learned to Stop Worrying and Love the Bomb (1963),3.864212989807129
666,1,313,Titanic (1997),4.248342037200928
666,2,1500,Santa with Muscles (1996),4.188340663909912
666,3,1449,Pather Panchali (1955),4.176817893981934
666,4,408,"Close Shave, A (1995)",4.159636974334717
666,5,272,Good Will Hunting (1997),4.105149269104004
666,6,178,12 Angry Men (1957),4.101271629333496
666,7,136,Mr. Smith Goes to Washington (1939),4.034132957458496
666,8,1367,Faust (1994),4.032147407531738
666,9,488,Sunset Blvd. (1950),3.9920103549957275
666,10,316,As Good As It Gets (1997),3.9903106689453125
661,1,127,"Godfather, The (1972)",4.538190841674805
661,2,114,Wallace & Gromit: The Best of Aardman Animation (1996),4.523158073425293
661,3,1500,Santa with Muscles (1996),4.48487663269043
661,4,1449,Pather Panchali (1955),4.474905014038086
661,5,483,Casablanca (1942),4.452256202697754
661,6,656,M (1931),4.433457374572754
661,7,302,L.A. Confidential (1997),4.4225053787231445
661,8,134,Citizen Kane (1941),4.417908668518066
661,9,513,"Third Man, The (1949)",4.406017303466797
661,10,654,Chinatown (1974),4.400177955627441
662,1,480,North by Northwest (1959),4.448026657104492
662,2,114,Wallace & Gromit: The Best of Aardman Animation (1996),4.398612976074219
662,3,64,"Shawshank Redemption, The (1994)",4.391656875610352
662,4,178,12 Angry Men (1957),4.379732608795166
662,5,1449,Pather Panchali (1955),4.369043350219727
662,6,12,"Usual Suspects, The (1995)",4.362056255340576
662,7,657,"Manchurian Candidate, The (1962)",4.357805252075195
662,8,483,Casablanca (1942),4.356890678405762
662,9,1500,Santa with Muscles (1996),4.349913120269775
662,10,408,"Close Shave, A (1995)",4.344252109527588
667,1,483,Casablanca (1942),4.553970813751221
667,2,1500,Santa with Muscles (1996),4.520097255706787
667,3,480,North by Northwest (1959),4.519758224487305
667,4,114,Wallace & Gromit: The Best of Aardman Animation (1996),4.514438152313232
667,5,1449,Pather Panchali (1955),4.511540412902832
667,6,178,12 Angry Men (1957),4.510638236999512
667,7,408,"Close Shave, A (1995)",4.510473251342773
667,8,657,"Manchurian Candidate, The (1962)",4.491900444030762
667,9,127,"Godfather, The (1972)",4.4866108894348145
667,10,64,"Shawshank Redemption, The (1994)",4.478939056396484
641,1,318,Schindler's List (1993),4.547963619232178
641,2,174,Raiders of the Lost Ark (1981),4.514369964599609
641,3,187,"Godfather: Part II, The (1974)",4.5090155601501465
641,4,178,12 Angry Men (1957),4.502429962158203
641,5,1449,Pather Panchali (1955),4.479147911071777
641,6,480,North by Northwest (1959),4.473470687866211
641,7,408,"Close Shave, A (1995)",4.472858905792236
641,8,313,Titanic (1997),4.471978664398193
641,9,127,"Godfather, The (1972)",4.4702253341674805
641,10,1500,Santa with Muscles (1996),4.46571159362793
668,1,483,Casablanca (1942),4.550768852233887
668,2,480,North by Northwest (1959),4.535251617431641
668,3,114,Wallace & Gromit: The Best of Aardman Animation (1996),4.525749683380127
668,4,127,"Godfather, The (1972)",4.4882001876831055
668,5,178,12 Angry Men (1957),4.488146781921387
668,6,408,"Close Shave, A (1995)",4.4722700119018555
668,7,657,"Manchurian Candidate, The (1962)",4.465604305267334
668,8,515,"Boot, Das (1981)",4.4622111320495605
668,9,64,"Shawshank Redemption, The (1994)",4.456721305847168
668,10,513,"Third Man, The (1949)",4.438061714172363
673,1,114,Wallace & Gromit: The Best of Aardman Animation (1996),4.5514631271362305
673,2,50,Star Wars (1977),4.545166015625
673,3,483,Casablanca (1942),4.530757904052734
673,4,174,Raiders of the Lost Ark (1981),4.522899627685547
673,5,187,"Godfather: Part II, The (1974)",4.513785362243652
673,6,1500,Santa with Muscles (1996),4.511695861816406
673,7,1449,Pather Panchali (1955),4.509304523468018
673,8,64,"Shawshank Redemption, The (1994)",4.50763463973999
673,9,408,"Close Shave, A (1995)",4.50473690032959
673,10,318,Schindler's List (1993),4.500510215759277
671,1,483,Casablanca (1942),4.5165557861328125
671,2,64,"Shawshank Redemption, The (1994)",4.510756492614746
671,3,114,Wallace & Gromit: The Best of Aardman Animation (1996),4.486752510070801
671,4,187,"Godfather: Part II, The (1974)",4.483570098876953
671,5,480,North by Northwest (1959),4.471768379211426
671,6,1449,Pather Panchali (1955),4.469394683837891
671,7,408,"Close Shave, A (1995)",4.458698272705078
671,8,178,12 Angry Men (1957),4.44044303894043
671,9,656,M (1931),4.4394450187683105
671,10,302,L.A. Confidential (1997),4.430449485778809
669,1,1449,Pather Panchali (1955),4.387282371520996
669,2,318,Schindler's List (1993),4.3854522705078125
669,3,178,12 Angry Men (1957),4.378960132598877
669,4,1500,Santa with Muscles (1996),4.361246109008789
669,5,98,"Silence of the Lambs, The (1991)",4.329701900482178
669,6,1367,Faust (1994),4.325047016143799
669,7,484,"Maltese Falcon, The (1941)",4.298200607299805
669,8,1529,Underground (1995),4.297697067260742
669,9,528,"Killing Fields, The (1984)",4.289521217346191
669,10,1642,Some Mother's Son (1996),4.286035537719727
676,1,408,"Close Shave, A (1995)",4.540411949157715
676,2,1500,Santa with Muscles (1996),4.5341339111328125
676,3,1449,Pather Panchali (1955),4.529723167419434
676,4,178,12 Angry Men (1957),4.527970314025879
676,5,657,"Manchurian Candidate, The (1962)",4.514965057373047
676,6,127,"Godfather, The (1972)",4.514961242675781
676,7,656,M (1931),4.485987186431885
676,8,187,"Godfather: Part II, The (1974)",4.480818748474121
676,9,654,Chinatown (1974),4.472775459289551
676,10,478,"Philadelphia Story, The (1940)",4.466443061828613
674,1,483,Casablanca (1942),4.56198787689209
674,2,408,"Close Shave, A (1995)",4.517545700073242
674,3,187,"Godfather: Part II, The (1974)",4.517014503479004
674,4,114,Wallace & Gromit: The Best of Aardman Animation (1996),4.5096821784973145
674,5,1500,Santa with Muscles (1996),4.505364894866943
674,6,178,12 Angry Men (1957),4.49532413482666
674,7,64,"Shawshank Redemption, The (1994)",4.492584228515625
674,8,1449,Pather Panchali (1955),4.483158111572266
674,9,480,North by Northwest (1959),4.4810590744018555
674,10,191,Amadeus (1984),4.476170539855957
652,1,64,"Shawshank Redemption, The (1994)",4.285043716430664
652,2,1449,Pather Panchali (1955),4.279780387878418
652,3,483,Casablanca (1942),4.2549309730529785
652,4,178,12 Angry Men (1957),4.252201080322266
652,5,1500,Santa with Muscles (1996),4.242765426635742
652,6,114,Wallace & Gromit: The Best of Aardman Animation (1996),4.22689151763916
652,7,408,"Close Shave, A (1995)",4.217752456665039
652,8,427,To Kill a Mockingbird (1962),4.214357852935791
652,9,480,North by Northwest (1959),4.206577301025391
652,10,169,"Wrong Trousers, The (1993)",4.203027725219727
677,1,483,Casablanca (1942),4.629384994506836
677,2,64,"Shawshank Redemption, The (1994)",4.594609260559082
677,3,479,Vertigo (1958),4.58455753326416
677,4,114,Wallace & Gromit: The Best of Aardman Animation (1996),4.563553333282471
677,5,478,"Philadelphia Story, The (1940)",4.553021430969238
677,6,480,North by Northwest (1959),4.541128635406494
677,7,1500,Santa with Muscles (1996),4.538525104522705
677,8,1449,Pather Panchali (1955),4.538134574890137
677,9,313,Titanic (1997),4.535778522491455
677,10,174,Raiders of the Lost Ark (1981),4.521267414093018
682,1,483,Casablanca (1942),4.462486267089844
682,2,1449,Pather Panchali (1955),4.30055046081543
682,3,114,Wallace & Gromit: The Best of Aardman Animation (1996),4.295863151550293
682,4,134,Citizen Kane (1941),4.285409927368164
682,5,408,"Close Shave, A (1995)",4.280185699462891
682,6,1500,Santa with Muscles (1996),4.269588947296143
682,7,178,12 Angry Men (1957),4.259878635406494
682,8,313,Titanic (1997),4.251369476318359
682,9,480,North by Northwest (1959),4.243056297302246
682,10,603,Rear Window (1954),4.194146156311035
679,1,1449,Pather Panchali (1955),4.339144229888916
679,2,127,"Godfather, The (1972)",4.335002899169922
679,3,114,Wallace & Gromit: The Best of Aardman Animation (1996),4.3297224044799805
679,4,1500,Santa with Muscles (1996),4.304438591003418
679,5,480,North by Northwest (1959),4.285270690917969
679,6,603,Rear Window (1954),4.266402721405029
679,7,408,"Close Shave, A (1995)",4.259337425231934
679,8,515,"Boot, Das (1981)",4.258755683898926
679,9,98,"Silence of the Lambs, The (1991)",4.2576141357421875
679,10,427,To Kill a Mockingbird (1962),4.252735137939453
684,1,114,Wallace & Gromit: The Best of Aardman Animation (1996),4.4725565910339355
684,2,313,Titanic (1997),4.47071647644043
684,3,1449,Pather Panchali (1955),4.461667537689209
684,4,127,"Godfather, The (1972)",4.458950996398926
684,5,480,North by Northwest (1959),4.4470534324646
684,6,318,Schindler's List (1993),4.4289116859436035
684,7,1500,Santa with Muscles (1996),4.425127029418945
684,8,357,One Flew Over the Cuckoo's Nest (1975),4.424615859985352
684,9,302,L.A. Confidential (1997),4.421725749969482
684,10,169,"Wrong Trousers, The (1993)",4.403604507446289
685,1,483,Casablanca (1942),4.058234214782715
685,2,1449,Pather Panchali (1955),3.9326112270355225
685,3,64,"Shawshank Redemption, The (1994)",3.9220738410949707
685,4,12,"Usual Suspects, The (1995)",3.9050517082214355
685,5,114,Wallace & Gromit: The Best of Aardman Animation (1996),3.8476245403289795
685,6,1500,Santa with Muscles (1996),3.831860303878784
685,7,313,Titanic (1997),3.8272769451141357
685,8,318,Schindler's List (1993),3.8267080783843994
685,9,127,"Godfather, The (1972)",3.797207832336426
685,10,178,12 Angry Men (1957),3.793145179748535
683,1,64,"Shawshank Redemption, The (1994)",4.293323516845703
683,2,480,North by Northwest (1959),4.280265808105469
683,3,114,Wallace & Gromit: The Best of Aardman Animation (1996),4.265312671661377
683,4,657,"Manchurian Candidate, The (1962)",4.2471723556518555
683,5,483,Casablanca (1942),4.238946437835693
683,6,178,12 Angry Men (1957),4.237602233886719
683,7,408,"Close Shave, A (1995)",4.2369384765625
683,8,1449,Pather Panchali (1955),4.216310501098633
683,9,515,"Boot, Das (1981)",4.201622486114502
683,10,169,"Wrong Trousers, The (1993)",4.1805338859558105
691,1,174,Raiders of the Lost Ark (1981),4.694221019744873
691,2,187,"Godfather: Part II, The (1974)",4.6920671463012695
691,3,483,Casablanca (1942),4.691489219665527
691,4,1500,Santa with Muscles (1996),4.6771087646484375
691,5,1449,Pather Panchali (1955),4.6752519607543945
691,6,313,Titanic (1997),4.673427581787109
691,7,127,"Godfather, The (1972)",4.66831111907959
691,8,408,"Close Shave, A (1995)",4.663692474365234
691,9,114,Wallace & Gromit: The Best of Aardman Animation (1996),4.657120704650879
691,10,169,"Wrong Trousers, The (1993)",4.6418352127075195
672,1,483,Casablanca (1942),4.43373441696167
672,2,64,"Shawshank Redemption, The (1994)",4.341982364654541
672,3,1449,Pather Panchali (1955),4.290431022644043
672,4,178,12 Angry Men (1957),4.286669731140137
672,5,480,North by Northwest (1959),4.2858781814575195
672,6,1500,Santa with Muscles (1996),4.265491485595703
672,7,357,One Flew Over the Cuckoo's Nest (1975),4.262368202209473
672,8,114,Wallace & Gromit: The Best of Aardman Animation (1996),4.262260437011719
672,9,318,Schindler's List (1993),4.256138801574707
672,10,408,"Close Shave, A (1995)",4.25013542175293
692,1,64,"Shawshank Redemption, The (1994)",4.2631425857543945
692,2,318,Schindler's List (1993),4.179141998291016
692,3,1449,Pather Panchali (1955),4.178541660308838
692,4,484,"Maltese Falcon, The (1941)",4.166619300842285
692,5,169,"Wrong Trousers, The (1993)",4.155157089233398
692,6,483,Casablanca (1942),4.1488447189331055
692,7,98,"Silence of the Lambs, The (1991)",4.147757053375244
692,8,223,Sling Blade (1996),4.136127471923828
692,9,427,To Kill a Mockingbird (1962),4.13359260559082
692,10,178,12 Angry Men (1957),4.129227638244629
690,1,1449,Pather Panchali (1955),4.249259948730469
690,2,169,"Wrong Trousers, The (1993)",4.191458702087402
690,3,483,Casablanca (1942),4.1846923828125
690,4,178,12 Angry Men (1957),4.181020736694336
690,5,114,Wallace & Gromit: The Best of Aardman Animation (1996),4.158962249755859
690,6,603,Rear Window (1954),4.144637107849121
690,7,480,North by Northwest (1959),4.137850761413574
690,8,1500,Santa with Muscles (1996),4.1220269203186035
690,9,318,Schindler's List (1993),4.106392860412598
690,10,199,"Bridge on the River Kwai, The (1957)",4.094725608825684
689,1,483,Casablanca (1942),4.668935775756836
689,2,114,Wallace & Gromit: The Best of Aardman Animation (1996),4.5804948806762695
689,3,480,North by Northwest (1959),4.575011253356934
689,4,178,12 Angry Men (1957),4.5325117111206055
689,5,313,Titanic (1997),4.517085552215576
689,6,127,"Godfather, The (1972)",4.514552116394043
689,7,656,M (1931),4.512369155883789
689,8,1500,Santa with Muscles (1996),4.4975738525390625
689,9,513,"Third Man, The (1949)",4.49332332611084
689,10,657,"Manchurian Candidate, The (1962)",4.489296913146973
686,1,114,Wallace & Gromit: The Best of Aardman Animation (1996),4.751067161560059
686,2,483,Casablanca (1942),4.729525566101074
686,3,657,"Manchurian Candidate, The (1962)",4.723243713378906
686,4,408,"Close Shave, A (1995)",4.717503547668457
686,5,1500,Santa with Muscles (1996),4.715295791625977
686,6,513,"Third Man, The (1949)",4.7129998207092285
686,7,1449,Pather Panchali (1955),4.705452919006348
686,8,656,M (1931),4.699687957763672
686,9,515,"Boot, Das (1981)",4.6979780197143555
686,10,1367,Faust (1994),4.695611000061035
693,1,1449,Pather Panchali (1955),3.9188504219055176
693,2,173,"Princess Bride, The (1987)",3.889507293701172
693,3,408,"Close Shave, A (1995)",3.8556132316589355
693,4,169,"Wrong Trousers, The (1993)",3.8496193885803223
693,5,603,Rear Window (1954),3.8367702960968018
693,6,1500,Santa with Muscles (1996),3.834843397140503
693,7,474,Dr. Strangelove or: How I Learned to Stop Worrying and Love the Bomb (1963),3.825174331665039
693,8,479,Vertigo (1958),3.811464309692383
693,9,89,Blade Runner (1982),3.7637484073638916
693,10,498,"African Queen, The (1951)",3.7563233375549316
688,1,174,Raiders of the Lost Ark (1981),4.814845085144043
688,2,187,"Godfather: Part II, The (1974)",4.804224014282227
688,3,114,Wallace & Gromit: The Best of Aardman Animation (1996),4.793973922729492
688,4,656,M (1931),4.791459083557129
688,5,64,"Shawshank Redemption, The (1994)",4.79116153717041
688,6,318,Schindler's List (1993),4.789769649505615
688,7,408,"Close Shave, A (1995)",4.769472122192383
688,8,480,North by Northwest (1959),4.768307685852051
688,9,313,Titanic (1997),4.7680134773254395
688,10,654,Chinatown (1974),4.767784118652344
697,1,64,"Shawshank Redemption, The (1994)",4.617590427398682
697,2,313,Titanic (1997),4.60044002532959
697,3,114,Wallace & Gromit: The Best of Aardman Animation (1996),4.560564041137695
697,4,1500,Santa with Muscles (1996),4.554766654968262
697,5,187,"Godfather: Part II, The (1974)",4.552544593811035
697,6,174,Raiders of the Lost Ark (1981),4.550032138824463
697,7,483,Casablanca (1942),4.543110370635986
697,8,1449,Pather Panchali (1955),4.537323951721191
697,9,480,North by Northwest (1959),4.536759376525879
697,10,408,"Close Shave, A (1995)",4.534625053405762
698,1,519,"Treasure of the Sierra Madre, The (1948)",3.643922805786133
698,2,1449,Pather Panchali (1955),3.638483762741089
698,3,178,12 Angry Men (1957),3.5583860874176025
698,4,1500,Santa with Muscles (1996),3.534843921661377
698,5,23,Taxi Driver (1976),3.5103564262390137
698,6,12,"Usual Suspects, The (1995)",3.4917783737182617
698,7,320,Paradise Lost: The Child Murders at Robin Hood Hills (1996),3.490819215774536
698,8,169,"Wrong Trousers, The (1993)",3.4864425659179688
698,9,313,Titanic (1997),3.4442944526672363
698,10,318,Schindler's List (1993),3.4434850215911865
670,1,64,"Shawshank Redemption, The (1994)",4.389098644256592
670,2,12,"Usual Suspects, The (1995)",4.326755523681641
670,3,178,12 Angry Men (1957),4.324686527252197
670,4,313,Titanic (1997),4.311497688293457
670,5,318,Schindler's List (1993),4.2936811447143555
670,6,408,"Close Shave, A (1995)",4.287618637084961
670,7,1449,Pather Panchali (1955),4.285961151123047
670,8,114,Wallace & Gromit: The Best of Aardman Animation (1996),4.28188419342041
670,9,50,Star Wars (1977),4.276482582092285
670,10,169,"Wrong Trousers, The (1993)",4.261660099029541
694,1,64,"Shawshank Redemption, The (1994)",4.604914665222168
694,2,12,"Usual Suspects, The (1995)",4.531869888305664
694,3,479,Vertigo (1958),4.519410133361816
694,4,114,Wallace & Gromit: The Best of Aardman Animation (1996),4.515188217163086
694,5,478,"Philadelphia Story, The (1940)",4.491606712341309
694,6,1449,Pather Panchali (1955),4.49093770980835
694,7,408,"Close Shave, A (1995)",4.473637580871582
694,8,302,L.A. Confidential (1997),4.469511985778809
694,9,124,Lone Star (1996),4.468728065490723
694,10,1500,Santa with Muscles (1996),4.465360641479492
680,1,64,"Shawshank Redemption, The (1994)",4.6594061851501465
680,2,483,Casablanca (1942),4.647186279296875
680,3,480,North by Northwest (1959),4.6292643547058105
680,4,174,Raiders of the Lost Ark (1981),4.622668266296387
680,5,657,"Manchurian Candidate, The (1962)",4.5964860916137695
680,6,187,"Godfather: Part II, The (1974)",4.5926361083984375
680,7,114,Wallace & Gromit: The Best of Aardman Animation (1996),4.588553428649902
680,8,1500,Santa with Muscles (1996),4.575916290283203
680,9,478,"Philadelphia Story, The (1940)",4.566704750061035
680,10,1449,Pather Panchali (1955),4.566131591796875
705,1,223,Sling Blade (1996),4.222747802734375
705,2,313,Titanic (1997),4.20338249206543
705,3,1449,Pather Panchali (1955),4.181725978851318
705,4,98,"Silence of the Lambs, The (1991)",4.1807708740234375
705,5,479,Vertigo (1958),4.173113822937012
705,6,12,"Usual Suspects, The (1995)",4.171526908874512
705,7,302,L.A. Confidential (1997),4.165709972381592
705,8,483,Casablanca (1942),4.16459321975708
705,9,199,"Bridge on the River Kwai, The (1957)",4.160250663757324
705,10,408,"Close Shave, A (1995)",4.158134460449219
701,1,174,Raiders of the Lost Ark (1981),4.714304447174072
701,2,187,"Godfather: Part II, The (1974)",4.6672186851501465
701,3,318,Schindler's List (1993),4.665709495544434
701,4,64,"Shawshank Redemption, The (1994)",4.664847373962402
701,5,114,Wallace & Gromit: The Best of Aardman Animation (1996),4.651144027709961
701,6,1449,Pather Panchali (1955),4.645859718322754
701,7,1500,Santa with Muscles (1996),4.597800254821777
701,8,478,"Philadelphia Story, The (1940)",4.586496353149414
701,9,408,"Close Shave, A (1995)",4.57674503326416
701,10,12,"Usual Suspects, The (1995)",4.572282791137695
699,1,483,Casablanca (1942),4.145638465881348
699,2,64,"Shawshank Redemption, The (1994)",4.018337726593018
699,3,427,To Kill a Mockingbird (1962),3.951096296310425
699,4,1449,Pather Panchali (1955),3.935274362564087
699,5,12,"Usual Suspects, The (1995)",3.9241747856140137
699,6,169,"Wrong Trousers, The (1993)",3.8638253211975098
699,7,318,Schindler's List (1993),3.848754644393921
699,8,313,Titanic (1997),3.8297150135040283
699,9,480,North by Northwest (1959),3.8274459838867188
699,10,173,"Princess Bride, The (1987)",3.8265180587768555
704,1,483,Casablanca (1942),4.425936222076416
704,2,1449,Pather Panchali (1955),4.414699554443359
704,3,1500,Santa with Muscles (1996),4.404648303985596
704,4,408,"Close Shave, A (1995)",4.391730308532715
704,5,114,Wallace & Gromit: The Best of Aardman Animation (1996),4.373971462249756
704,6,127,"Godfather, The (1972)",4.371584892272949
704,7,313,Titanic (1997),4.361794471740723
704,8,64,"Shawshank Redemption, The (1994)",4.357972145080566
704,9,12,"Usual Suspects, The (1995)",4.3470563888549805
704,10,169,"Wrong Trousers, The (1993)",4.3422956466674805
707,1,1449,Pather Panchali (1955),4.186382293701172
707,2,50,Star Wars (1977),4.171018123626709
707,3,169,"Wrong Trousers, The (1993)",4.165196418762207
707,4,408,"Close Shave, A (1995)",4.149050712585449
707,5,1500,Santa with Muscles (1996),4.141918182373047
707,6,178,12 Angry Men (1957),4.117559432983398
707,7,98,"Silence of the Lambs, The (1991)",4.113083839416504
707,8,1367,Faust (1994),4.060127258300781
707,9,114,Wallace & Gromit: The Best of Aardman Animation (1996),4.053011894226074
707,10,223,Sling Blade (1996),4.05198860168457
700,1,64,"Shawshank Redemption, The (1994)",4.334249496459961
700,2,483,Casablanca (1942),4.304400444030762
700,3,1449,Pather Panchali (1955),4.295289993286133
700,4,114,Wallace & Gromit: The Best of Aardman Animation (1996),4.287040710449219
700,5,408,"Close Shave, A (1995)",4.2851481437683105
700,6,313,Titanic (1997),4.284343719482422
700,7,1500,Santa with Muscles (1996),4.277973651885986
700,8,178,12 Angry Men (1957),4.252620697021484
700,9,134,Citizen Kane (1941),4.250279426574707
700,10,427,To Kill a Mockingbird (1962),4.249514579772949
687,1,174,Raiders of the Lost Ark (1981),4.6530256271362305
687,2,50,Star Wars (1977),4.6431732177734375
687,3,1449,Pather Panchali (1955),4.629328727722168
687,4,114,Wallace & Gromit: The Best of Aardman Animation (1996),4.626692771911621
687,5,318,Schindler's List (1993),4.611967086791992
687,6,127,"Godfather, The (1972)",4.580263137817383
687,7,1500,Santa with Muscles (1996),4.576714992523193
687,8,187,"Godfather: Part II, The (1974)",4.569764137268066
687,9,480,North by Northwest (1959),4.545962333679199
687,10,427,To Kill a Mockingbird (1962),4.544783592224121
695,1,64,"Shawshank Redemption, The (1994)",4.469456672668457
695,2,50,Star Wars (1977),4.400973320007324
695,3,174,Raiders of the Lost Ark (1981),4.38584041595459
695,4,114,Wallace & Gromit: The Best of Aardman Animation (1996),4.356743335723877
695,5,318,Schindler's List (1993),4.3237810134887695
695,6,479,Vertigo (1958),4.321794033050537
695,7,1449,Pather Panchali (1955),4.308874130249023
695,8,1500,Santa with Muscles (1996),4.298125267028809
695,9,408,"Close Shave, A (1995)",4.277793884277344
695,10,187,"Godfather: Part II, The (1974)",4.276695728302002
675,1,1449,Pather Panchali (1955),4.58607292175293
675,2,1500,Santa with Muscles (1996),4.575838088989258
675,3,480,North by Northwest (1959),4.57234001159668
675,4,127,"Godfather, The (1972)",4.5712738037109375
675,5,178,12 Angry Men (1957),4.568301677703857
675,6,408,"Close Shave, A (1995)",4.564795017242432
675,7,483,Casablanca (1942),4.56230354309082
675,8,114,Wallace & Gromit: The Best of Aardman Animation (1996),4.557109355926514
675,9,657,"Manchurian Candidate, The (1962)",4.546860694885254
675,10,515,"Boot, Das (1981)",4.545114994049072
708,1,64,"Shawshank Redemption, The (1994)",4.426387786865234
708,2,318,Schindler's List (1993),4.31727409362793
708,3,1449,Pather Panchali (1955),4.308635234832764
708,4,174,Raiders of the Lost Ark (1981),4.305764198303223
708,5,178,12 Angry Men (1957),4.299638748168945
708,6,12,"Usual Suspects, The (1995)",4.288690567016602
708,7,408,"Close Shave, A (1995)",4.286555290222168
708,8,98,"Silence of the Lambs, The (1991)",4.27628231048584
708,9,483,Casablanca (1942),4.271651268005371
708,10,114,Wallace & Gromit: The Best of Aardman Animation (1996),4.269801139831543
709,1,1449,Pather Panchali (1955),4.6286845207214355
709,2,114,Wallace & Gromit: The Best of Aardman Animation (1996),4.602696418762207
709,3,483,Casablanca (1942),4.566540718078613
709,4,480,North by Northwest (1959),4.5532402992248535
709,5,1500,Santa with Muscles (1996),4.547002792358398
709,6,408,"Close Shave, A (1995)",4.536260604858398
709,7,656,M (1931),4.535824298858643
709,8,313,Titanic (1997),4.5348029136657715
709,9,178,12 Angry Men (1957),4.5333452224731445
709,10,191,Amadeus (1984),4.524991989135742
711,1,174,Raiders of the Lost Ark (1981),4.709826469421387
711,2,1449,Pather Panchali (1955),4.685971736907959
711,3,187,"Godfather: Part II, The (1974)",4.662761211395264
711,4,127,"Godfather, The (1972)",4.638575553894043
711,5,1500,Santa with Muscles (1996),4.632136344909668
711,6,480,North by Northwest (1959),4.629288196563721
711,7,178,12 Angry Men (1957),4.625069618225098
711,8,478,"Philadelphia Story, The (1940)",4.599776268005371
711,9,357,One Flew Over the Cuckoo's Nest (1975),4.594430446624756
711,10,1367,Faust (1994),4.584254264831543
710,1,408,"Close Shave, A (1995)",4.277098655700684
710,2,427,To Kill a Mockingbird (1962),4.2469706535339355
710,3,114,Wallace & Gromit: The Best of Aardman Animation (1996),4.240056037902832
710,4,178,12 Angry Men (1957),4.212042808532715
710,5,1500,Santa with Muscles (1996),4.202545166015625
710,6,478,"Philadelphia Story, The (1940)",4.199702262878418
710,7,1449,Pather Panchali (1955),4.1972455978393555
710,8,98,"Silence of the Lambs, The (1991)",4.171448707580566
710,9,169,"Wrong Trousers, The (1993)",4.171175956726074
710,10,657,"Manchurian Candidate, The (1962)",4.169787406921387
712,1,483,Casablanca (1942),4.574657440185547
712,2,127,"Godfather, The (1972)",4.450087547302246
712,3,272,Good Will Hunting (1997),4.442431449890137
712,4,114,Wallace & Gromit: The Best of Aardman Animation (1996),4.399662971496582
712,5,64,"Shawshank Redemption, The (1994)",4.397706031799316
712,6,1449,Pather Panchali (1955),4.383051872253418
712,7,480,North by Northwest (1959),4.373661994934082
712,8,357,One Flew Over the Cuckoo's Nest (1975),4.370645046234131
712,9,169,"Wrong Trousers, The (1993)",4.368475437164307
712,10,523,Cool Hand Luke (1967),4.355608940124512
715,1,1449,Pather Panchali (1955),4.501007080078125
715,2,114,Wallace & Gromit: The Best of Aardman Animation (1996),4.478214263916016
715,3,483,Casablanca (1942),4.464471817016602
715,4,1500,Santa with Muscles (1996),4.45015811920166
715,5,313,Titanic (1997),4.449581623077393
715,6,178,12 Angry Men (1957),4.429302215576172
715,7,408,"Close Shave, A (1995)",4.421911716461182
715,8,127,"Godfather, The (1972)",4.414858818054199
715,9,169,"Wrong Trousers, The (1993)",4.413736820220947
715,10,134,Citizen Kane (1941),4.411026954650879
713,1,169,"Wrong Trousers, The (1993)",4.273702621459961
713,2,178,12 Angry Men (1957),4.268065452575684
713,3,1449,Pather Panchali (1955),4.258903503417969
713,4,408,"Close Shave, A (1995)",4.230408668518066
713,5,114,Wallace & Gromit: The Best of Aardman Animation (1996),4.205620288848877
713,6,1500,Santa with Muscles (1996),4.201478958129883
713,7,483,Casablanca (1942),4.194614887237549
713,8,603,Rear Window (1954),4.154791831970215
713,9,64,"Shawshank Redemption, The (1994)",4.151521682739258
713,10,318,Schindler's List (1993),4.139915943145752
716,1,114,Wallace & Gromit: The Best of Aardman Animation (1996),4.572959899902344
716,2,408,"Close Shave, A (1995)",4.543793678283691
716,3,12,"Usual Suspects, The (1995)",4.541109085083008
716,4,1500,Santa with Muscles (1996),4.536016464233398
716,5,1449,Pather Panchali (1955),4.534013271331787
716,6,313,Titanic (1997),4.521628379821777
716,7,1367,Faust (1994),4.489349842071533
716,8,657,"Manchurian Candidate, The (1962)",4.485986709594727
716,9,272,Good Will Hunting (1997),4.481868743896484
716,10,656,M (1931),4.481276512145996
681,1,114,Wallace & Gromit: The Best of Aardman Animation (1996),4.580204963684082
681,2,408,"Close Shave, A (1995)",4.578340530395508
681,3,1449,Pather Panchali (1955),4.567962646484375
681,4,1500,Santa with Muscles (1996),4.555958271026611
681,5,178,12 Angry Men (1957),4.552525520324707
681,6,483,Casablanca (1942),4.5401930809021
681,7,169,"Wrong Trousers, The (1993)",4.531876564025879
681,8,313,Titanic (1997),4.526996612548828
681,9,480,North by Northwest (1959),4.521135330200195
681,10,174,Raiders of the Lost Ark (1981),4.516113758087158
678,1,483,Casablanca (1942),4.377165794372559
678,2,64,"Shawshank Redemption, The (1994)",4.166528701782227
678,3,427,To Kill a Mockingbird (1962),4.106159210205078
678,4,1449,Pather Panchali (1955),4.10439920425415
678,5,114,Wallace & Gromit: The Best of Aardman Animation (1996),4.067791938781738
678,6,174,Raiders of the Lost Ark (1981),4.054736137390137
678,7,12,"Usual Suspects, The (1995)",4.051924228668213
678,8,1500,Santa with Muscles (1996),4.0488433837890625
678,9,98,"Silence of the Lambs, The (1991)",4.047580718994141
678,10,318,Schindler's List (1993),4.045571327209473
719,1,483,Casablanca (1942),4.194770336151123
719,2,169,"Wrong Trousers, The (1993)",4.050173759460449
719,3,1449,Pather Panchali (1955),3.9928972721099854
719,4,484,"Maltese Falcon, The (1941)",3.9816880226135254
719,5,134,Citizen Kane (1941),3.9554684162139893
719,6,12,"Usual Suspects, The (1995)",3.941124677658081
719,7,1500,Santa with Muscles (1996),3.937056064605713
719,8,479,Vertigo (1958),3.8985354900360107
719,9,603,Rear Window (1954),3.891993284225464
719,10,178,12 Angry Men (1957),3.852053165435791
702,1,1449,Pather Panchali (1955),4.415590286254883
702,2,480,North by Northwest (1959),4.40017032623291
702,3,483,Casablanca (1942),4.391085624694824
702,4,1500,Santa with Muscles (1996),4.375682830810547
702,5,427,To Kill a Mockingbird (1962),4.372467994689941
702,6,178,12 Angry Men (1957),4.369144439697266
702,7,169,"Wrong Trousers, The (1993)",4.355589866638184
702,8,12,"Usual Suspects, The (1995)",4.343971252441406
702,9,318,Schindler's List (1993),4.33648681640625
702,10,127,"Godfather, The (1972)",4.327548027038574
721,1,483,Casablanca (1942),4.450970649719238
721,2,313,Titanic (1997),4.419585704803467
721,3,408,"Close Shave, A (1995)",4.416990280151367
721,4,178,12 Angry Men (1957),4.404226779937744
721,5,480,North by Northwest (1959),4.401418685913086
721,6,114,Wallace & Gromit: The Best of Aardman Animation (1996),4.401177406311035
721,7,187,"Godfather: Part II, The (1974)",4.38682746887207
721,8,134,Citizen Kane (1941),4.383490562438965
721,9,1449,Pather Panchali (1955),4.382672309875488
721,10,656,M (1931),4.381961822509766
714,1,483,Casablanca (1942),4.4659318923950195
714,2,64,"Shawshank Redemption, The (1994)",4.3111748695373535
714,3,479,Vertigo (1958),4.304654121398926
714,4,178,12 Angry Men (1957),4.2933197021484375
714,5,1449,Pather Panchali (1955),4.272944450378418
714,6,1500,Santa with Muscles (1996),4.268310546875
714,7,12,"Usual Suspects, The (1995)",4.267084121704102
714,8,427,To Kill a Mockingbird (1962),4.250572681427002
714,9,114,Wallace & Gromit: The Best of Aardman Animation (1996),4.247405052185059
714,10,169,"Wrong Trousers, The (1993)",4.244584560394287
717,1,483,Casablanca (1942),4.687338829040527
717,2,114,Wallace & Gromit: The Best of Aardman Animation (1996),4.674631118774414
717,3,318,Schindler's List (1993),4.659623146057129
717,4,408,"Close Shave, A (1995)",4.6563520431518555
717,5,480,North by Northwest (1959),4.653088569641113
717,6,1500,Santa with Muscles (1996),4.65167236328125
717,7,1449,Pather Panchali (1955),4.647136688232422
717,8,178,12 Angry Men (1957),4.647065162658691
717,9,357,One Flew Over the Cuckoo's Nest (1975),4.624777793884277
717,10,657,"Manchurian Candidate, The (1962)",4.61805534362793
718,1,313,Titanic (1997),4.559152603149414
718,2,114,Wallace & Gromit: The Best of Aardman Animation (1996),4.5581254959106445
718,3,127,"Godfather, The (1972)",4.547519683837891
718,4,64,"Shawshank Redemption, The (1994)",4.54124641418457
718,5,1500,Santa with Muscles (1996),4.538043022155762
718,6,174,Raiders of the Lost Ark (1981),4.531839370727539
718,7,50,Star Wars (1977),4.5218353271484375
718,8,1449,Pather Panchali (1955),4.519084930419922
718,9,480,North by Northwest (1959),4.513116836547852
718,10,656,M (1931),4.497215747833252
696,1,174,Raiders of the Lost Ark (1981),4.781384468078613
696,2,187,"Godfather: Part II, The (1974)",4.770811080932617
696,3,50,Star Wars (1977),4.7634429931640625
696,4,114,Wallace & Gromit: The Best of Aardman Animation (1996),4.758875370025635
696,5,1449,Pather Panchali (1955),4.758176803588867
696,6,318,Schindler's List (1993),4.753241539001465
696,7,483,Casablanca (1942),4.735718727111816
696,8,64,"Shawshank Redemption, The (1994)",4.709877014160156
696,9,1500,Santa with Muscles (1996),4.703910827636719
696,10,478,"Philadelphia Story, The (1940)",4.692774772644043
722,1,483,Casablanca (1942),4.585818290710449
722,2,114,Wallace & Gromit: The Best of Aardman Animation (1996),4.573054313659668
722,3,64,"Shawshank Redemption, The (1994)",4.5552778244018555
722,4,480,North by Northwest (1959),4.541214942932129
722,5,1500,Santa with Muscles (1996),4.505452632904053
722,6,603,Rear Window (1954),4.499322891235352
722,7,178,12 Angry Men (1957),4.49579381942749
722,8,657,"Manchurian Candidate, The (1962)",4.482072830200195
722,9,1449,Pather Panchali (1955),4.475377082824707
722,10,12,"Usual Suspects, The (1995)",4.474587440490723
724,1,64,"Shawshank Redemption, The (1994)",3.988355875015259
724,2,483,Casablanca (1942),3.9487576484680176
724,3,12,"Usual Suspects, The (1995)",3.9134955406188965
724,4,318,Schindler's List (1993),3.8580567836761475
724,5,427,To Kill a Mockingbird (1962),3.8424880504608154
724,6,1449,Pather Panchali (1955),3.694801092147827
724,7,98,"Silence of the Lambs, The (1991)",3.650102376937866
724,8,89,Blade Runner (1982),3.6342902183532715
724,9,1554,Safe Passage (1994),3.6310231685638428
724,10,1550,Destiny Turns on the Radio (1995),3.6140146255493164
727,1,64,"Shawshank Redemption, The (1994)",4.390301704406738
727,2,1449,Pather Panchali (1955),4.257565021514893
727,3,318,Schindler's List (1993),4.244479179382324
727,4,480,North by Northwest (1959),4.242250442504883
727,5,1500,Santa with Muscles (1996),4.205350875854492
727,6,657,"Manchurian Candidate, The (1962)",4.195535182952881
727,7,427,To Kill a Mockingbird (1962),4.170289993286133
727,8,603,Rear Window (1954),4.169167518615723
727,9,528,"Killing Fields, The (1984)",4.150424480438232
727,10,313,Titanic (1997),4.146257400512695
725,1,64,"Shawshank Redemption, The (1994)",4.587399482727051
725,2,318,Schindler's List (1993),4.584782600402832
725,3,114,Wallace & Gromit: The Best of Aardman Animation (1996),4.559203624725342
725,4,174,Raiders of the Lost Ark (1981),4.545123100280762
725,5,480,North by Northwest (1959),4.53651237487793
725,6,1449,Pather Panchali (1955),4.535877227783203
725,7,12,"Usual Suspects, The (1995)",4.531414985656738
725,8,50,Star Wars (1977),4.527773857116699
725,9,483,Casablanca (1942),4.524026870727539
725,10,1500,Santa with Muscles (1996),4.517505645751953
706,1,64,"Shawshank Redemption, The (1994)",4.205783843994141
706,2,483,Casablanca (1942),4.178173542022705
706,3,479,Vertigo (1958),4.0908522605896
706,4,318,Schindler's List (1993),4.090726375579834
706,5,1449,Pather Panchali (1955),4.073931694030762
706,6,174,Raiders of the Lost Ark (1981),4.0638322830200195
706,7,427,To Kill a Mockingbird (1962),4.06114387512207
706,8,178,12 Angry Men (1957),4.060680866241455
706,9,114,Wallace & Gromit: The Best of Aardman Animation (1996),4.0540876388549805
706,10,12,"Usual Suspects, The (1995)",4.041324615478516
720,1,318,Schindler's List (1993),4.640907287597656
720,2,50,Star Wars (1977),4.584011077880859
720,3,174,Raiders of the Lost Ark (1981),4.583256721496582
720,4,1449,Pather Panchali (1955),4.566247940063477
720,5,114,Wallace & Gromit: The Best of Aardman Animation (1996),4.5409369468688965
720,6,285,Secrets & Lies (1996),4.527183532714844
720,7,98,"Silence of the Lambs, The (1991)",4.517830848693848
720,8,357,One Flew Over the Cuckoo's Nest (1975),4.516022682189941
720,9,427,To Kill a Mockingbird (1962),4.514367580413818
720,10,64,"Shawshank Redemption, The (1994)",4.505873680114746
729,1,64,"Shawshank Redemption, The (1994)",4.232518196105957
729,2,1449,Pather Panchali (1955),4.216730117797852
729,3,483,Casablanca (1942),4.193620204925537
729,4,114,Wallace & Gromit: The Best of Aardman Animation (1996),4.167681694030762
729,5,98,"Silence of the Lambs, The (1991)",4.16525936126709
729,6,169,"Wrong Trousers, The (1993)",4.163403034210205
729,7,1500,Santa with Muscles (1996),4.142635822296143
729,8,408,"Close Shave, A (1995)",4.138381481170654
729,9,427,To Kill a Mockingbird (1962),4.122529029846191
729,10,357,One Flew Over the Cuckoo's Nest (1975),4.109475612640381
726,1,64,"Shawshank Redemption, The (1994)",4.398626327514648
726,2,483,Casablanca (1942),4.358532905578613
726,3,480,North by Northwest (1959),4.2987236976623535
726,4,114,Wallace & Gromit: The Best of Aardman Animation (1996),4.2968854904174805
726,5,313,Titanic (1997),4.256819725036621
726,6,1449,Pather Panchali (1955),4.24881649017334
726,7,1500,Santa with Muscles (1996),4.241517543792725
726,8,318,Schindler's List (1993),4.227041244506836
726,9,178,12 Angry Men (1957),4.220820903778076
726,10,174,Raiders of the Lost Ark (1981),4.2132697105407715
728,1,483,Casablanca (1942),4.58705472946167
728,2,318,Schindler's List (1993),4.551541328430176
728,3,114,Wallace & Gromit: The Best of Aardman Animation (1996),4.547237396240234
728,4,1449,Pather Panchali (1955),4.535253524780273
728,5,174,Raiders of the Lost Ark (1981),4.518877029418945
728,6,127,"Godfather, The (1972)",4.516460418701172
728,7,178,12 Angry Men (1957),4.5145368576049805
728,8,1500,Santa with Muscles (1996),4.514487266540527
728,9,50,Star Wars (1977),4.505692481994629
728,10,64,"Shawshank Redemption, The (1994)",4.496418476104736
703,1,483,Casablanca (1942),4.390678882598877
703,2,114,Wallace & Gromit: The Best of Aardman Animation (1996),4.374561309814453
703,3,1449,Pather Panchali (1955),4.355424404144287
703,4,1500,Santa with Muscles (1996),4.329960823059082
703,5,169,"Wrong Trousers, The (1993)",4.3141984939575195
703,6,64,"Shawshank Redemption, The (1994)",4.304004192352295
703,7,408,"Close Shave, A (1995)",4.281011581420898
703,8,98,"Silence of the Lambs, The (1991)",4.263452529907227
703,9,479,Vertigo (1958),4.248103141784668
703,10,1367,Faust (1994),4.242648124694824
738,1,483,Casablanca (1942),4.480561256408691
738,2,480,North by Northwest (1959),4.477167129516602
738,3,114,Wallace & Gromit: The Best of Aardman Animation (1996),4.471151351928711
738,4,1500,Santa with Muscles (1996),4.4481940269470215
738,5,1449,Pather Panchali (1955),4.424777030944824
738,6,656,M (1931),4.3805131912231445
738,7,134,Citizen Kane (1941),4.379355430603027
738,8,657,"Manchurian Candidate, The (1962)",4.363260269165039
738,9,513,"Third Man, The (1949)",4.358546257019043
738,10,302,L.A. Confidential (1997),4.346347808837891
736,1,1449,Pather Panchali (1955),4.549072265625
736,2,114,Wallace & Gromit: The Best of Aardman Animation (1996),4.53935432434082
736,3,1500,Santa with Muscles (1996),4.521918296813965
736,4,318,Schindler's List (1993),4.518827438354492
736,5,483,Casablanca (1942),4.51873779296875
736,6,134,Citizen Kane (1941),4.501490116119385
736,7,178,12 Angry Men (1957),4.497102737426758
736,8,408,"Close Shave, A (1995)",4.492745399475098
736,9,480,North by Northwest (1959),4.491567611694336
736,10,427,To Kill a Mockingbird (1962),4.476512908935547
734,1,1449,Pather Panchali (1955),4.333639144897461
734,2,1500,Santa with Muscles (1996),4.272510528564453
734,3,169,"Wrong Trousers, The (1993)",4.264057159423828
734,4,114,Wallace & Gromit: The Best of Aardman Animation (1996),4.242889404296875
734,5,178,12 Angry Men (1957),4.238613128662109
734,6,408,"Close Shave, A (1995)",4.233065128326416
734,7,127,"Godfather, The (1972)",4.229360580444336
734,8,427,To Kill a Mockingbird (1962),4.213495254516602
734,9,134,Citizen Kane (1941),4.1977314949035645
734,10,64,"Shawshank Redemption, The (1994)",4.194761276245117
730,1,64,"Shawshank Redemption, The (1994)",4.250733375549316
730,2,318,Schindler's List (1993),4.232563018798828
730,3,12,"Usual Suspects, The (1995)",4.228570938110352
730,4,427,To Kill a Mockingbird (1962),4.21669864654541
730,5,178,12 Angry Men (1957),4.212286949157715
730,6,1449,Pather Panchali (1955),4.20851993560791
730,7,114,Wallace & Gromit: The Best of Aardman Animation (1996),4.2077107429504395
730,8,1500,Santa with Muscles (1996),4.192628860473633
730,9,408,"Close Shave, A (1995)",4.191729545593262
730,10,313,Titanic (1997),4.186263084411621
743,1,64,"Shawshank Redemption, The (1994)",4.515074729919434
743,2,114,Wallace & Gromit: The Best of Aardman Animation (1996),4.444336891174316
743,3,178,12 Angry Men (1957),4.440250396728516
743,4,1449,Pather Panchali (1955),4.438974380493164
743,5,318,Schindler's List (1993),4.4366607666015625
743,6,480,North by Northwest (1959),4.425971508026123
743,7,12,"Usual Suspects, The (1995)",4.42119836807251
743,8,483,Casablanca (1942),4.4176435470581055
743,9,1500,Santa with Muscles (1996),4.417638778686523
743,10,603,Rear Window (1954),4.404881000518799
742,1,480,North by Northwest (1959),4.294228553771973
742,2,657,"Manchurian Candidate, The (1962)",4.248429298400879
742,3,1449,Pather Panchali (1955),4.247569561004639
742,4,483,Casablanca (1942),4.241199493408203
742,5,427,To Kill a Mockingbird (1962),4.236716270446777
742,6,169,"Wrong Trousers, The (1993)",4.22733211517334
742,7,1500,Santa with Muscles (1996),4.204216003417969
742,8,408,"Close Shave, A (1995)",4.202880859375
742,9,318,Schindler's List (1993),4.202129364013672
742,10,513,"Third Man, The (1949)",4.195556640625
737,1,1449,Pather Panchali (1955),4.398585319519043
737,2,1500,Santa with Muscles (1996),4.391218185424805
737,3,178,12 Angry Men (1957),4.366344451904297
737,4,483,Casablanca (1942),4.3589768409729
737,5,318,Schindler's List (1993),4.358477592468262
737,6,134,Citizen Kane (1941),4.3355793952941895
737,7,313,Titanic (1997),4.32679557800293
737,8,114,Wallace & Gromit: The Best of Aardman Animation (1996),4.317420482635498
737,9,50,Star Wars (1977),4.305655479431152
737,10,603,Rear Window (1954),4.30562686920166
733,1,1449,Pather Panchali (1955),4.330860137939453
733,2,1500,Santa with Muscles (1996),4.3192949295043945
733,3,483,Casablanca (1942),4.307254791259766
733,4,318,Schindler's List (1993),4.303689479827881
733,5,178,12 Angry Men (1957),4.303023338317871
733,6,114,Wallace & Gromit: The Best of Aardman Animation (1996),4.296733379364014
733,7,427,To Kill a Mockingbird (1962),4.284979820251465
733,8,169,"Wrong Trousers, The (1993)",4.284067153930664
733,9,408,"Close Shave, A (1995)",4.270585536956787
733,10,313,Titanic (1997),4.262620449066162
745,1,408,"Close Shave, A (1995)",4.0041656494140625
745,2,1449,Pather Panchali (1955),3.920494556427002
745,3,528,"Killing Fields, The (1984)",3.894770622253418
745,4,114,Wallace & Gromit: The Best of Aardman Animation (1996),3.8857333660125732
745,5,479,Vertigo (1958),3.856566905975342
745,6,657,"Manchurian Candidate, The (1962)",3.842346668243408
745,7,1500,Santa with Muscles (1996),3.809671640396118
745,8,134,Citizen Kane (1941),3.809177875518799
745,9,318,Schindler's List (1993),3.7878952026367188
745,10,641,Paths of Glory (1957),3.7781527042388916
740,1,483,Casablanca (1942),4.482810974121094
740,2,50,Star Wars (1977),4.456670761108398
740,3,64,"Shawshank Redemption, The (1994)",4.438310146331787
740,4,1449,Pather Panchali (1955),4.423880100250244
740,5,114,Wallace & Gromit: The Best of Aardman Animation (1996),4.421346664428711
740,6,178,12 Angry Men (1957),4.410114288330078
740,7,127,"Godfather, The (1972)",4.409067153930664
740,8,318,Schindler's List (1993),4.407236099243164
740,9,174,Raiders of the Lost Ark (1981),4.385418891906738
740,10,1500,Santa with Muscles (1996),4.381639003753662
735,1,64,"Shawshank Redemption, The (1994)",4.3491034507751465
735,2,1449,Pather Panchali (1955),4.294472694396973
735,3,174,Raiders of the Lost Ark (1981),4.273524284362793
735,4,114,Wallace & Gromit: The Best of Aardman Animation (1996),4.272716999053955
735,5,318,Schindler's List (1993),4.272330284118652
735,6,483,Casablanca (1942),4.26683235168457
735,7,178,12 Angry Men (1957),4.237800121307373
735,8,169,"Wrong Trousers, The (1993)",4.226528644561768
735,9,357,One Flew Over the Cuckoo's Nest (1975),4.217329025268555
735,10,603,Rear Window (1954),4.214684963226318
747,1,114,Wallace & Gromit: The Best of Aardman Animation (1996),4.72911262512207
747,2,657,"Manchurian Candidate, The (1962)",4.721843719482422
747,3,513,"Third Man, The (1949)",4.708626747131348
747,4,1449,Pather Panchali (1955),4.705638885498047
747,5,1500,Santa with Muscles (1996),4.7018632888793945
747,6,515,"Boot, Das (1981)",4.693478584289551
747,7,656,M (1931),4.692848205566406
747,8,1367,Faust (1994),4.674376010894775
747,9,272,Good Will Hunting (1997),4.671957015991211
747,10,191,Amadeus (1984),4.670881748199463
723,1,1449,Pather Panchali (1955),4.253650188446045
723,2,483,Casablanca (1942),4.222559452056885
723,3,114,Wallace & Gromit: The Best of Aardman Animation (1996),4.216426849365234
723,4,64,"Shawshank Redemption, The (1994)",4.189857482910156
723,5,408,"Close Shave, A (1995)",4.185891151428223
723,6,98,"Silence of the Lambs, The (1991)",4.179236888885498
723,7,603,Rear Window (1954),4.151586532592773
723,8,318,Schindler's List (1993),4.148320198059082
723,9,1500,Santa with Muscles (1996),4.137698173522949
723,10,1367,Faust (1994),4.121023654937744
739,1,223,Sling Blade (1996),4.236965179443359
739,2,64,"Shawshank Redemption, The (1994)",4.226482391357422
739,3,169,"Wrong Trousers, The (1993)",4.190725326538086
739,4,427,To Kill a Mockingbird (1962),4.165409088134766
739,5,174,Raiders of the Lost Ark (1981),4.155796527862549
739,6,1449,Pather Panchali (1955),4.1446380615234375
739,7,89,Blade Runner (1982),4.131968975067139
739,8,199,"Bridge on the River Kwai, The (1957)",4.124843597412109
739,9,12,"Usual Suspects, The (1995)",4.119455337524414
739,10,484,"Maltese Falcon, The (1941)",4.104378700256348
749,1,1449,Pather Panchali (1955),4.548444747924805
749,2,114,Wallace & Gromit: The Best of Aardman Animation (1996),4.539427280426025
749,3,1500,Santa with Muscles (1996),4.537082672119141
749,4,313,Titanic (1997),4.486401557922363
749,5,408,"Close Shave, A (1995)",4.472601413726807
749,6,169,"Wrong Trousers, The (1993)",4.460708141326904
749,7,318,Schindler's List (1993),4.454251289367676
749,8,515,"Boot, Das (1981)",4.439674377441406
749,9,657,"Manchurian Candidate, The (1962)",4.439325332641602
749,10,513,"Third Man, The (1949)",4.435009002685547
748,1,223,Sling Blade (1996),4.175305366516113
748,2,1449,Pather Panchali (1955),4.174708366394043
748,3,178,12 Angry Men (1957),4.147204399108887
748,4,1500,Santa with Muscles (1996),4.137778282165527
748,5,313,Titanic (1997),4.127574443817139
748,6,1367,Faust (1994),4.118826866149902
748,7,484,"Maltese Falcon, The (1941)",4.116962432861328
748,8,12,"Usual Suspects, The (1995)",4.1141791343688965
748,9,480,North by Northwest (1959),4.107268810272217
748,10,98,"Silence of the Lambs, The (1991)",4.090053081512451
746,1,483,Casablanca (1942),4.497140407562256
746,2,1449,Pather Panchali (1955),4.487051010131836
746,3,114,Wallace & Gromit: The Best of Aardman Animation (1996),4.469783782958984
746,4,408,"Close Shave, A (1995)",4.469225883483887
746,5,480,North by Northwest (1959),4.463376998901367
746,6,178,12 Angry Men (1957),4.46153450012207
746,7,318,Schindler's List (1993),4.439070701599121
746,8,313,Titanic (1997),4.426631450653076
746,9,657,"Manchurian Candidate, The (1962)",4.425047874450684
746,10,1500,Santa with Muscles (1996),4.421538352966309
731,1,483,Casablanca (1942),4.239930629730225
731,2,318,Schindler's List (1993),4.216116905212402
731,3,178,12 Angry Men (1957),4.212970733642578
731,4,408,"Close Shave, A (1995)",4.20576286315918
731,5,1449,Pather Panchali (1955),4.1993303298950195
731,6,12,"Usual Suspects, The (1995)",4.183872222900391
731,7,1500,Santa with Muscles (1996),4.170267581939697
731,8,114,Wallace & Gromit: The Best of Aardman Animation (1996),4.167415618896484
731,9,169,"Wrong Trousers, The (1993)",4.14803409576416
731,10,657,"Manchurian Candidate, The (1962)",4.140864372253418
750,1,64,"Shawshank Redemption, The (1994)",4.506572246551514
750,2,114,Wallace & Gromit: The Best of Aardman Animation (1996),4.456447601318359
750,3,1449,Pather Panchali (1955),4.412936210632324
750,4,318,Schindler's List (1993),4.411833763122559
750,5,480,North by Northwest (1959),4.405403137207031
750,6,483,Casablanca (1942),4.404061317443848
750,7,174,Raiders of the Lost Ark (1981),4.39301872253418
750,8,12,"Usual Suspects, The (1995)",4.383831977844238
750,9,1500,Santa with Muscles (1996),4.376620292663574
750,10,178,12 Angry Men (1957),4.368777275085449
741,1,483,Casablanca (1942),4.441524505615234
741,2,114,Wallace & Gromit: The Best of Aardman Animation (1996),4.396711349487305
741,3,1449,Pather Panchali (1955),4.396112442016602
741,4,318,Schindler's List (1993),4.39193058013916
741,5,657,"Manchurian Candidate, The (1962)",4.375538349151611
741,6,408,"Close Shave, A (1995)",4.364385604858398
741,7,64,"Shawshank Redemption, The (1994)",4.361254692077637
741,8,515,"Boot, Das (1981)",4.349726676940918
741,9,1500,Santa with Muscles (1996),4.3469038009643555
741,10,513,"Third Man, The (1949)",4.337270736694336
751,1,127,"Godfather, The (1972)",4.492279052734375
751,2,114,Wallace & Gromit: The Best of Aardman Animation (1996),4.484230995178223
751,3,408,"Close Shave, A (1995)",4.461846828460693
751,4,657,"Manchurian Candidate, The (1962)",4.451122760772705
751,5,1449,Pather Panchali (1955),4.447393417358398
751,6,513,"Third Man, The (1949)",4.441317558288574
751,7,656,M (1931),4.424832820892334
751,8,64,"Shawshank Redemption, The (1994)",4.4105329513549805
751,9,648,"Quiet Man, The (1952)",4.405973434448242
751,10,515,"Boot, Das (1981)",4.405553817749023
756,1,483,Casablanca (1942),4.351389408111572
756,2,114,Wallace & Gromit: The Best of Aardman Animation (1996),4.265802383422852
756,3,64,"Shawshank Redemption, The (1994)",4.256226539611816
756,4,1449,Pather Panchali (1955),4.25003719329834
756,5,427,To Kill a Mockingbird (1962),4.241253852844238
756,6,169,"Wrong Trousers, The (1993)",4.233410835266113
756,7,1500,Santa with Muscles (1996),4.228496551513672
756,8,12,"Usual Suspects, The (1995)",4.1910858154296875
756,9,408,"Close Shave, A (1995)",4.184983730316162
756,10,98,"Silence of the Lambs, The (1991)",4.152560710906982
757,1,483,Casablanca (1942),4.398488998413086
757,2,318,Schindler's List (1993),4.309796333312988
757,3,1449,Pather Panchali (1955),4.298060417175293
757,4,127,"Godfather, The (1972)",4.274506568908691
757,5,1500,Santa with Muscles (1996),4.2723588943481445
757,6,114,Wallace & Gromit: The Best of Aardman Animation (1996),4.2507734298706055
757,7,603,Rear Window (1954),4.249349594116211
757,8,479,Vertigo (1958),4.247555732727051
757,9,408,"Close Shave, A (1995)",4.2434282302856445
757,10,134,Citizen Kane (1941),4.238130569458008
752,1,64,"Shawshank Redemption, The (1994)",4.182445049285889
752,2,427,To Kill a Mockingbird (1962),4.150032997131348
752,3,483,Casablanca (1942),4.130363464355469
752,4,98,"Silence of the Lambs, The (1991)",4.120584964752197
752,5,479,Vertigo (1958),4.097987174987793
752,6,114,Wallace & Gromit: The Best of Aardman Animation (1996),4.0867767333984375
752,7,318,Schindler's List (1993),4.08293342590332
752,8,1449,Pather Panchali (1955),4.082135200500488
752,9,223,Sling Blade (1996),4.075475692749023
752,10,12,"Usual Suspects, The (1995)",4.038673400878906
758,1,318,Schindler's List (1993),4.549359321594238
758,2,114,Wallace & Gromit: The Best of Aardman Animation (1996),4.538240432739258
758,3,1449,Pather Panchali (1955),4.497931003570557
758,4,187,"Godfather: Part II, The (1974)",4.497145175933838
758,5,178,12 Angry Men (1957),4.488189697265625
758,6,1500,Santa with Muscles (1996),4.484097003936768
758,7,357,One Flew Over the Cuckoo's Nest (1975),4.477694511413574
758,8,478,"Philadelphia Story, The (1940)",4.450193405151367
758,9,408,"Close Shave, A (1995)",4.44935417175293
758,10,493,"Thin Man, The (1934)",4.446175575256348
732,1,64,"Shawshank Redemption, The (1994)",4.440678119659424
732,2,483,Casablanca (1942),4.432171821594238
732,3,114,Wallace & Gromit: The Best of Aardman Animation (1996),4.357174873352051
732,4,480,North by Northwest (1959),4.34238338470459
732,5,1449,Pather Panchali (1955),4.319873809814453
732,6,408,"Close Shave, A (1995)",4.312277317047119
732,7,1500,Santa with Muscles (1996),4.296730995178223
732,8,479,Vertigo (1958),4.286372184753418
732,9,313,Titanic (1997),4.279505252838135
732,10,178,12 Angry Men (1957),4.279037952423096
762,1,318,Schindler's List (1993),4.384560585021973
762,2,1449,Pather Panchali (1955),4.38368034362793
762,3,1500,Santa with Muscles (1996),4.337950706481934
762,4,169,"Wrong Trousers, The (1993)",4.32802152633667
762,5,127,"Godfather, The (1972)",4.327159404754639
762,6,114,Wallace & Gromit: The Best of Aardman Animation (1996),4.313241958618164
762,7,178,12 Angry Men (1957),4.310603618621826
762,8,427,To Kill a Mockingbird (1962),4.308080673217773
762,9,483,Casablanca (1942),4.306109428405762
762,10,174,Raiders of the Lost Ark (1981),4.304919242858887
744,1,480,North by Northwest (1959),4.548052787780762
744,2,114,Wallace & Gromit: The Best of Aardman Animation (1996),4.523576259613037
744,3,64,"Shawshank Redemption, The (1994)",4.507551193237305
744,4,178,12 Angry Men (1957),4.492362976074219
744,5,1500,Santa with Muscles (1996),4.489901542663574
744,6,1449,Pather Panchali (1955),4.489221572875977
744,7,318,Schindler's List (1993),4.447111129760742
744,8,169,"Wrong Trousers, The (1993)",4.444948196411133
744,9,357,One Flew Over the Cuckoo's Nest (1975),4.442213535308838
744,10,408,"Close Shave, A (1995)",4.4343180656433105
754,1,483,Casablanca (1942),4.377498626708984
754,2,480,North by Northwest (1959),4.35320520401001
754,3,1449,Pather Panchali (1955),4.34264612197876
754,4,64,"Shawshank Redemption, The (1994)",4.336732387542725
754,5,408,"Close Shave, A (1995)",4.322887420654297
754,6,114,Wallace & Gromit: The Best of Aardman Animation (1996),4.3214616775512695
754,7,1500,Santa with Muscles (1996),4.317839622497559
754,8,178,12 Angry Men (1957),4.3090291023254395
754,9,318,Schindler's List (1993),4.287898540496826
754,10,657,"Manchurian Candidate, The (1962)",4.283323287963867
753,1,1449,Pather Panchali (1955),4.200048446655273
753,2,12,"Usual Suspects, The (1995)",4.194185733795166
753,3,114,Wallace & Gromit: The Best of Aardman Animation (1996),4.185718536376953
753,4,480,North by Northwest (1959),4.183594703674316
753,5,169,"Wrong Trousers, The (1993)",4.1618499755859375
753,6,603,Rear Window (1954),4.150818824768066
753,7,1500,Santa with Muscles (1996),4.141888618469238
753,8,178,12 Angry Men (1957),4.136739730834961
753,9,408,"Close Shave, A (1995)",4.122864723205566
753,10,318,Schindler's List (1993),4.1211090087890625
763,1,114,Wallace & Gromit: The Best of Aardman Animation (1996),4.43315315246582
763,2,64,"Shawshank Redemption, The (1994)",4.4313459396362305
763,3,318,Schindler's List (1993),4.416423320770264
763,4,1449,Pather Panchali (1955),4.383761405944824
763,5,178,12 Angry Men (1957),4.3712921142578125
763,6,1500,Santa with Muscles (1996),4.365811347961426
763,7,427,To Kill a Mockingbird (1962),4.354462623596191
763,8,169,"Wrong Trousers, The (1993)",4.341926097869873
763,9,603,Rear Window (1954),4.328950881958008
763,10,313,Titanic (1997),4.324367046356201
764,1,483,Casablanca (1942),4.469052314758301
764,2,114,Wallace & Gromit: The Best of Aardman Animation (1996),4.447932243347168
764,3,1449,Pather Panchali (1955),4.4424638748168945
764,4,1500,Santa with Muscles (1996),4.435908317565918
764,5,12,"Usual Suspects, The (1995)",4.41701602935791
764,6,408,"Close Shave, A (1995)",4.414897918701172
764,7,178,12 Angry Men (1957),4.41448450088501
764,8,427,To Kill a Mockingbird (1962),4.392543315887451
764,9,169,"Wrong Trousers, The (1993)",4.392145156860352
764,10,127,"Godfather, The (1972)",4.386727809906006
767,1,174,Raiders of the Lost Ark (1981),4.778356075286865
767,2,114,Wallace & Gromit: The Best of Aardman Animation (1996),4.768660545349121
767,3,408,"Close Shave, A (1995)",4.757490158081055
767,4,1500,Santa with Muscles (1996),4.743133068084717
767,5,1449,Pather Panchali (1955),4.74201774597168
767,6,313,Titanic (1997),4.740871429443359
767,7,318,Schindler's List (1993),4.738551139831543
767,8,480,North by Northwest (1959),4.736350059509277
767,9,656,M (1931),4.736104488372803
767,10,178,12 Angry Men (1957),4.730857849121094
769,1,318,Schindler's List (1993),4.504697799682617
769,2,483,Casablanca (1942),4.498823165893555
769,3,50,Star Wars (1977),4.497237205505371
769,4,64,"Shawshank Redemption, The (1994)",4.47412109375
769,5,114,Wallace & Gromit: The Best of Aardman Animation (1996),4.468674659729004
769,6,178,12 Angry Men (1957),4.461359024047852
769,7,1449,Pather Panchali (1955),4.456665992736816
769,8,1500,Santa with Muscles (1996),4.455703258514404
769,9,174,Raiders of the Lost Ark (1981),4.434310436248779
769,10,313,Titanic (1997),4.42232608795166
755,1,64,"Shawshank Redemption, The (1994)",4.179753303527832
755,2,1449,Pather Panchali (1955),4.160606861114502
755,3,318,Schindler's List (1993),4.136685371398926
755,4,169,"Wrong Trousers, The (1993)",4.128198623657227
755,5,1500,Santa with Muscles (1996),4.1172308921813965
755,6,174,Raiders of the Lost Ark (1981),4.083446502685547
755,7,223,Sling Blade (1996),4.081104278564453
755,8,98,"Silence of the Lambs, The (1991)",4.076651573181152
755,9,313,Titanic (1997),4.0754852294921875
755,10,480,North by Northwest (1959),4.073972702026367
771,1,64,"Shawshank Redemption, The (1994)",4.422966003417969
771,2,187,"Godfather: Part II, The (1974)",4.143675804138184
771,3,483,Casablanca (1942),4.1096577644348145
771,4,479,Vertigo (1958),4.092225074768066
771,5,285,Secrets & Lies (1996),4.090785026550293
771,6,302,L.A. Confidential (1997),4.078434944152832
771,7,12,"Usual Suspects, The (1995)",4.052250385284424
771,8,656,M (1931),4.040459156036377
771,9,480,North by Northwest (1959),4.037021636962891
771,10,657,"Manchurian Candidate, The (1962)",4.035103797912598
768,1,1449,Pather Panchali (1955),4.317874908447266
768,2,483,Casablanca (1942),4.305066108703613
768,3,174,Raiders of the Lost Ark (1981),4.300604343414307
768,4,318,Schindler's List (1993),4.288265228271484
768,5,12,"Usual Suspects, The (1995)",4.278794765472412
768,6,427,To Kill a Mockingbird (1962),4.274184226989746
768,7,1500,Santa with Muscles (1996),4.270712852478027
768,8,64,"Shawshank Redemption, The (1994)",4.2653584480285645
768,9,479,Vertigo (1958),4.2536797523498535
768,10,169,"Wrong Trousers, The (1993)",4.229894638061523
773,1,114,Wallace & Gromit: The Best of Aardman Animation (1996),4.425118923187256
773,2,1449,Pather Panchali (1955),4.41176700592041
773,3,483,Casablanca (1942),4.402710914611816
773,4,178,12 Angry Men (1957),4.382603645324707
773,5,1500,Santa with Muscles (1996),4.382485389709473
773,6,657,"Manchurian Candidate, The (1962)",4.359016418457031
773,7,480,North by Northwest (1959),4.354557037353516
773,8,603,Rear Window (1954),4.340733528137207
773,9,134,Citizen Kane (1941),4.307045936584473
773,10,313,Titanic (1997),4.306220054626465
765,1,174,Raiders of the Lost Ark (1981),4.760913372039795
765,2,318,Schindler's List (1993),4.7542009353637695
765,3,1449,Pather Panchali (1955),4.74520206451416
765,4,483,Casablanca (1942),4.738306045532227
765,5,114,Wallace & Gromit: The Best of Aardman Animation (1996),4.734593391418457
765,6,187,"Godfather: Part II, The (1974)",4.728280544281006
765,7,313,Titanic (1997),4.709281921386719
765,8,480,North by Northwest (1959),4.708874702453613
765,9,408,"Close Shave, A (1995)",4.70281457901001
765,10,1500,Santa with Muscles (1996),4.695166110992432
772,1,174,Raiders of the Lost Ark (1981),4.778983116149902
772,2,1449,Pather Panchali (1955),4.750261306762695
772,3,114,Wallace & Gromit: The Best of Aardman Animation (1996),4.745785713195801
772,4,187,"Godfather: Part II, The (1974)",4.7404375076293945
772,5,50,Star Wars (1977),4.732093811035156
772,6,318,Schindler's List (1993),4.7218828201293945
772,7,656,M (1931),4.689184188842773
772,8,478,"Philadelphia Story, The (1940)",4.685912132263184
772,9,1500,Santa with Muscles (1996),4.685567855834961
772,10,178,12 Angry Men (1957),4.685164451599121
766,1,64,"Shawshank Redemption, The (1994)",4.058858394622803
766,2,1449,Pather Panchali (1955),4.047114372253418
766,3,427,To Kill a Mockingbird (1962),4.040216445922852
766,4,169,"Wrong Trousers, The (1993)",4.02469539642334
766,5,1500,Santa with Muscles (1996),3.977804660797119
766,6,479,Vertigo (1958),3.9714620113372803
766,7,313,Titanic (1997),3.970064401626587
766,8,408,"Close Shave, A (1995)",3.962184190750122
766,9,12,"Usual Suspects, The (1995)",3.8939266204833984
766,10,1367,Faust (1994),3.8571925163269043
774,1,483,Casablanca (1942),3.721468210220337
774,2,480,North by Northwest (1959),3.697319984436035
774,3,1449,Pather Panchali (1955),3.6541202068328857
774,4,320,Paradise Lost: The Child Murders at Robin Hood Hills (1996),3.462195873260498
774,5,427,To Kill a Mockingbird (1962),3.4618759155273438
774,6,114,Wallace & Gromit: The Best of Aardman Animation (1996),3.4311399459838867
774,7,134,Citizen Kane (1941),3.4272470474243164
774,8,709,Strictly Ballroom (1992),3.3609588146209717
774,9,190,Henry V (1989),3.3401968479156494
774,10,173,"Princess Bride, The (1987)",3.3386728763580322
760,1,483,Casablanca (1942),4.0811052322387695
760,2,313,Titanic (1997),3.99745512008667
760,3,12,"Usual Suspects, The (1995)",3.9812426567077637
760,4,427,To Kill a Mockingbird (1962),3.9735212326049805
760,5,64,"Shawshank Redemption, The (1994)",3.9639031887054443
760,6,318,Schindler's List (1993),3.961209774017334
760,7,1449,Pather Panchali (1955),3.9357593059539795
760,8,169,"Wrong Trousers, The (1993)",3.9286839962005615
760,9,178,12 Angry Men (1957),3.9240150451660156
760,10,480,North by Northwest (1959),3.894408941268921
761,1,178,12 Angry Men (1957),4.39522647857666
761,2,483,Casablanca (1942),4.365735054016113
761,3,1500,Santa with Muscles (1996),4.3253326416015625
761,4,408,"Close Shave, A (1995)",4.3208417892456055
761,5,1449,Pather Panchali (1955),4.318484306335449
761,6,12,"Usual Suspects, The (1995)",4.311372756958008
761,7,64,"Shawshank Redemption, The (1994)",4.299957752227783
761,8,169,"Wrong Trousers, The (1993)",4.270484924316406
761,9,657,"Manchurian Candidate, The (1962)",4.2592058181762695
761,10,98,"Silence of the Lambs, The (1991)",4.253228664398193
777,1,64,"Shawshank Redemption, The (1994)",4.497149467468262
777,2,114,Wallace & Gromit: The Best of Aardman Animation (1996),4.464432716369629
777,3,1500,Santa with Muscles (1996),4.402834892272949
777,4,313,Titanic (1997),4.399896621704102
777,5,174,Raiders of the Lost Ark (1981),4.382155418395996
777,6,1449,Pather Panchali (1955),4.380874156951904
777,7,50,Star Wars (1977),4.377993106842041
777,8,12,"Usual Suspects, The (1995)",4.377312660217285
777,9,427,To Kill a Mockingbird (1962),4.373819351196289
777,10,483,Casablanca (1942),4.363320827484131
759,1,114,Wallace & Gromit: The Best of Aardman Animation (1996),4.7457075119018555
759,2,480,North by Northwest (1959),4.725639820098877
759,3,483,Casablanca (1942),4.722433090209961
759,4,178,12 Angry Men (1957),4.716085433959961
759,5,656,M (1931),4.708402156829834
759,6,408,"Close Shave, A (1995)",4.704071044921875
759,7,313,Titanic (1997),4.696812629699707
759,8,1500,Santa with Muscles (1996),4.693570137023926
759,9,657,"Manchurian Candidate, The (1962)",4.6885085105896
759,10,515,"Boot, Das (1981)",4.6838297843933105
776,1,64,"Shawshank Redemption, The (1994)",4.352579116821289
776,2,408,"Close Shave, A (1995)",4.317902088165283
776,3,1449,Pather Panchali (1955),4.295761585235596
776,4,114,Wallace & Gromit: The Best of Aardman Animation (1996),4.288888931274414
776,5,178,12 Angry Men (1957),4.275970458984375
776,6,169,"Wrong Trousers, The (1993)",4.262055397033691
776,7,12,"Usual Suspects, The (1995)",4.252976417541504
776,8,528,"Killing Fields, The (1984)",4.244189262390137
776,9,272,Good Will Hunting (1997),4.2264862060546875
776,10,480,North by Northwest (1959),4.226010322570801
780,1,64,"Shawshank Redemption, The (1994)",4.445263862609863
780,2,483,Casablanca (1942),4.391288757324219
780,3,479,Vertigo (1958),4.38206672668457
780,4,1449,Pather Panchali (1955),4.353511810302734
780,5,114,Wallace & Gromit: The Best of Aardman Animation (1996),4.344347953796387
780,6,1500,Santa with Muscles (1996),4.323390483856201
780,7,480,North by Northwest (1959),4.316495895385742
780,8,408,"Close Shave, A (1995)",4.316233158111572
780,9,12,"Usual Suspects, The (1995)",4.305933952331543
780,10,178,12 Angry Men (1957),4.293953895568848
779,1,64,"Shawshank Redemption, The (1994)",4.582054138183594
779,2,174,Raiders of the Lost Ark (1981),4.573596000671387
779,3,114,Wallace & Gromit: The Best of Aardman Animation (1996),4.540342330932617
779,4,318,Schindler's List (1993),4.509696960449219
779,5,187,"Godfather: Part II, The (1974)",4.507963180541992
779,6,1449,Pather Panchali (1955),4.4847564697265625
779,7,483,Casablanca (1942),4.472844123840332
779,8,479,Vertigo (1958),4.471606254577637
779,9,313,Titanic (1997),4.4525861740112305
779,10,1500,Santa with Muscles (1996),4.451805114746094
778,1,483,Casablanca (1942),4.358528137207031
778,2,1449,Pather Panchali (1955),4.345215320587158
778,3,127,"Godfather, The (1972)",4.297696590423584
778,4,178,12 Angry Men (1957),4.287797451019287
778,5,427,To Kill a Mockingbird (1962),4.2281317710876465
778,6,480,North by Northwest (1959),4.205114364624023
778,7,1500,Santa with Muscles (1996),4.190727233886719
778,8,173,"Princess Bride, The (1987)",4.182328701019287
778,9,114,Wallace & Gromit: The Best of Aardman Animation (1996),4.138030052185059
778,10,318,Schindler's List (1993),4.1369171142578125
782,1,64,"Shawshank Redemption, The (1994)",4.060402870178223
782,2,483,Casablanca (1942),4.000701904296875
782,3,427,To Kill a Mockingbird (1962),3.9941937923431396
782,4,12,"Usual Suspects, The (1995)",3.8882944583892822
782,5,178,12 Angry Men (1957),3.847968816757202
782,6,479,Vertigo (1958),3.792912006378174
782,7,169,"Wrong Trousers, The (1993)",3.781709671020508
782,8,408,"Close Shave, A (1995)",3.763669729232788
782,9,114,Wallace & Gromit: The Best of Aardman Animation (1996),3.7603659629821777
782,10,1449,Pather Panchali (1955),3.758340358734131
786,1,483,Casablanca (1942),4.591244220733643
786,2,178,12 Angry Men (1957),4.556212425231934
786,3,114,Wallace & Gromit: The Best of Aardman Animation (1996),4.552508354187012
786,4,1449,Pather Panchali (1955),4.552079677581787
786,5,64,"Shawshank Redemption, The (1994)",4.550193786621094
786,6,408,"Close Shave, A (1995)",4.547704696655273
786,7,1500,Santa with Muscles (1996),4.543300628662109
786,8,480,North by Northwest (1959),4.528946876525879
786,9,134,Citizen Kane (1941),4.5228071212768555
786,10,12,"Usual Suspects, The (1995)",4.500974655151367
784,1,174,Raiders of the Lost Ark (1981),4.617703437805176
784,2,318,Schindler's List (1993),4.600076675415039
784,3,64,"Shawshank Redemption, The (1994)",4.585676193237305
784,4,187,"Godfather: Part II, The (1974)",4.579033851623535
784,5,483,Casablanca (1942),4.570029258728027
784,6,114,Wallace & Gromit: The Best of Aardman Animation (1996),4.560427665710449
784,7,50,Star Wars (1977),4.551996231079102
784,8,480,North by Northwest (1959),4.537661075592041
784,9,408,"Close Shave, A (1995)",4.524745941162109
784,10,1449,Pather Panchali (1955),4.523246765136719
770,1,318,Schindler's List (1993),4.785897254943848
770,2,174,Raiders of the Lost Ark (1981),4.7691216468811035
770,3,1449,Pather Panchali (1955),4.742611408233643
770,4,114,Wallace & Gromit: The Best of Aardman Animation (1996),4.741682052612305
770,5,187,"Godfather: Part II, The (1974)",4.731606483459473
770,6,313,Titanic (1997),4.718729496002197
770,7,64,"Shawshank Redemption, The (1994)",4.706432342529297
770,8,285,Secrets & Lies (1996),4.702367305755615
770,9,357,One Flew Over the Cuckoo's Nest (1975),4.702332019805908
770,10,178,12 Angry Men (1957),4.699274063110352
788,1,479,Vertigo (1958),4.228829860687256
788,2,408,"Close Shave, A (1995)",4.2096357345581055
788,3,1449,Pather Panchali (1955),4.201173782348633
788,4,169,"Wrong Trousers, The (1993)",4.173701763153076
788,5,484,"Maltese Falcon, The (1941)",4.1633195877075195
788,6,114,Wallace & Gromit: The Best of Aardman Animation (1996),4.153815269470215
788,7,1500,Santa with Muscles (1996),4.148710250854492
788,8,603,Rear Window (1954),4.140533924102783
788,9,515,"Boot, Das (1981)",4.139227867126465
788,10,1367,Faust (1994),4.133718490600586
789,1,64,"Shawshank Redemption, The (1994)",4.506701469421387
789,2,313,Titanic (1997),4.465810775756836
789,3,483,Casablanca (1942),4.457660675048828
789,4,114,Wallace & Gromit: The Best of Aardman Animation (1996),4.451177597045898
789,5,1500,Santa with Muscles (1996),4.429157257080078
789,6,1449,Pather Panchali (1955),4.4185614585876465
789,7,408,"Close Shave, A (1995)",4.417611598968506
789,8,178,12 Angry Men (1957),4.401573657989502
789,9,187,"Godfather: Part II, The (1974)",4.393863677978516
789,10,302,L.A. Confidential (1997),4.387070655822754
790,1,64,"Shawshank Redemption, The (1994)",4.240391731262207
790,2,483,Casablanca (1942),4.198601722717285
790,3,1449,Pather Panchali (1955),4.179222583770752
790,4,114,Wallace & Gromit: The Best of Aardman Animation (1996),4.128459930419922
790,5,480,North by Northwest (1959),4.105303764343262
790,6,169,"Wrong Trousers, The (1993)",4.104681015014648
790,7,1500,Santa with Muscles (1996),4.089844703674316
790,8,318,Schindler's List (1993),4.077509880065918
790,9,408,"Close Shave, A (1995)",4.0750322341918945
790,10,357,One Flew Over the Cuckoo's Nest (1975),4.0691022872924805
787,1,483,Casablanca (1942),4.306997776031494
787,2,1449,Pather Panchali (1955),4.284060955047607
787,3,127,"Godfather, The (1972)",4.246363639831543
787,4,64,"Shawshank Redemption, The (1994)",4.2286176681518555
787,5,12,"Usual Suspects, The (1995)",4.208830833435059
787,6,657,"Manchurian Candidate, The (1962)",4.167987823486328
787,7,169,"Wrong Trousers, The (1993)",4.165735244750977
787,8,178,12 Angry Men (1957),4.163254737854004
787,9,114,Wallace & Gromit: The Best of Aardman Animation (1996),4.161918640136719
787,10,408,"Close Shave, A (1995)",4.152568817138672
783,1,174,Raiders of the Lost Ark (1981),4.6422247886657715
783,2,187,"Godfather: Part II, The (1974)",4.63517951965332
783,3,64,"Shawshank Redemption, The (1994)",4.624161243438721
783,4,483,Casablanca (1942),4.610420227050781
783,5,50,Star Wars (1977),4.584719657897949
783,6,114,Wallace & Gromit: The Best of Aardman Animation (1996),4.580531120300293
783,7,1449,Pather Panchali (1955),4.575372219085693
783,8,318,Schindler's List (1993),4.562081336975098
783,9,1500,Santa with Muscles (1996),4.5511322021484375
783,10,478,"Philadelphia Story, The (1940)",4.5434980392456055
785,1,483,Casablanca (1942),4.432238578796387
785,2,64,"Shawshank Redemption, The (1994)",4.4275288581848145
785,3,127,"Godfather, The (1972)",4.3973798751831055
785,4,114,Wallace & Gromit: The Best of Aardman Animation (1996),4.361725807189941
785,5,480,North by Northwest (1959),4.355979919433594
785,6,1449,Pather Panchali (1955),4.33029317855835
785,7,313,Titanic (1997),4.321112155914307
785,8,657,"Manchurian Candidate, The (1962)",4.320432662963867
785,9,178,12 Angry Men (1957),4.312958717346191
785,10,408,"Close Shave, A (1995)",4.301084518432617
794,1,318,Schindler's List (1993),4.788593292236328
794,2,1449,Pather Panchali (1955),4.783370018005371
794,3,114,Wallace & Gromit: The Best of Aardman Animation (1996),4.78111457824707
794,4,174,Raiders of the Lost Ark (1981),4.771471977233887
794,5,178,12 Angry Men (1957),4.769068241119385
794,6,483,Casablanca (1942),4.767345428466797
794,7,480,North by Northwest (1959),4.748939514160156
794,8,657,"Manchurian Candidate, The (1962)",4.741297721862793
794,9,1500,Santa with Muscles (1996),4.740747451782227
794,10,408,"Close Shave, A (1995)",4.734978675842285
781,1,1449,Pather Panchali (1955),4.627790451049805
781,2,114,Wallace & Gromit: The Best of Aardman Animation (1996),4.621328353881836
781,3,480,North by Northwest (1959),4.566958427429199
781,4,169,"Wrong Trousers, The (1993)",4.564596176147461
781,5,313,Titanic (1997),4.552460670471191
781,6,408,"Close Shave, A (1995)",4.548313140869141
781,7,427,To Kill a Mockingbird (1962),4.546360015869141
781,8,1367,Faust (1994),4.546051025390625
781,9,12,"Usual Suspects, The (1995)",4.545902252197266
781,10,357,One Flew Over the Cuckoo's Nest (1975),4.54144811630249
796,1,114,Wallace & Gromit: The Best of Aardman Animation (1996),4.297000885009766
796,2,1449,Pather Panchali (1955),4.262009620666504
796,3,408,"Close Shave, A (1995)",4.237262725830078
796,4,1500,Santa with Muscles (1996),4.218883514404297
796,5,169,"Wrong Trousers, The (1993)",4.193849086761475
796,6,302,L.A. Confidential (1997),4.147479057312012
796,7,223,Sling Blade (1996),4.111487865447998
796,8,656,M (1931),4.100729465484619
796,9,1367,Faust (1994),4.084368705749512
796,10,963,Some Folks Call It a Sling Blade (1993),4.074725151062012
795,1,64,"Shawshank Redemption, The (1994)",4.24263858795166
795,2,483,Casablanca (1942),4.204805850982666
795,3,114,Wallace & Gromit: The Best of Aardman Animation (1996),4.181913375854492
795,4,318,Schindler's List (1993),4.160770416259766
795,5,1449,Pather Panchali (1955),4.152828216552734
795,6,408,"Close Shave, A (1995)",4.145015716552734
795,7,1500,Santa with Muscles (1996),4.124093055725098
795,8,98,"Silence of the Lambs, The (1991)",4.1184844970703125
795,9,427,To Kill a Mockingbird (1962),4.11138916015625
795,10,480,North by Northwest (1959),4.098933219909668
793,1,483,Casablanca (1942),4.470393180847168
793,2,187,"Godfather: Part II, The (1974)",4.4571733474731445
793,3,64,"Shawshank Redemption, The (1994)",4.452522277832031
793,4,313,Titanic (1997),4.418404579162598
793,5,174,Raiders of the Lost Ark (1981),4.396682262420654
793,6,1500,Santa with Muscles (1996),4.383722305297852
793,7,302,L.A. Confidential (1997),4.376163482666016
793,8,408,"Close Shave, A (1995)",4.375981330871582
793,9,1449,Pather Panchali (1955),4.368457794189453
793,10,178,12 Angry Men (1957),4.367640495300293
798,1,64,"Shawshank Redemption, The (1994)",4.280712604522705
798,2,483,Casablanca (1942),4.100090026855469
798,3,114,Wallace & Gromit: The Best of Aardman Animation (1996),4.079733848571777
798,4,408,"Close Shave, A (1995)",4.055232048034668
798,5,178,12 Angry Men (1957),4.050148963928223
798,6,12,"Usual Suspects, The (1995)",4.048562049865723
798,7,1449,Pather Panchali (1955),4.022845268249512
798,8,657,"Manchurian Candidate, The (1962)",4.0217413902282715
798,9,528,"Killing Fields, The (1984)",4.020528316497803
798,10,479,Vertigo (1958),4.00636100769043
791,1,64,"Shawshank Redemption, The (1994)",4.517269134521484
791,2,483,Casablanca (1942),4.516693115234375
791,3,187,"Godfather: Part II, The (1974)",4.492044448852539
791,4,408,"Close Shave, A (1995)",4.489685535430908
791,5,127,"Godfather, The (1972)",4.4828619956970215
791,6,114,Wallace & Gromit: The Best of Aardman Animation (1996),4.47598934173584
791,7,318,Schindler's List (1993),4.471320152282715
791,8,480,North by Northwest (1959),4.470519065856934
791,9,174,Raiders of the Lost Ark (1981),4.4638543128967285
791,10,656,M (1931),4.454463958740234
802,1,174,Raiders of the Lost Ark (1981),4.5016303062438965
802,2,483,Casablanca (1942),4.4932661056518555
802,3,64,"Shawshank Redemption, The (1994)",4.473455429077148
802,4,318,Schindler's List (1993),4.469208717346191
802,5,187,"Godfather: Part II, The (1974)",4.468865394592285
802,6,114,Wallace & Gromit: The Best of Aardman Animation (1996),4.428390026092529
802,7,50,Star Wars (1977),4.423213005065918
802,8,178,12 Angry Men (1957),4.421169281005859
802,9,1449,Pather Panchali (1955),4.418194770812988
802,10,479,Vertigo (1958),4.4043731689453125
800,1,483,Casablanca (1942),4.675644397735596
800,2,480,North by Northwest (1959),4.529501914978027
800,3,178,12 Angry Men (1957),4.526584625244141
800,4,1500,Santa with Muscles (1996),4.524576187133789
800,5,357,One Flew Over the Cuckoo's Nest (1975),4.5062971115112305
800,6,1449,Pather Panchali (1955),4.496140480041504
800,7,427,To Kill a Mockingbird (1962),4.492055892944336
800,8,114,Wallace & Gromit: The Best of Aardman Animation (1996),4.483795642852783
800,9,408,"Close Shave, A (1995)",4.474997520446777
800,10,316,As Good As It Gets (1997),4.4699225425720215
804,1,1449,Pather Panchali (1955),4.410057067871094
804,2,178,12 Angry Men (1957),4.38840389251709
804,3,1500,Santa with Muscles (1996),4.365239143371582
804,4,114,Wallace & Gromit: The Best of Aardman Animation (1996),4.360663414001465
804,5,316,As Good As It Gets (1997),4.348462104797363
804,6,313,Titanic (1997),4.347857475280762
804,7,302,L.A. Confidential (1997),4.3371100425720215
804,8,427,To Kill a Mockingbird (1962),4.328953742980957
804,9,606,All About Eve (1950),4.328560829162598
804,10,656,M (1931),4.319093227386475
803,1,483,Casablanca (1942),4.679755210876465
803,2,114,Wallace & Gromit: The Best of Aardman Animation (1996),4.6514716148376465
803,3,1449,Pather Panchali (1955),4.635828018188477
803,4,1500,Santa with Muscles (1996),4.621220111846924
803,5,318,Schindler's List (1993),4.618831634521484
803,6,178,12 Angry Men (1957),4.615323066711426
803,7,480,North by Northwest (1959),4.613275051116943
803,8,127,"Godfather, The (1972)",4.6125712394714355
803,9,408,"Close Shave, A (1995)",4.60614013671875
803,10,313,Titanic (1997),4.602876663208008
775,1,50,Star Wars (1977),4.479834079742432
775,2,174,Raiders of the Lost Ark (1981),4.448349952697754
775,3,483,Casablanca (1942),4.445840358734131
775,4,318,Schindler's List (1993),4.353445053100586
775,5,1449,Pather Panchali (1955),4.346510887145996
775,6,480,North by Northwest (1959),4.344695091247559
775,7,187,"Godfather: Part II, The (1974)",4.341189384460449
775,8,64,"Shawshank Redemption, The (1994)",4.335296630859375
775,9,427,To Kill a Mockingbird (1962),4.329336643218994
775,10,479,Vertigo (1958),4.328547477722168
792,1,64,"Shawshank Redemption, The (1994)",4.52013635635376
792,2,480,North by Northwest (1959),4.506410598754883
792,3,114,Wallace & Gromit: The Best of Aardman Animation (1996),4.4944047927856445
792,4,178,12 Angry Men (1957),4.421608924865723
792,5,657,"Manchurian Candidate, The (1962)",4.408548355102539
792,6,408,"Close Shave, A (1995)",4.4054059982299805
792,7,1449,Pather Panchali (1955),4.395103454589844
792,8,1500,Santa with Muscles (1996),4.382660865783691
792,9,656,M (1931),4.368206024169922
792,10,313,Titanic (1997),4.3572282791137695
799,1,114,Wallace & Gromit: The Best of Aardman Animation (1996),4.498633861541748
799,2,318,Schindler's List (1993),4.48232364654541
799,3,1449,Pather Panchali (1955),4.472886562347412
799,4,1500,Santa with Muscles (1996),4.468571662902832
799,5,178,12 Angry Men (1957),4.468561172485352
799,6,64,"Shawshank Redemption, The (1994)",4.455165863037109
799,7,357,One Flew Over the Cuckoo's Nest (1975),4.433777809143066
799,8,483,Casablanca (1942),4.431876182556152
799,9,480,North by Northwest (1959),4.422165870666504
799,10,603,Rear Window (1954),4.4209394454956055
805,1,483,Casablanca (1942),4.436100959777832
805,2,1449,Pather Panchali (1955),4.392973899841309
805,3,64,"Shawshank Redemption, The (1994)",4.37888240814209
805,4,318,Schindler's List (1993),4.378370761871338
805,5,1500,Santa with Muscles (1996),4.37404727935791
805,6,178,12 Angry Men (1957),4.369617462158203
805,7,114,Wallace & Gromit: The Best of Aardman Animation (1996),4.360273361206055
805,8,408,"Close Shave, A (1995)",4.356834888458252
805,9,480,North by Northwest (1959),4.321704387664795
805,10,657,"Manchurian Candidate, The (1962)",4.320785045623779
806,1,114,Wallace & Gromit: The Best of Aardman Animation (1996),4.588563919067383
806,2,64,"Shawshank Redemption, The (1994)",4.556153297424316
806,3,178,12 Angry Men (1957),4.5506181716918945
806,4,1500,Santa with Muscles (1996),4.542883396148682
806,5,657,"Manchurian Candidate, The (1962)",4.541301727294922
806,6,313,Titanic (1997),4.535277366638184
806,7,1449,Pather Panchali (1955),4.5303850173950195
806,8,480,North by Northwest (1959),4.514713287353516
806,9,478,"Philadelphia Story, The (1940)",4.485800743103027
806,10,427,To Kill a Mockingbird (1962),4.4838690757751465
807,1,64,"Shawshank Redemption, The (1994)",4.533473014831543
807,2,187,"Godfather: Part II, The (1974)",4.451967239379883
807,3,285,Secrets & Lies (1996),4.4307990074157715
807,4,480,North by Northwest (1959),4.426705360412598
807,5,302,L.A. Confidential (1997),4.424994468688965
807,6,479,Vertigo (1958),4.413271903991699
807,7,12,"Usual Suspects, The (1995)",4.410955429077148
807,8,114,Wallace & Gromit: The Best of Aardman Animation (1996),4.408565044403076
807,9,178,12 Angry Men (1957),4.398499488830566
807,10,656,M (1931),4.397315979003906
797,1,483,Casablanca (1942),4.5317254066467285
797,2,408,"Close Shave, A (1995)",4.526522636413574
797,3,480,North by Northwest (1959),4.497774124145508
797,4,114,Wallace & Gromit: The Best of Aardman Animation (1996),4.492730140686035
797,5,178,12 Angry Men (1957),4.478370666503906
797,6,1500,Santa with Muscles (1996),4.4664764404296875
797,7,1449,Pather Panchali (1955),4.463275909423828
797,8,313,Titanic (1997),4.46199893951416
797,9,656,M (1931),4.453610420227051
797,10,191,Amadeus (1984),4.450119972229004
801,1,318,Schindler's List (1993),4.8016228675842285
801,2,174,Raiders of the Lost Ark (1981),4.7992777824401855
801,3,483,Casablanca (1942),4.789070129394531
801,4,1449,Pather Panchali (1955),4.787051200866699
801,5,114,Wallace & Gromit: The Best of Aardman Animation (1996),4.776025295257568
801,6,187,"Godfather: Part II, The (1974)",4.775771141052246
801,7,178,12 Angry Men (1957),4.767574310302734
801,8,480,North by Northwest (1959),4.761281967163086
801,9,50,Star Wars (1977),4.759890556335449
801,10,127,"Godfather, The (1972)",4.759594440460205
809,1,64,"Shawshank Redemption, The (1994)",4.49281644821167
809,2,483,Casablanca (1942),4.396887302398682
809,3,50,Star Wars (1977),4.385802268981934
809,4,114,Wallace & Gromit: The Best of Aardman Animation (1996),4.3834075927734375
809,5,408,"Close Shave, A (1995)",4.382102012634277
809,6,174,Raiders of the Lost Ark (1981),4.381293296813965
809,7,318,Schindler's List (1993),4.373624801635742
809,8,480,North by Northwest (1959),4.367733001708984
809,9,1449,Pather Panchali (1955),4.344814777374268
809,10,478,"Philadelphia Story, The (1940)",4.340688705444336
815,1,64,"Shawshank Redemption, The (1994)",4.5585174560546875
815,2,1449,Pather Panchali (1955),4.550968170166016
815,3,1500,Santa with Muscles (1996),4.523883819580078
815,4,178,12 Angry Men (1957),4.5180816650390625
815,5,480,North by Northwest (1959),4.51594352722168
815,6,408,"Close Shave, A (1995)",4.493710517883301
815,7,187,"Godfather: Part II, The (1974)",4.482805252075195
815,8,169,"Wrong Trousers, The (1993)",4.469236850738525
815,9,12,"Usual Suspects, The (1995)",4.466495513916016
815,10,513,"Third Man, The (1949)",4.454006671905518
817,1,483,Casablanca (1942),4.383171081542969
817,2,64,"Shawshank Redemption, The (1994)",4.381861209869385
817,3,479,Vertigo (1958),4.364798069000244
817,4,427,To Kill a Mockingbird (1962),4.330767631530762
817,5,357,One Flew Over the Cuckoo's Nest (1975),4.302311897277832
817,6,98,"Silence of the Lambs, The (1991)",4.28685188293457
817,7,114,Wallace & Gromit: The Best of Aardman Animation (1996),4.285012245178223
817,8,1449,Pather Panchali (1955),4.281599998474121
817,9,1500,Santa with Muscles (1996),4.2758331298828125
817,10,313,Titanic (1997),4.273944854736328
821,1,187,"Godfather: Part II, The (1974)",4.799511432647705
821,2,50,Star Wars (1977),4.770349025726318
821,3,1449,Pather Panchali (1955),4.757497787475586
821,4,114,Wallace & Gromit: The Best of Aardman Animation (1996),4.753957748413086
821,5,313,Titanic (1997),4.7302069664001465
821,6,285,Secrets & Lies (1996),4.7166547775268555
821,7,478,"Philadelphia Story, The (1940)",4.716296195983887
821,8,178,12 Angry Men (1957),4.707867622375488
821,9,1500,Santa with Muscles (1996),4.705901145935059
821,10,408,"Close Shave, A (1995)",4.6998395919799805
818,1,318,Schindler's List (1993),4.5852251052856445
818,2,114,Wallace & Gromit: The Best of Aardman Animation (1996),4.5783586502075195
818,3,50,Star Wars (1977),4.544989109039307
818,4,483,Casablanca (1942),4.541667938232422
818,5,1449,Pather Panchali (1955),4.532724857330322
818,6,1500,Santa with Muscles (1996),4.524852275848389
818,7,178,12 Angry Men (1957),4.521897315979004
818,8,64,"Shawshank Redemption, The (1994)",4.521417140960693
818,9,174,Raiders of the Lost Ark (1981),4.517050743103027
818,10,480,North by Northwest (1959),4.508681297302246
814,1,483,Casablanca (1942),4.197874069213867
814,2,64,"Shawshank Redemption, The (1994)",4.17719841003418
814,3,1449,Pather Panchali (1955),4.052878379821777
814,4,408,"Close Shave, A (1995)",4.0502543449401855
814,5,178,12 Angry Men (1957),4.044574737548828
814,6,480,North by Northwest (1959),4.024169921875
814,7,318,Schindler's List (1993),4.004182815551758
814,8,114,Wallace & Gromit: The Best of Aardman Animation (1996),4.0006842613220215
814,9,427,To Kill a Mockingbird (1962),3.9871513843536377
814,10,302,L.A. Confidential (1997),3.9835751056671143
812,1,174,Raiders of the Lost Ark (1981),4.690077781677246
812,2,483,Casablanca (1942),4.687535285949707
812,3,318,Schindler's List (1993),4.686838150024414
812,4,114,Wallace & Gromit: The Best of Aardman Animation (1996),4.682839393615723
812,5,480,North by Northwest (1959),4.674642086029053
812,6,1449,Pather Panchali (1955),4.672874450683594
812,7,1500,Santa with Muscles (1996),4.66606330871582
812,8,178,12 Angry Men (1957),4.665047645568848
812,9,127,"Godfather, The (1972)",4.654448509216309
812,10,313,Titanic (1997),4.6504645347595215
823,1,114,Wallace & Gromit: The Best of Aardman Animation (1996),4.607924461364746
823,2,178,12 Angry Men (1957),4.605345726013184
823,3,480,North by Northwest (1959),4.602142333984375
823,4,1449,Pather Panchali (1955),4.59953498840332
823,5,1500,Santa with Muscles (1996),4.585454940795898
823,6,313,Titanic (1997),4.579988956451416
823,7,657,"Manchurian Candidate, The (1962)",4.567473411560059
823,8,483,Casablanca (1942),4.559842586517334
823,9,656,M (1931),4.546710968017578
823,10,169,"Wrong Trousers, The (1993)",4.54386568069458
825,1,64,"Shawshank Redemption, The (1994)",4.366381645202637
825,2,483,Casablanca (1942),4.334024429321289
825,3,357,One Flew Over the Cuckoo's Nest (1975),4.2953386306762695
825,4,114,Wallace & Gromit: The Best of Aardman Animation (1996),4.289267539978027
825,5,427,To Kill a Mockingbird (1962),4.284804821014404
825,6,223,Sling Blade (1996),4.284316062927246
825,7,318,Schindler's List (1993),4.2787933349609375
825,8,178,12 Angry Men (1957),4.253488540649414
825,9,1500,Santa with Muscles (1996),4.248508453369141
825,10,1449,Pather Panchali (1955),4.233116149902344
827,1,64,"Shawshank Redemption, The (1994)",4.297407150268555
827,2,483,Casablanca (1942),4.272127151489258
827,3,114,Wallace & Gromit: The Best of Aardman Animation (1996),4.125887870788574
827,4,427,To Kill a Mockingbird (1962),4.116986274719238
827,5,408,"Close Shave, A (1995)",4.1166462898254395
827,6,12,"Usual Suspects, The (1995)",4.114460468292236
827,7,178,12 Angry Men (1957),4.08857536315918
827,8,1500,Santa with Muscles (1996),4.076285362243652
827,9,318,Schindler's List (1993),4.072936058044434
827,10,1449,Pather Panchali (1955),4.057798385620117
829,1,483,Casablanca (1942),4.514030456542969
829,2,178,12 Angry Men (1957),4.473263740539551
829,3,1449,Pather Panchali (1955),4.463741302490234
829,4,114,Wallace & Gromit: The Best of Aardman Animation (1996),4.4530792236328125
829,5,127,"Godfather, The (1972)",4.442834377288818
829,6,1500,Santa with Muscles (1996),4.436159610748291
829,7,480,North by Northwest (1959),4.4315714836120605
829,8,657,"Manchurian Candidate, The (1962)",4.431506156921387
829,9,134,Citizen Kane (1941),4.406598091125488
829,10,64,"Shawshank Redemption, The (1994)",4.398902893066406
811,1,174,Raiders of the Lost Ark (1981),4.755683422088623
811,2,114,Wallace & Gromit: The Best of Aardman Animation (1996),4.74844217300415
811,3,483,Casablanca (1942),4.736363410949707
811,4,1449,Pather Panchali (1955),4.729918003082275
811,5,1500,Santa with Muscles (1996),4.727521896362305
811,6,313,Titanic (1997),4.7216691970825195
811,7,50,Star Wars (1977),4.713906288146973
811,8,127,"Godfather, The (1972)",4.713593482971191
811,9,318,Schindler's List (1993),4.7113037109375
811,10,408,"Close Shave, A (1995)",4.711212158203125
830,1,483,Casablanca (1942),4.724442481994629
830,2,1449,Pather Panchali (1955),4.694188117980957
830,3,114,Wallace & Gromit: The Best of Aardman Animation (1996),4.68465518951416
830,4,1500,Santa with Muscles (1996),4.679872035980225
830,5,318,Schindler's List (1993),4.679521083831787
830,6,178,12 Angry Men (1957),4.679047107696533
830,7,12,"Usual Suspects, The (1995)",4.649823188781738
830,8,408,"Close Shave, A (1995)",4.636693000793457
830,9,169,"Wrong Trousers, The (1993)",4.6349334716796875
830,10,603,Rear Window (1954),4.631452560424805
826,1,64,"Shawshank Redemption, The (1994)",4.562151908874512
826,2,114,Wallace & Gromit: The Best of Aardman Animation (1996),4.481281280517578
826,3,318,Schindler's List (1993),4.467580795288086
826,4,12,"Usual Suspects, The (1995)",4.4675750732421875
826,5,479,Vertigo (1958),4.461677551269531
826,6,1449,Pather Panchali (1955),4.453165054321289
826,7,427,To Kill a Mockingbird (1962),4.449250221252441
826,8,178,12 Angry Men (1957),4.442141532897949
826,9,478,"Philadelphia Story, The (1940)",4.4275898933410645
826,10,1500,Santa with Muscles (1996),4.42667293548584
831,1,483,Casablanca (1942),4.540933609008789
831,2,1449,Pather Panchali (1955),4.529022693634033
831,3,114,Wallace & Gromit: The Best of Aardman Animation (1996),4.528591632843018
831,4,318,Schindler's List (1993),4.525505065917969
831,5,178,12 Angry Men (1957),4.524849891662598
831,6,1500,Santa with Muscles (1996),4.517979145050049
831,7,480,North by Northwest (1959),4.4980597496032715
831,8,408,"Close Shave, A (1995)",4.497749328613281
831,9,357,One Flew Over the Cuckoo's Nest (1975),4.493346214294434
831,10,427,To Kill a Mockingbird (1962),4.469795227050781
819,1,174,Raiders of the Lost Ark (1981),4.750195503234863
819,2,187,"Godfather: Part II, The (1974)",4.746429443359375
819,3,483,Casablanca (1942),4.745558738708496
819,4,318,Schindler's List (1993),4.733422756195068
819,5,114,Wallace & Gromit: The Best of Aardman Animation (1996),4.714579105377197
819,6,64,"Shawshank Redemption, The (1994)",4.706437110900879
819,7,1449,Pather Panchali (1955),4.704970359802246
819,8,50,Star Wars (1977),4.700730323791504
819,9,178,12 Angry Men (1957),4.685765266418457
819,10,313,Titanic (1997),4.68263578414917
828,1,64,"Shawshank Redemption, The (1994)",4.208307266235352
828,2,12,"Usual Suspects, The (1995)",4.067566394805908
828,3,483,Casablanca (1942),4.04515266418457
828,4,318,Schindler's List (1993),4.032130241394043
828,5,408,"Close Shave, A (1995)",4.021157264709473
828,6,178,12 Angry Men (1957),4.020942211151123
828,7,1449,Pather Panchali (1955),4.006388187408447
828,8,603,Rear Window (1954),3.9812748432159424
828,9,657,"Manchurian Candidate, The (1962)",3.968158006668091
828,10,427,To Kill a Mockingbird (1962),3.962923765182495
808,1,483,Casablanca (1942),4.76991605758667
808,2,114,Wallace & Gromit: The Best of Aardman Animation (1996),4.751315116882324
808,3,480,North by Northwest (1959),4.729488372802734
808,4,178,12 Angry Men (1957),4.723443031311035
808,5,1500,Santa with Muscles (1996),4.715292930603027
808,6,64,"Shawshank Redemption, The (1994)",4.715021133422852
808,7,657,"Manchurian Candidate, The (1962)",4.711875915527344
808,8,408,"Close Shave, A (1995)",4.704832077026367
808,9,1449,Pather Panchali (1955),4.7035932540893555
808,10,515,"Boot, Das (1981)",4.702089309692383
835,1,114,Wallace & Gromit: The Best of Aardman Animation (1996),4.660228729248047
835,2,1449,Pather Panchali (1955),4.657832622528076
835,3,408,"Close Shave, A (1995)",4.653987407684326
835,4,1500,Santa with Muscles (1996),4.653262138366699
835,5,178,12 Angry Men (1957),4.640082359313965
835,6,483,Casablanca (1942),4.632875442504883
835,7,480,North by Northwest (1959),4.626823425292969
835,8,169,"Wrong Trousers, The (1993)",4.615909099578857
835,9,656,M (1931),4.601302146911621
835,10,1367,Faust (1994),4.591892719268799
833,1,1500,Santa with Muscles (1996),4.312335014343262
833,2,408,"Close Shave, A (1995)",4.31168270111084
833,3,178,12 Angry Men (1957),4.3004679679870605
833,4,1449,Pather Panchali (1955),4.297921180725098
833,5,318,Schindler's List (1993),4.271620273590088
833,6,169,"Wrong Trousers, The (1993)",4.266499996185303
833,7,480,North by Northwest (1959),4.253498077392578
833,8,114,Wallace & Gromit: The Best of Aardman Animation (1996),4.2325286865234375
833,9,313,Titanic (1997),4.198369026184082
833,10,1367,Faust (1994),4.195765495300293
836,1,114,Wallace & Gromit: The Best of Aardman Animation (1996),4.596214294433594
836,2,50,Star Wars (1977),4.582583427429199
836,3,313,Titanic (1997),4.559098243713379
836,4,483,Casablanca (1942),4.5522050857543945
836,5,1500,Santa with Muscles (1996),4.539738178253174
836,6,1449,Pather Panchali (1955),4.537581443786621
836,7,178,12 Angry Men (1957),4.525242805480957
836,8,408,"Close Shave, A (1995)",4.524684429168701
836,9,64,"Shawshank Redemption, The (1994)",4.5191779136657715
836,10,480,North by Northwest (1959),4.516311168670654
816,1,114,Wallace & Gromit: The Best of Aardman Animation (1996),4.737448692321777
816,2,1500,Santa with Muscles (1996),4.706366539001465
816,3,1449,Pather Panchali (1955),4.702334880828857
816,4,480,North by Northwest (1959),4.699873924255371
816,5,483,Casablanca (1942),4.696314811706543
816,6,174,Raiders of the Lost Ark (1981),4.690148830413818
816,7,408,"Close Shave, A (1995)",4.689783096313477
816,8,127,"Godfather, The (1972)",4.689369201660156
816,9,178,12 Angry Men (1957),4.681196212768555
816,10,169,"Wrong Trousers, The (1993)",4.680590629577637
838,1,64,"Shawshank Redemption, The (1994)",4.615804195404053
838,2,483,Casablanca (1942),4.574984550476074
838,3,178,12 Angry Men (1957),4.531772136688232
838,4,1449,Pather Panchali (1955),4.5189619064331055
838,5,1500,Santa with Muscles (1996),4.5022454261779785
838,6,657,"Manchurian Candidate, The (1962)",4.494434356689453
838,7,479,Vertigo (1958),4.483074188232422
838,8,603,Rear Window (1954),4.476166725158691
838,9,528,"Killing Fields, The (1984)",4.462558746337891
838,10,357,One Flew Over the Cuckoo's Nest (1975),4.460171699523926
839,1,64,"Shawshank Redemption, The (1994)",4.367385387420654
839,2,483,Casablanca (1942),4.29187536239624
839,3,12,"Usual Suspects, The (1995)",4.256642818450928
839,4,318,Schindler's List (1993),4.232507705688477
839,5,408,"Close Shave, A (1995)",4.210216522216797
839,6,603,Rear Window (1954),4.199934959411621
839,7,1449,Pather Panchali (1955),4.190908432006836
839,8,313,Titanic (1997),4.184737205505371
839,9,1500,Santa with Muscles (1996),4.172201156616211
839,10,114,Wallace & Gromit: The Best of Aardman Animation (1996),4.166125297546387
840,1,114,Wallace & Gromit: The Best of Aardman Animation (1996),4.713204860687256
840,2,178,12 Angry Men (1957),4.695807456970215
840,3,1449,Pather Panchali (1955),4.691028118133545
840,4,1500,Santa with Muscles (1996),4.690334320068359
840,5,408,"Close Shave, A (1995)",4.662866592407227
840,6,318,Schindler's List (1993),4.660313606262207
840,7,427,To Kill a Mockingbird (1962),4.64853572845459
840,8,1367,Faust (1994),4.64443302154541
840,9,313,Titanic (1997),4.640560150146484
840,10,12,"Usual Suspects, The (1995)",4.6357316970825195
832,1,64,"Shawshank Redemption, The (1994)",4.43267822265625
832,2,1449,Pather Panchali (1955),4.382718086242676
832,3,408,"Close Shave, A (1995)",4.37454891204834
832,4,114,Wallace & Gromit: The Best of Aardman Animation (1996),4.36924934387207
832,5,1500,Santa with Muscles (1996),4.365153789520264
832,6,483,Casablanca (1942),4.344687461853027
832,7,318,Schindler's List (1993),4.332101821899414
832,8,174,Raiders of the Lost Ark (1981),4.328374862670898
832,9,12,"Usual Suspects, The (1995)",4.3218231201171875
832,10,178,12 Angry Men (1957),4.320281028747559
810,1,187,"Godfather: Part II, The (1974)",4.7891154289245605
810,2,174,Raiders of the Lost Ark (1981),4.786728858947754
810,3,50,Star Wars (1977),4.762519836425781
810,4,114,Wallace & Gromit: The Best of Aardman Animation (1996),4.754615783691406
810,5,1449,Pather Panchali (1955),4.741708278656006
810,6,483,Casablanca (1942),4.739947319030762
810,7,318,Schindler's List (1993),4.737459182739258
810,8,127,"Godfather, The (1972)",4.723481178283691
810,9,285,Secrets & Lies (1996),4.711833953857422
810,10,178,12 Angry Men (1957),4.70942497253418
844,1,483,Casablanca (1942),4.438972473144531
844,2,64,"Shawshank Redemption, The (1994)",4.334236145019531
844,3,114,Wallace & Gromit: The Best of Aardman Animation (1996),4.285527229309082
844,4,1449,Pather Panchali (1955),4.280052185058594
844,5,480,North by Northwest (1959),4.279258728027344
844,6,1500,Santa with Muscles (1996),4.238761901855469
844,7,313,Titanic (1997),4.219246864318848
844,8,479,Vertigo (1958),4.204158782958984
844,9,98,"Silence of the Lambs, The (1991)",4.204004287719727
844,10,178,12 Angry Men (1957),4.202288627624512
843,1,709,Strictly Ballroom (1992),3.390414237976074
843,2,64,"Shawshank Redemption, The (1994)",3.359671115875244
843,3,178,12 Angry Men (1957),3.3437724113464355
843,4,1449,Pather Panchali (1955),3.320737600326538
843,5,519,"Treasure of the Sierra Madre, The (1948)",3.3111085891723633
843,6,320,Paradise Lost: The Child Murders at Robin Hood Hills (1996),3.30861234664917
843,7,333,"Game, The (1997)",3.2823989391326904
843,8,187,"Godfather: Part II, The (1974)",3.2632408142089844
843,9,190,Henry V (1989),3.254671573638916
843,10,483,Casablanca (1942),3.254274845123291
834,1,114,Wallace & Gromit: The Best of Aardman Animation (1996),4.660079002380371
834,2,174,Raiders of the Lost Ark (1981),4.657896041870117
834,3,1449,Pather Panchali (1955),4.64974308013916
834,4,483,Casablanca (1942),4.646570205688477
834,5,1500,Santa with Muscles (1996),4.641375541687012
834,6,480,North by Northwest (1959),4.63193941116333
834,7,64,"Shawshank Redemption, The (1994)",4.624246597290039
834,8,178,12 Angry Men (1957),4.623624801635742
834,9,187,"Godfather: Part II, The (1974)",4.619776725769043
834,10,478,"Philadelphia Story, The (1940)",4.616915702819824
846,1,114,Wallace & Gromit: The Best of Aardman Animation (1996),4.523918628692627
846,2,313,Titanic (1997),4.521198749542236
846,3,408,"Close Shave, A (1995)",4.5177106857299805
846,4,1500,Santa with Muscles (1996),4.502367973327637
846,5,1449,Pather Panchali (1955),4.472583770751953
846,6,1367,Faust (1994),4.446609020233154
846,7,656,M (1931),4.443960666656494
846,8,169,"Wrong Trousers, The (1993)",4.439001083374023
846,9,285,Secrets & Lies (1996),4.434471130371094
846,10,272,Good Will Hunting (1997),4.400125980377197
837,1,483,Casablanca (1942),4.3058929443359375
837,2,114,Wallace & Gromit: The Best of Aardman Animation (1996),4.200815200805664
837,3,64,"Shawshank Redemption, The (1994)",4.1928300857543945
837,4,1500,Santa with Muscles (1996),4.170721054077148
837,5,1449,Pather Panchali (1955),4.150629997253418
837,6,318,Schindler's List (1993),4.150388240814209
837,7,169,"Wrong Trousers, The (1993)",4.145266532897949
837,8,178,12 Angry Men (1957),4.144838333129883
837,9,480,North by Northwest (1959),4.142923355102539
837,10,408,"Close Shave, A (1995)",4.139023780822754
813,1,1449,Pather Panchali (1955),4.457550048828125
813,2,483,Casablanca (1942),4.394606113433838
813,3,318,Schindler's List (1993),4.385865211486816
813,4,178,12 Angry Men (1957),4.378597736358643
813,5,174,Raiders of the Lost Ark (1981),4.376400470733643
813,6,114,Wallace & Gromit: The Best of Aardman Animation (1996),4.3745856285095215
813,7,480,North by Northwest (1959),4.369218826293945
813,8,64,"Shawshank Redemption, The (1994)",4.336671829223633
813,9,408,"Close Shave, A (1995)",4.332317352294922
813,10,1367,Faust (1994),4.326913833618164
842,1,483,Casablanca (1942),4.312540054321289
842,2,114,Wallace & Gromit: The Best of Aardman Animation (1996),4.271384239196777
842,3,64,"Shawshank Redemption, The (1994)",4.253789901733398
842,4,1449,Pather Panchali (1955),4.2532453536987305
842,5,187,"Godfather: Part II, The (1974)",4.227595329284668
842,6,174,Raiders of the Lost Ark (1981),4.220064163208008
842,7,408,"Close Shave, A (1995)",4.2095232009887695
842,8,178,12 Angry Men (1957),4.18947696685791
842,9,50,Star Wars (1977),4.183794975280762
842,10,1500,Santa with Muscles (1996),4.170493125915527
847,1,64,"Shawshank Redemption, The (1994)",4.306027412414551
847,2,483,Casablanca (1942),4.1343278884887695
847,3,408,"Close Shave, A (1995)",4.0803632736206055
847,4,178,12 Angry Men (1957),4.049717903137207
847,5,1449,Pather Panchali (1955),4.019587516784668
847,6,318,Schindler's List (1993),4.016445159912109
847,7,187,"Godfather: Part II, The (1974)",4.013848781585693
847,8,528,"Killing Fields, The (1984)",3.9960074424743652
847,9,272,Good Will Hunting (1997),3.9854350090026855
847,10,169,"Wrong Trousers, The (1993)",3.9800140857696533
848,1,114,Wallace & Gromit: The Best of Aardman Animation (1996),4.708995342254639
848,2,1449,Pather Panchali (1955),4.705391883850098
848,3,1500,Santa with Muscles (1996),4.701173782348633
848,4,316,As Good As It Gets (1997),4.674686431884766
848,5,178,12 Angry Men (1957),4.66957950592041
848,6,313,Titanic (1997),4.653252601623535
848,7,408,"Close Shave, A (1995)",4.64730978012085
848,8,187,"Godfather: Part II, The (1974)",4.645440101623535
848,9,656,M (1931),4.643826484680176
848,10,64,"Shawshank Redemption, The (1994)",4.641310691833496
822,1,64,"Shawshank Redemption, The (1994)",4.260491371154785
822,2,483,Casablanca (1942),4.085613250732422
822,3,318,Schindler's List (1993),4.081541538238525
822,4,12,"Usual Suspects, The (1995)",4.07688570022583
822,5,134,Citizen Kane (1941),4.0518388748168945
822,6,427,To Kill a Mockingbird (1962),4.050596237182617
822,7,480,North by Northwest (1959),4.041415214538574
822,8,1449,Pather Panchali (1955),4.034144878387451
822,9,603,Rear Window (1954),4.031746864318848
822,10,313,Titanic (1997),4.013952255249023
852,1,480,North by Northwest (1959),4.562899589538574
852,2,114,Wallace & Gromit: The Best of Aardman Animation (1996),4.560477256774902
852,3,656,M (1931),4.508150100708008
852,4,178,12 Angry Men (1957),4.50649356842041
852,5,483,Casablanca (1942),4.476360321044922
852,6,64,"Shawshank Redemption, The (1994)",4.469845771789551
852,7,1449,Pather Panchali (1955),4.4697465896606445
852,8,657,"Manchurian Candidate, The (1962)",4.467140197753906
852,9,357,One Flew Over the Cuckoo's Nest (1975),4.455069541931152
852,10,318,Schindler's List (1993),4.453222274780273
851,1,187,"Godfather: Part II, The (1974)",4.583017826080322
851,2,1449,Pather Panchali (1955),4.538352012634277
851,3,114,Wallace & Gromit: The Best of Aardman Animation (1996),4.510497093200684
851,4,178,12 Angry Men (1957),4.5067853927612305
851,5,285,Secrets & Lies (1996),4.4809064865112305
851,6,427,To Kill a Mockingbird (1962),4.48076868057251
851,7,408,"Close Shave, A (1995)",4.465258598327637
851,8,657,"Manchurian Candidate, The (1962)",4.4635725021362305
851,9,98,"Silence of the Lambs, The (1991)",4.457518577575684
851,10,1500,Santa with Muscles (1996),4.456464767456055
849,1,483,Casablanca (1942),4.893026351928711
849,2,127,"Godfather, The (1972)",4.868877410888672
849,3,187,"Godfather: Part II, The (1974)",4.8574395179748535
849,4,114,Wallace & Gromit: The Best of Aardman Animation (1996),4.852418899536133
849,5,302,L.A. Confidential (1997),4.852115631103516
849,6,313,Titanic (1997),4.845375061035156
849,7,656,M (1931),4.844257354736328
849,8,480,North by Northwest (1959),4.841947555541992
849,9,318,Schindler's List (1993),4.840738296508789
849,10,178,12 Angry Men (1957),4.836738109588623
854,1,1449,Pather Panchali (1955),4.430205345153809
854,2,1500,Santa with Muscles (1996),4.415118217468262
854,3,178,12 Angry Men (1957),4.3824238777160645
854,4,114,Wallace & Gromit: The Best of Aardman Animation (1996),4.360479354858398
854,5,169,"Wrong Trousers, The (1993)",4.359744071960449
854,6,427,To Kill a Mockingbird (1962),4.333199977874756
854,7,313,Titanic (1997),4.3286004066467285
854,8,408,"Close Shave, A (1995)",4.327940940856934
854,9,474,Dr. Strangelove or: How I Learned to Stop Worrying and Love the Bomb (1963),4.286211013793945
854,10,480,North by Northwest (1959),4.268925666809082
850,1,1449,Pather Panchali (1955),4.814516544342041
850,2,114,Wallace & Gromit: The Best of Aardman Animation (1996),4.809621810913086
850,3,187,"Godfather: Part II, The (1974)",4.804471015930176
850,4,483,Casablanca (1942),4.793381690979004
850,5,313,Titanic (1997),4.7893829345703125
850,6,127,"Godfather, The (1972)",4.784088134765625
850,7,1500,Santa with Muscles (1996),4.781670570373535
850,8,178,12 Angry Men (1957),4.778945446014404
850,9,408,"Close Shave, A (1995)",4.7776594161987305
850,10,656,M (1931),4.770847797393799
858,1,64,"Shawshank Redemption, The (1994)",4.3676605224609375
858,2,483,Casablanca (1942),4.334590435028076
858,3,114,Wallace & Gromit: The Best of Aardman Animation (1996),4.323085784912109
858,4,1449,Pather Panchali (1955),4.321394920349121
858,5,178,12 Angry Men (1957),4.2991108894348145
858,6,427,To Kill a Mockingbird (1962),4.292259693145752
858,7,1500,Santa with Muscles (1996),4.290677070617676
858,8,318,Schindler's List (1993),4.286299705505371
858,9,50,Star Wars (1977),4.278434753417969
858,10,169,"Wrong Trousers, The (1993)",4.26971435546875
853,1,64,"Shawshank Redemption, The (1994)",4.24295711517334
853,2,483,Casablanca (1942),4.072599411010742
853,3,12,"Usual Suspects, The (1995)",4.048882484436035
853,4,124,Lone Star (1996),4.032054901123047
853,5,479,Vertigo (1958),4.027976989746094
853,6,187,"Godfather: Part II, The (1974)",3.999091148376465
853,7,174,Raiders of the Lost Ark (1981),3.991581439971924
853,8,272,Good Will Hunting (1997),3.978045701980591
853,9,1449,Pather Panchali (1955),3.975031614303589
853,10,480,North by Northwest (1959),3.971790075302124
855,1,64,"Shawshank Redemption, The (1994)",4.276523590087891
855,2,178,12 Angry Men (1957),4.183424949645996
855,3,408,"Close Shave, A (1995)",4.143253803253174
855,4,1449,Pather Panchali (1955),4.098545551300049
855,5,483,Casablanca (1942),4.095953941345215
855,6,657,"Manchurian Candidate, The (1962)",4.070990562438965
855,7,169,"Wrong Trousers, The (1993)",4.067848205566406
855,8,50,Star Wars (1977),4.036466598510742
855,9,127,"Godfather, The (1972)",4.022994041442871
855,10,1500,Santa with Muscles (1996),4.019697189331055
824,1,483,Casablanca (1942),4.1748456954956055
824,2,313,Titanic (1997),4.061285018920898
824,3,1449,Pather Panchali (1955),4.0161638259887695
824,4,178,12 Angry Men (1957),3.984469413757324
824,5,1500,Santa with Muscles (1996),3.9688751697540283
824,6,64,"Shawshank Redemption, The (1994)",3.962489604949951
824,7,169,"Wrong Trousers, The (1993)",3.94891619682312
824,8,427,To Kill a Mockingbird (1962),3.9445724487304688
824,9,98,"Silence of the Lambs, The (1991)",3.943567991256714
824,10,12,"Usual Suspects, The (1995)",3.943312883377075
845,1,64,"Shawshank Redemption, The (1994)",4.351463317871094
845,2,174,Raiders of the Lost Ark (1981),4.283156394958496
845,3,1449,Pather Panchali (1955),4.263576507568359
845,4,408,"Close Shave, A (1995)",4.242636203765869
845,5,318,Schindler's List (1993),4.230984687805176
845,6,114,Wallace & Gromit: The Best of Aardman Animation (1996),4.219087600708008
845,7,50,Star Wars (1977),4.203232288360596
845,8,187,"Godfather: Part II, The (1974)",4.198444366455078
845,9,427,To Kill a Mockingbird (1962),4.193046569824219
845,10,1500,Santa with Muscles (1996),4.192968368530273
841,1,318,Schindler's List (1993),4.733724594116211
841,2,174,Raiders of the Lost Ark (1981),4.727729320526123
841,3,1449,Pather Panchali (1955),4.724257946014404
841,4,114,Wallace & Gromit: The Best of Aardman Animation (1996),4.723330974578857
841,5,483,Casablanca (1942),4.722461700439453
841,6,50,Star Wars (1977),4.712198257446289
841,7,127,"Godfather, The (1972)",4.707013130187988
841,8,178,12 Angry Men (1957),4.70376443862915
841,9,408,"Close Shave, A (1995)",4.701240539550781
841,10,480,North by Northwest (1959),4.700847625732422
859,1,174,Raiders of the Lost Ark (1981),4.6956048011779785
859,2,483,Casablanca (1942),4.661593914031982
859,3,114,Wallace & Gromit: The Best of Aardman Animation (1996),4.650132179260254
859,4,1449,Pather Panchali (1955),4.626162528991699
859,5,480,North by Northwest (1959),4.624506950378418
859,6,1500,Santa with Muscles (1996),4.622030258178711
859,7,64,"Shawshank Redemption, The (1994)",4.621128082275391
859,8,187,"Godfather: Part II, The (1974)",4.609465599060059
859,9,318,Schindler's List (1993),4.596869468688965
859,10,50,Star Wars (1977),4.596357345581055
862,1,313,Titanic (1997),4.809090614318848
862,2,1449,Pather Panchali (1955),4.805904865264893
862,3,318,Schindler's List (1993),4.7930216789245605
862,4,316,As Good As It Gets (1997),4.787012577056885
862,5,134,Citizen Kane (1941),4.785402297973633
862,6,302,L.A. Confidential (1997),4.779213905334473
862,7,178,12 Angry Men (1957),4.773244380950928
862,8,114,Wallace & Gromit: The Best of Aardman Animation (1996),4.7725605964660645
862,9,1500,Santa with Muscles (1996),4.772114276885986
862,10,169,"Wrong Trousers, The (1993)",4.747530937194824
856,1,114,Wallace & Gromit: The Best of Aardman Animation (1996),4.580011367797852
856,2,50,Star Wars (1977),4.578460693359375
856,3,483,Casablanca (1942),4.573474407196045
856,4,174,Raiders of the Lost Ark (1981),4.556272983551025
856,5,318,Schindler's List (1993),4.55045223236084
856,6,64,"Shawshank Redemption, The (1994)",4.536813735961914
856,7,1500,Santa with Muscles (1996),4.532733917236328
856,8,1449,Pather Panchali (1955),4.5233049392700195
856,9,178,12 Angry Men (1957),4.508225440979004
856,10,480,North by Northwest (1959),4.4934186935424805
820,1,483,Casablanca (1942),4.526156902313232
820,2,64,"Shawshank Redemption, The (1994)",4.382479667663574
820,3,480,North by Northwest (1959),4.371325969696045
820,4,178,12 Angry Men (1957),4.362530708312988
820,5,408,"Close Shave, A (1995)",4.346453666687012
820,6,114,Wallace & Gromit: The Best of Aardman Animation (1996),4.33367919921875
820,7,1500,Santa with Muscles (1996),4.31943416595459
820,8,318,Schindler's List (1993),4.317224502563477
820,9,50,Star Wars (1977),4.3075056076049805
820,10,98,"Silence of the Lambs, The (1991)",4.301573753356934
863,1,483,Casablanca (1942),4.509435653686523
863,2,1449,Pather Panchali (1955),4.496482849121094
863,3,114,Wallace & Gromit: The Best of Aardman Animation (1996),4.495509147644043
863,4,1500,Santa with Muscles (1996),4.495372295379639
863,5,427,To Kill a Mockingbird (1962),4.492593765258789
863,6,127,"Godfather, The (1972)",4.485080718994141
863,7,178,12 Angry Men (1957),4.473593711853027
863,8,318,Schindler's List (1993),4.46279239654541
863,9,357,One Flew Over the Cuckoo's Nest (1975),4.458020210266113
863,10,98,"Silence of the Lambs, The (1991)",4.454769134521484
860,1,64,"Shawshank Redemption, The (1994)",4.356367111206055
860,2,483,Casablanca (1942),4.336526870727539
860,3,1449,Pather Panchali (1955),4.299689292907715
860,4,408,"Close Shave, A (1995)",4.268385887145996
860,5,134,Citizen Kane (1941),4.251594543457031
860,6,114,Wallace & Gromit: The Best of Aardman Animation (1996),4.2437052726745605
860,7,480,North by Northwest (1959),4.232578754425049
860,8,1500,Santa with Muscles (1996),4.223905563354492
860,9,12,"Usual Suspects, The (1995)",4.220783233642578
860,10,169,"Wrong Trousers, The (1993)",4.199658393859863
857,1,127,"Godfather, The (1972)",4.680661678314209
857,2,114,Wallace & Gromit: The Best of Aardman Animation (1996),4.672935485839844
857,3,178,12 Angry Men (1957),4.670866966247559
857,4,1449,Pather Panchali (1955),4.656895637512207
857,5,483,Casablanca (1942),4.656116008758545
857,6,1500,Santa with Muscles (1996),4.6547956466674805
857,7,408,"Close Shave, A (1995)",4.654576301574707
857,8,657,"Manchurian Candidate, The (1962)",4.626286506652832
857,9,480,North by Northwest (1959),4.624052047729492
857,10,98,"Silence of the Lambs, The (1991)",4.621994495391846
864,1,480,North by Northwest (1959),4.650388717651367
864,2,1449,Pather Panchali (1955),4.626859664916992
864,3,1500,Santa with Muscles (1996),4.613855361938477
864,4,313,Titanic (1997),4.602265357971191
864,5,656,M (1931),4.5833635330200195
864,6,515,"Boot, Das (1981)",4.583194255828857
864,7,478,"Philadelphia Story, The (1940)",4.5607452392578125
864,8,1367,Faust (1994),4.558504104614258
864,9,513,"Third Man, The (1949)",4.550265789031982
864,10,657,"Manchurian Candidate, The (1962)",4.549084663391113
865,1,480,North by Northwest (1959),4.314009666442871
865,2,483,Casablanca (1942),4.301926136016846
865,3,127,"Godfather, The (1972)",4.275079727172852
865,4,178,12 Angry Men (1957),4.26392936706543
865,5,1449,Pather Panchali (1955),4.252808570861816
865,6,1500,Santa with Muscles (1996),4.23797607421875
865,7,98,"Silence of the Lambs, The (1991)",4.234602451324463
865,8,12,"Usual Suspects, The (1995)",4.216522216796875
865,9,657,"Manchurian Candidate, The (1962)",4.195608139038086
865,10,427,To Kill a Mockingbird (1962),4.178149223327637
868,1,1449,Pather Panchali (1955),4.361950874328613
868,2,657,"Manchurian Candidate, The (1962)",4.320917129516602
868,3,1500,Santa with Muscles (1996),4.314828872680664
868,4,483,Casablanca (1942),4.314146041870117
868,5,513,"Third Man, The (1949)",4.303366661071777
868,6,318,Schindler's List (1993),4.297102928161621
868,7,134,Citizen Kane (1941),4.284399032592773
868,8,313,Titanic (1997),4.257359504699707
868,9,603,Rear Window (1954),4.242749214172363
868,10,1367,Faust (1994),4.224062919616699
867,1,187,"Godfather: Part II, The (1974)",4.78057861328125
867,2,1449,Pather Panchali (1955),4.739620208740234
867,3,178,12 Angry Men (1957),4.725125789642334
867,4,114,Wallace & Gromit: The Best of Aardman Animation (1996),4.723604202270508
867,5,127,"Godfather, The (1972)",4.707555770874023
867,6,313,Titanic (1997),4.69214391708374
867,7,1500,Santa with Muscles (1996),4.681617259979248
867,8,478,"Philadelphia Story, The (1940)",4.678107261657715
867,9,513,"Third Man, The (1949)",4.677812576293945
867,10,285,Secrets & Lies (1996),4.677265167236328
861,1,50,Star Wars (1977),4.646580696105957
861,2,174,Raiders of the Lost Ark (1981),4.646562099456787
861,3,1449,Pather Panchali (1955),4.617929458618164
861,4,114,Wallace & Gromit: The Best of Aardman Animation (1996),4.614420413970947
861,5,318,Schindler's List (1993),4.611981391906738
861,6,480,North by Northwest (1959),4.597414970397949
861,7,313,Titanic (1997),4.572422981262207
861,8,1500,Santa with Muscles (1996),4.571447849273682
861,9,178,12 Angry Men (1957),4.565499305725098
861,10,187,"Godfather: Part II, The (1974)",4.559145927429199
870,1,1449,Pather Panchali (1955),4.457633018493652
870,2,114,Wallace & Gromit: The Best of Aardman Animation (1996),4.372383117675781
870,3,1500,Santa with Muscles (1996),4.371115684509277
870,4,187,"Godfather: Part II, The (1974)",4.332571506500244
870,5,408,"Close Shave, A (1995)",4.312533378601074
870,6,515,"Boot, Das (1981)",4.2876787185668945
870,7,1367,Faust (1994),4.276618957519531
870,8,1642,Some Mother's Son (1996),4.256447792053223
870,9,199,"Bridge on the River Kwai, The (1957)",4.252292633056641
870,10,648,"Quiet Man, The (1952)",4.212238311767578
871,1,64,"Shawshank Redemption, The (1994)",4.271169662475586
871,2,114,Wallace & Gromit: The Best of Aardman Animation (1996),4.109278678894043
871,3,427,To Kill a Mockingbird (1962),4.082182884216309
871,4,408,"Close Shave, A (1995)",4.078320503234863
871,5,1500,Santa with Muscles (1996),4.065238952636719
871,6,1449,Pather Panchali (1955),4.063014984130859
871,7,223,Sling Blade (1996),4.061729431152344
871,8,480,North by Northwest (1959),4.05982780456543
871,9,603,Rear Window (1954),4.048840522766113
871,10,318,Schindler's List (1993),4.044840335845947
875,1,318,Schindler's List (1993),4.526715278625488
875,2,1500,Santa with Muscles (1996),4.520989418029785
875,3,178,12 Angry Men (1957),4.52065896987915
875,4,114,Wallace & Gromit: The Best of Aardman Animation (1996),4.513574123382568
875,5,1449,Pather Panchali (1955),4.508443355560303
875,6,313,Titanic (1997),4.494131088256836
875,7,127,"Godfather, The (1972)",4.4910736083984375
875,8,483,Casablanca (1942),4.48395299911499
875,9,408,"Close Shave, A (1995)",4.470317363739014
875,10,427,To Kill a Mockingbird (1962),4.457603454589844
876,1,483,Casablanca (1942),4.609868049621582
876,2,114,Wallace & Gromit: The Best of Aardman Animation (1996),4.607877254486084
876,3,1449,Pather Panchali (1955),4.607635021209717
876,4,1500,Santa with Muscles (1996),4.596923828125
876,5,64,"Shawshank Redemption, The (1994)",4.589531898498535
876,6,480,North by Northwest (1959),4.573211669921875
876,7,127,"Godfather, The (1972)",4.562350273132324
876,8,408,"Close Shave, A (1995)",4.562102794647217
876,9,12,"Usual Suspects, The (1995)",4.560402870178223
876,10,657,"Manchurian Candidate, The (1962)",4.545262336730957
872,1,64,"Shawshank Redemption, The (1994)",4.377692222595215
872,2,50,Star Wars (1977),4.336003303527832
872,3,169,"Wrong Trousers, The (1993)",4.272706031799316
872,4,318,Schindler's List (1993),4.254230976104736
872,5,174,Raiders of the Lost Ark (1981),4.2536773681640625
872,6,223,Sling Blade (1996),4.2524919509887695
872,7,1449,Pather Panchali (1955),4.251180171966553
872,8,98,"Silence of the Lambs, The (1991)",4.247012138366699
872,9,1500,Santa with Muscles (1996),4.232964038848877
872,10,427,To Kill a Mockingbird (1962),4.2273430824279785
866,1,1449,Pather Panchali (1955),3.9287667274475098
866,2,178,12 Angry Men (1957),3.842778205871582
866,3,169,"Wrong Trousers, The (1993)",3.8120105266571045
866,4,603,Rear Window (1954),3.8058393001556396
866,5,318,Schindler's List (1993),3.7867324352264404
866,6,50,Star Wars (1977),3.7337799072265625
866,7,64,"Shawshank Redemption, The (1994)",3.7329905033111572
866,8,114,Wallace & Gromit: The Best of Aardman Animation (1996),3.7173221111297607
866,9,174,Raiders of the Lost Ark (1981),3.699345588684082
866,10,483,Casablanca (1942),3.695549488067627
877,1,64,"Shawshank Redemption, The (1994)",4.476386070251465
877,2,483,Casablanca (1942),4.423023223876953
877,3,178,12 Angry Men (1957),4.419943809509277
877,4,50,Star Wars (1977),4.412110328674316
877,5,12,"Usual Suspects, The (1995)",4.409209251403809
877,6,318,Schindler's List (1993),4.408102989196777
877,7,114,Wallace & Gromit: The Best of Aardman Animation (1996),4.391611099243164
877,8,174,Raiders of the Lost Ark (1981),4.389667510986328
877,9,1449,Pather Panchali (1955),4.384951591491699
877,10,1500,Santa with Muscles (1996),4.3750152587890625
873,1,64,"Shawshank Redemption, The (1994)",4.403191566467285
873,2,408,"Close Shave, A (1995)",4.324637413024902
873,3,657,"Manchurian Candidate, The (1962)",4.3193769454956055
873,4,178,12 Angry Men (1957),4.279874801635742
873,5,483,Casablanca (1942),4.270162582397461
873,6,480,North by Northwest (1959),4.264486312866211
873,7,513,"Third Man, The (1949)",4.234090805053711
873,8,656,M (1931),4.233148574829102
873,9,114,Wallace & Gromit: The Best of Aardman Animation (1996),4.221278667449951
873,10,318,Schindler's List (1993),4.213475704193115
880,1,483,Casablanca (1942),4.535301208496094
880,2,114,Wallace & Gromit: The Best of Aardman Animation (1996),4.529732704162598
880,3,1449,Pather Panchali (1955),4.5098748207092285
880,4,1500,Santa with Muscles (1996),4.506298065185547
880,5,178,12 Angry Men (1957),4.504388809204102
880,6,480,North by Northwest (1959),4.492249011993408
880,7,313,Titanic (1997),4.484320163726807
880,8,1367,Faust (1994),4.457480430603027
880,9,427,To Kill a Mockingbird (1962),4.4423065185546875
880,10,408,"Close Shave, A (1995)",4.440670013427734
878,1,169,"Wrong Trousers, The (1993)",4.233384132385254
878,2,483,Casablanca (1942),4.222493648529053
878,3,1449,Pather Panchali (1955),4.2187042236328125
878,4,1500,Santa with Muscles (1996),4.2002081871032715
878,5,89,Blade Runner (1982),4.162851333618164
878,6,114,Wallace & Gromit: The Best of Aardman Animation (1996),4.156400680541992
878,7,603,Rear Window (1954),4.1431965827941895
878,8,12,"Usual Suspects, The (1995)",4.128938674926758
878,9,484,"Maltese Falcon, The (1941)",4.127692222595215
878,10,480,North by Northwest (1959),4.121384620666504
869,1,1449,Pather Panchali (1955),4.187020301818848
869,2,1500,Santa with Muscles (1996),4.185711860656738
869,3,318,Schindler's List (1993),4.170905590057373
869,4,178,12 Angry Men (1957),4.163551330566406
869,5,603,Rear Window (1954),4.150424957275391
869,6,114,Wallace & Gromit: The Best of Aardman Animation (1996),4.144403457641602
869,7,169,"Wrong Trousers, The (1993)",4.140103340148926
869,8,313,Titanic (1997),4.133378028869629
869,9,64,"Shawshank Redemption, The (1994)",4.124917984008789
869,10,483,Casablanca (1942),4.108054161071777
881,1,12,"Usual Suspects, The (1995)",4.222440719604492
881,2,114,Wallace & Gromit: The Best of Aardman Animation (1996),4.204714298248291
881,3,427,To Kill a Mockingbird (1962),4.204034805297852
881,4,1449,Pather Panchali (1955),4.203371524810791
881,5,1500,Santa with Muscles (1996),4.1979875564575195
881,6,223,Sling Blade (1996),4.1943817138671875
881,7,408,"Close Shave, A (1995)",4.191436767578125
881,8,603,Rear Window (1954),4.1913251876831055
881,9,318,Schindler's List (1993),4.189083099365234
881,10,313,Titanic (1997),4.181476593017578
879,1,64,"Shawshank Redemption, The (1994)",4.566069602966309
879,2,114,Wallace & Gromit: The Best of Aardman Animation (1996),4.560540676116943
879,3,174,Raiders of the Lost Ark (1981),4.552976131439209
879,4,318,Schindler's List (1993),4.511462688446045
879,5,1500,Santa with Muscles (1996),4.508051872253418
879,6,1449,Pather Panchali (1955),4.5073723793029785
879,7,313,Titanic (1997),4.506651401519775
879,8,483,Casablanca (1942),4.498907089233398
879,9,480,North by Northwest (1959),4.466231346130371
879,10,187,"Godfather: Part II, The (1974)",4.460360527038574
883,1,114,Wallace & Gromit: The Best of Aardman Animation (1996),4.479323387145996
883,2,480,North by Northwest (1959),4.465080738067627
883,3,1449,Pather Panchali (1955),4.428980827331543
883,4,483,Casablanca (1942),4.4252777099609375
883,5,1500,Santa with Muscles (1996),4.396153450012207
883,6,478,"Philadelphia Story, The (1940)",4.391101837158203
883,7,169,"Wrong Trousers, The (1993)",4.370364189147949
883,8,657,"Manchurian Candidate, The (1962)",4.364350318908691
883,9,187,"Godfather: Part II, The (1974)",4.359408378601074
883,10,178,12 Angry Men (1957),4.357028961181641
882,1,114,Wallace & Gromit: The Best of Aardman Animation (1996),4.744124412536621
882,2,480,North by Northwest (1959),4.738038063049316
882,3,1449,Pather Panchali (1955),4.724254608154297
882,4,1500,Santa with Muscles (1996),4.7197675704956055
882,5,483,Casablanca (1942),4.71928596496582
882,6,178,12 Angry Men (1957),4.710362434387207
882,7,657,"Manchurian Candidate, The (1962)",4.709408760070801
882,8,318,Schindler's List (1993),4.705662727355957
882,9,127,"Godfather, The (1972)",4.705225944519043
882,10,64,"Shawshank Redemption, The (1994)",4.693744659423828
884,1,114,Wallace & Gromit: The Best of Aardman Animation (1996),4.5763983726501465
884,2,480,North by Northwest (1959),4.565893173217773
884,3,1449,Pather Panchali (1955),4.562331199645996
884,4,483,Casablanca (1942),4.5414276123046875
884,5,178,12 Angry Men (1957),4.536498546600342
884,6,1500,Santa with Muscles (1996),4.5274810791015625
884,7,408,"Close Shave, A (1995)",4.5178375244140625
884,8,657,"Manchurian Candidate, The (1962)",4.517063617706299
884,9,318,Schindler's List (1993),4.504900932312012
884,10,169,"Wrong Trousers, The (1993)",4.501535415649414
886,1,1449,Pather Panchali (1955),4.33486270904541
886,2,427,To Kill a Mockingbird (1962),4.334278106689453
886,3,1500,Santa with Muscles (1996),4.309656143188477
886,4,408,"Close Shave, A (1995)",4.294158935546875
886,5,124,Lone Star (1996),4.270021438598633
886,6,480,North by Northwest (1959),4.257688522338867
886,7,169,"Wrong Trousers, The (1993)",4.235799789428711
886,8,134,Citizen Kane (1941),4.230666160583496
886,9,479,Vertigo (1958),4.218459129333496
886,10,513,"Third Man, The (1949)",4.2182159423828125
885,1,64,"Shawshank Redemption, The (1994)",4.280328273773193
885,2,483,Casablanca (1942),4.19288444519043
885,3,178,12 Angry Men (1957),4.1615495681762695
885,4,427,To Kill a Mockingbird (1962),4.135109901428223
885,5,12,"Usual Suspects, The (1995)",4.122885704040527
885,6,1449,Pather Panchali (1955),4.119135856628418
885,7,313,Titanic (1997),4.112060070037842
885,8,98,"Silence of the Lambs, The (1991)",4.109123229980469
885,9,1500,Santa with Muscles (1996),4.106560707092285
885,10,408,"Close Shave, A (1995)",4.096395492553711
889,1,1449,Pather Panchali (1955),4.314417839050293
889,2,1500,Santa with Muscles (1996),4.267256259918213
889,3,313,Titanic (1997),4.2601728439331055
889,4,114,Wallace & Gromit: The Best of Aardman Animation (1996),4.233806133270264
889,5,1367,Faust (1994),4.1307902336120605
889,6,528,"Killing Fields, The (1984)",4.113672256469727
889,7,606,All About Eve (1950),4.104021072387695
889,8,272,Good Will Hunting (1997),4.096787452697754
889,9,656,M (1931),4.088018894195557
889,10,1529,Underground (1995),4.082381248474121
874,1,1449,Pather Panchali (1955),4.499997138977051
874,2,178,12 Angry Men (1957),4.485755443572998
874,3,1500,Santa with Muscles (1996),4.482855796813965
874,4,114,Wallace & Gromit: The Best of Aardman Animation (1996),4.476675510406494
874,5,408,"Close Shave, A (1995)",4.470165729522705
874,6,483,Casablanca (1942),4.460714340209961
874,7,169,"Wrong Trousers, The (1993)",4.442802429199219
874,8,657,"Manchurian Candidate, The (1962)",4.4399261474609375
874,9,480,North by Northwest (1959),4.437686443328857
874,10,98,"Silence of the Lambs, The (1991)",4.422842502593994
892,1,1500,Santa with Muscles (1996),4.699886322021484
892,2,1449,Pather Panchali (1955),4.691929340362549
892,3,114,Wallace & Gromit: The Best of Aardman Animation (1996),4.6831769943237305
892,4,313,Titanic (1997),4.656445503234863
892,5,316,As Good As It Gets (1997),4.630999565124512
892,6,427,To Kill a Mockingbird (1962),4.630987644195557
892,7,654,Chinatown (1974),4.630599021911621
892,8,408,"Close Shave, A (1995)",4.622503280639648
892,9,169,"Wrong Trousers, The (1993)",4.6212849617004395
892,10,1367,Faust (1994),4.617580413818359
890,1,114,Wallace & Gromit: The Best of Aardman Animation (1996),4.639217376708984
890,2,1449,Pather Panchali (1955),4.637659072875977
890,3,1500,Santa with Muscles (1996),4.636419296264648
890,4,64,"Shawshank Redemption, The (1994)",4.618015289306641
890,5,12,"Usual Suspects, The (1995)",4.613500118255615
890,6,318,Schindler's List (1993),4.612063407897949
890,7,169,"Wrong Trousers, The (1993)",4.609167575836182
890,8,408,"Close Shave, A (1995)",4.607852458953857
890,9,1367,Faust (1994),4.602907180786133
890,10,178,12 Angry Men (1957),4.579958915710449
893,1,318,Schindler's List (1993),4.616683006286621
893,2,187,"Godfather: Part II, The (1974)",4.59410285949707
893,3,174,Raiders of the Lost Ark (1981),4.589018821716309
893,4,64,"Shawshank Redemption, The (1994)",4.542459964752197
893,5,313,Titanic (1997),4.540783405303955
893,6,1449,Pather Panchali (1955),4.533718585968018
893,7,427,To Kill a Mockingbird (1962),4.506139755249023
893,8,114,Wallace & Gromit: The Best of Aardman Animation (1996),4.5028886795043945
893,9,178,12 Angry Men (1957),4.498347282409668
893,10,483,Casablanca (1942),4.485783576965332
887,1,480,North by Northwest (1959),4.534208297729492
887,2,114,Wallace & Gromit: The Best of Aardman Animation (1996),4.470808982849121
887,3,483,Casablanca (1942),4.464544296264648
887,4,302,L.A. Confidential (1997),4.450537204742432
887,5,656,M (1931),4.440642833709717
887,6,408,"Close Shave, A (1995)",4.432016372680664
887,7,197,"Graduate, The (1967)",4.431647300720215
887,8,64,"Shawshank Redemption, The (1994)",4.430487632751465
887,9,513,"Third Man, The (1949)",4.425525665283203
887,10,604,It Happened One Night (1934),4.416943550109863
891,1,114,Wallace & Gromit: The Best of Aardman Animation (1996),4.735598564147949
891,2,174,Raiders of the Lost Ark (1981),4.688434600830078
891,3,483,Casablanca (1942),4.665256500244141
891,4,1500,Santa with Muscles (1996),4.663804054260254
891,5,1449,Pather Panchali (1955),4.652441024780273
891,6,318,Schindler's List (1993),4.635696887969971
891,7,98,"Silence of the Lambs, The (1991)",4.623519420623779
891,8,169,"Wrong Trousers, The (1993)",4.623363494873047
891,9,64,"Shawshank Redemption, The (1994)",4.622625350952148
891,10,479,Vertigo (1958),4.617009162902832
894,1,64,"Shawshank Redemption, The (1994)",4.526608467102051
894,2,483,Casablanca (1942),4.456107139587402
894,3,174,Raiders of the Lost Ark (1981),4.404603004455566
894,4,114,Wallace & Gromit: The Best of Aardman Animation (1996),4.37579870223999
894,5,187,"Godfather: Part II, The (1974)",4.370723247528076
894,6,1449,Pather Panchali (1955),4.326803684234619
894,7,408,"Close Shave, A (1995)",4.326393127441406
894,8,1500,Santa with Muscles (1996),4.318739891052246
894,9,178,12 Angry Men (1957),4.313471794128418
894,10,127,"Godfather, The (1972)",4.305914402008057
896,1,1449,Pather Panchali (1955),4.264553070068359
896,2,114,Wallace & Gromit: The Best of Aardman Animation (1996),4.2536211013793945
896,3,408,"Close Shave, A (1995)",4.243288993835449
896,4,1500,Santa with Muscles (1996),4.221493721008301
896,5,178,12 Angry Men (1957),4.180970668792725
896,6,169,"Wrong Trousers, The (1993)",4.1648664474487305
896,7,1554,Safe Passage (1994),4.067544937133789
896,8,1367,Faust (1994),4.066289901733398
896,9,513,"Third Man, The (1949)",4.004633903503418
896,10,498,"African Queen, The (1951)",4.003670692443848
897,1,64,"Shawshank Redemption, The (1994)",4.563104629516602
897,2,114,Wallace & Gromit: The Best of Aardman Animation (1996),4.426712989807129
897,3,302,L.A. Confidential (1997),4.407466888427734
897,4,480,North by Northwest (1959),4.398562431335449
897,5,313,Titanic (1997),4.390617370605469
897,6,408,"Close Shave, A (1995)",4.387346267700195
897,7,318,Schindler's List (1993),4.383301734924316
897,8,12,"Usual Suspects, The (1995)",4.37576961517334
897,9,1500,Santa with Muscles (1996),4.37075662612915
897,10,1449,Pather Panchali (1955),4.362722873687744
901,1,64,"Shawshank Redemption, The (1994)",4.635748386383057
901,2,480,North by Northwest (1959),4.623136043548584
901,3,114,Wallace & Gromit: The Best of Aardman Animation (1996),4.590002059936523
901,4,187,"Godfather: Part II, The (1974)",4.546757698059082
901,5,483,Casablanca (1942),4.536020755767822
901,6,1449,Pather Panchali (1955),4.5182600021362305
901,7,318,Schindler's List (1993),4.5010223388671875
901,8,603,Rear Window (1954),4.492396831512451
901,9,178,12 Angry Men (1957),4.490687370300293
901,10,1500,Santa with Muscles (1996),4.4870924949646
899,1,1500,Santa with Muscles (1996),4.3293046951293945
899,2,114,Wallace & Gromit: The Best of Aardman Animation (1996),4.319732666015625
899,3,1449,Pather Panchali (1955),4.317599296569824
899,4,313,Titanic (1997),4.3129377365112305
899,5,408,"Close Shave, A (1995)",4.31165885925293
899,6,169,"Wrong Trousers, The (1993)",4.305029392242432
899,7,127,"Godfather, The (1972)",4.290860652923584
899,8,480,North by Northwest (1959),4.276028633117676
899,9,178,12 Angry Men (1957),4.271044731140137
899,10,12,"Usual Suspects, The (1995)",4.270591735839844
903,1,483,Casablanca (1942),4.632350921630859
903,2,480,North by Northwest (1959),4.57746696472168
903,3,178,12 Angry Men (1957),4.5514631271362305
903,4,657,"Manchurian Candidate, The (1962)",4.545350074768066
903,5,114,Wallace & Gromit: The Best of Aardman Animation (1996),4.531844615936279
903,6,408,"Close Shave, A (1995)",4.52442741394043
903,7,656,M (1931),4.514876365661621
903,8,1449,Pather Panchali (1955),4.510849952697754
903,9,1500,Santa with Muscles (1996),4.504868030548096
903,10,513,"Third Man, The (1949)",4.492384433746338
904,1,64,"Shawshank Redemption, The (1994)",4.453471660614014
904,2,50,Star Wars (1977),4.43962287902832
904,3,114,Wallace & Gromit: The Best of Aardman Animation (1996),4.428180694580078
904,4,174,Raiders of the Lost Ark (1981),4.406999588012695
904,5,187,"Godfather: Part II, The (1974)",4.381834030151367
904,6,313,Titanic (1997),4.363227844238281
904,7,1500,Santa with Muscles (1996),4.356876373291016
904,8,408,"Close Shave, A (1995)",4.355794906616211
904,9,1449,Pather Panchali (1955),4.353701591491699
904,10,302,L.A. Confidential (1997),4.351646423339844
907,1,187,"Godfather: Part II, The (1974)",4.9034624099731445
907,2,174,Raiders of the Lost Ark (1981),4.882226943969727
907,3,1449,Pather Panchali (1955),4.857274055480957
907,4,64,"Shawshank Redemption, The (1994)",4.845913887023926
907,5,302,L.A. Confidential (1997),4.845148086547852
907,6,114,Wallace & Gromit: The Best of Aardman Animation (1996),4.834036827087402
907,7,478,"Philadelphia Story, The (1940)",4.8311357498168945
907,8,285,Secrets & Lies (1996),4.82609224319458
907,9,178,12 Angry Men (1957),4.825939178466797
907,10,408,"Close Shave, A (1995)",4.822701454162598
905,1,483,Casablanca (1942),4.418213844299316
905,2,64,"Shawshank Redemption, The (1994)",4.4171342849731445
905,3,408,"Close Shave, A (1995)",4.387128829956055
905,4,480,North by Northwest (1959),4.381370544433594
905,5,114,Wallace & Gromit: The Best of Aardman Animation (1996),4.366028308868408
905,6,12,"Usual Suspects, The (1995)",4.34800910949707
905,7,50,Star Wars (1977),4.335888862609863
905,8,427,To Kill a Mockingbird (1962),4.335711479187012
905,9,1500,Santa with Muscles (1996),4.33005952835083
905,10,98,"Silence of the Lambs, The (1991)",4.32548189163208
902,1,408,"Close Shave, A (1995)",4.359938621520996
902,2,64,"Shawshank Redemption, The (1994)",4.3593854904174805
902,3,114,Wallace & Gromit: The Best of Aardman Animation (1996),4.346912860870361
902,4,1500,Santa with Muscles (1996),4.3447489738464355
902,5,1449,Pather Panchali (1955),4.343167304992676
902,6,178,12 Angry Men (1957),4.329400062561035
902,7,12,"Usual Suspects, The (1995)",4.294796943664551
902,8,169,"Wrong Trousers, The (1993)",4.288033485412598
902,9,427,To Kill a Mockingbird (1962),4.262289524078369
902,10,313,Titanic (1997),4.259611129760742
898,1,64,"Shawshank Redemption, The (1994)",4.341492652893066
898,2,657,"Manchurian Candidate, The (1962)",4.153436183929443
898,3,408,"Close Shave, A (1995)",4.147626876831055
898,4,427,To Kill a Mockingbird (1962),4.145073890686035
898,5,483,Casablanca (1942),4.128232955932617
898,6,178,12 Angry Men (1957),4.116970062255859
898,7,114,Wallace & Gromit: The Best of Aardman Animation (1996),4.116905689239502
898,8,480,North by Northwest (1959),4.111056327819824
898,9,12,"Usual Suspects, The (1995)",4.110977649688721
898,10,285,Secrets & Lies (1996),4.110274791717529
895,1,318,Schindler's List (1993),4.636462211608887
895,2,174,Raiders of the Lost Ark (1981),4.632476806640625
895,3,1449,Pather Panchali (1955),4.587199687957764
895,4,64,"Shawshank Redemption, The (1994)",4.58333683013916
895,5,187,"Godfather: Part II, The (1974)",4.56751823425293
895,6,483,Casablanca (1942),4.5612592697143555
895,7,1500,Santa with Muscles (1996),4.548714637756348
895,8,114,Wallace & Gromit: The Best of Aardman Animation (1996),4.538386344909668
895,9,480,North by Northwest (1959),4.524150848388672
895,10,427,To Kill a Mockingbird (1962),4.523183822631836
906,1,114,Wallace & Gromit: The Best of Aardman Animation (1996),4.60539436340332
906,2,127,"Godfather, The (1972)",4.594202041625977
906,3,483,Casablanca (1942),4.586857795715332
906,4,1500,Santa with Muscles (1996),4.570894241333008
906,5,313,Titanic (1997),4.559803009033203
906,6,357,One Flew Over the Cuckoo's Nest (1975),4.550009250640869
906,7,178,12 Angry Men (1957),4.547632217407227
906,8,656,M (1931),4.5442304611206055
906,9,1449,Pather Panchali (1955),4.5400390625
906,10,480,North by Northwest (1959),4.539483070373535
900,1,427,To Kill a Mockingbird (1962),3.9205219745635986
900,2,64,"Shawshank Redemption, The (1994)",3.92012357711792
900,3,12,"Usual Suspects, The (1995)",3.8509902954101562
900,4,169,"Wrong Trousers, The (1993)",3.8208858966827393
900,5,1449,Pather Panchali (1955),3.8115556240081787
900,6,98,"Silence of the Lambs, The (1991)",3.7973527908325195
900,7,484,"Maltese Falcon, The (1941)",3.7760138511657715
900,8,89,Blade Runner (1982),3.697906970977783
900,9,134,Citizen Kane (1941),3.680776834487915
900,10,1500,Santa with Muscles (1996),3.6768956184387207
908,1,64,"Shawshank Redemption, The (1994)",4.022038459777832
908,2,480,North by Northwest (1959),3.9891088008880615
908,3,313,Titanic (1997),3.96466064453125
908,4,134,Citizen Kane (1941),3.9258337020874023
908,5,408,"Close Shave, A (1995)",3.9107894897460938
908,6,132,"Wizard of Oz, The (1939)",3.8924834728240967
908,7,272,Good Will Hunting (1997),3.8685827255249023
908,8,302,L.A. Confidential (1997),3.8621838092803955
908,9,641,Paths of Glory (1957),3.8604109287261963
908,10,474,Dr. Strangelove or: How I Learned to Stop Worrying and Love the Bomb (1963),3.85750150680542
916,1,114,Wallace & Gromit: The Best of Aardman Animation (1996),4.473367214202881
916,2,1449,Pather Panchali (1955),4.459172248840332
916,3,1500,Santa with Muscles (1996),4.42540168762207
916,4,178,12 Angry Men (1957),4.408951759338379
916,5,169,"Wrong Trousers, The (1993)",4.373655319213867
916,6,603,Rear Window (1954),4.373344421386719
916,7,127,"Godfather, The (1972)",4.368969917297363
916,8,408,"Close Shave, A (1995)",4.356026649475098
916,9,313,Titanic (1997),4.352219581604004
916,10,187,"Godfather: Part II, The (1974)",4.320165157318115
911,1,64,"Shawshank Redemption, The (1994)",4.401946067810059
911,2,50,Star Wars (1977),4.36574649810791
911,3,318,Schindler's List (1993),4.343350410461426
911,4,1449,Pather Panchali (1955),4.2887420654296875
911,5,114,Wallace & Gromit: The Best of Aardman Animation (1996),4.275376319885254
911,6,187,"Godfather: Part II, The (1974)",4.272139549255371
911,7,408,"Close Shave, A (1995)",4.266312599182129
911,8,178,12 Angry Men (1957),4.251928806304932
911,9,12,"Usual Suspects, The (1995)",4.251550674438477
911,10,1500,Santa with Muscles (1996),4.249704837799072
912,1,12,"Usual Suspects, The (1995)",4.119149208068848
912,2,50,Star Wars (1977),4.118714332580566
912,3,408,"Close Shave, A (1995)",4.118197917938232
912,4,313,Titanic (1997),4.092463493347168
912,5,89,Blade Runner (1982),4.079174995422363
912,6,223,Sling Blade (1996),4.075135231018066
912,7,1449,Pather Panchali (1955),4.073742866516113
912,8,302,L.A. Confidential (1997),4.06965446472168
912,9,1500,Santa with Muscles (1996),4.068456649780273
912,10,169,"Wrong Trousers, The (1993)",4.064997673034668
914,1,1449,Pather Panchali (1955),4.167442798614502
914,2,114,Wallace & Gromit: The Best of Aardman Animation (1996),4.160794258117676
914,3,169,"Wrong Trousers, The (1993)",4.151227951049805
914,4,178,12 Angry Men (1957),4.1330718994140625
914,5,427,To Kill a Mockingbird (1962),4.113148212432861
914,6,318,Schindler's List (1993),4.065528869628906
914,7,483,Casablanca (1942),4.062890529632568
914,8,98,"Silence of the Lambs, The (1991)",4.059765815734863
914,9,480,North by Northwest (1959),4.038474082946777
914,10,1500,Santa with Muscles (1996),4.031287670135498
918,1,114,Wallace & Gromit: The Best of Aardman Animation (1996),4.032932281494141
918,2,483,Casablanca (1942),4.02971076965332
918,3,1449,Pather Panchali (1955),4.025766372680664
918,4,169,"Wrong Trousers, The (1993)",4.020260810852051
918,5,318,Schindler's List (1993),3.994494676589966
918,6,1500,Santa with Muscles (1996),3.9886209964752197
918,7,178,12 Angry Men (1957),3.974400281906128
918,8,98,"Silence of the Lambs, The (1991)",3.959380626678467
918,9,223,Sling Blade (1996),3.9580705165863037
918,10,603,Rear Window (1954),3.9291832447052
919,1,483,Casablanca (1942),4.276391983032227
919,2,169,"Wrong Trousers, The (1993)",4.1925272941589355
919,3,1500,Santa with Muscles (1996),4.163798809051514
919,4,114,Wallace & Gromit: The Best of Aardman Animation (1996),4.162573337554932
919,5,1449,Pather Panchali (1955),4.158485412597656
919,6,480,North by Northwest (1959),4.139516830444336
919,7,178,12 Angry Men (1957),4.1378583908081055
919,8,427,To Kill a Mockingbird (1962),4.127763748168945
919,9,479,Vertigo (1958),4.116853713989258
919,10,357,One Flew Over the Cuckoo's Nest (1975),4.110925674438477
921,1,64,"Shawshank Redemption, The (1994)",4.300126552581787
921,2,178,12 Angry Men (1957),4.210151195526123
921,3,480,North by Northwest (1959),4.2076520919799805
921,4,1449,Pather Panchali (1955),4.201644420623779
921,5,483,Casablanca (1942),4.191667556762695
921,6,127,"Godfather, The (1972)",4.1898345947265625
921,7,12,"Usual Suspects, The (1995)",4.188645839691162
921,8,114,Wallace & Gromit: The Best of Aardman Animation (1996),4.182129859924316
921,9,408,"Close Shave, A (1995)",4.181055545806885
921,10,169,"Wrong Trousers, The (1993)",4.17750358581543
910,1,483,Casablanca (1942),4.387781143188477
910,2,318,Schindler's List (1993),4.3419599533081055
910,3,1449,Pather Panchali (1955),4.328240394592285
910,4,114,Wallace & Gromit: The Best of Aardman Animation (1996),4.287753105163574
910,5,480,North by Northwest (1959),4.274080276489258
910,6,427,To Kill a Mockingbird (1962),4.263818740844727
910,7,169,"Wrong Trousers, The (1993)",4.263518333435059
910,8,1500,Santa with Muscles (1996),4.26235294342041
910,9,64,"Shawshank Redemption, The (1994)",4.251757621765137
910,10,513,"Third Man, The (1949)",4.219344139099121
913,1,1449,Pather Panchali (1955),4.151586532592773
913,2,178,12 Angry Men (1957),4.149788856506348
913,3,1500,Santa with Muscles (1996),4.11163330078125
913,4,313,Titanic (1997),4.098685264587402
913,5,479,Vertigo (1958),4.0828094482421875
913,6,484,"Maltese Falcon, The (1941)",4.071910858154297
913,7,223,Sling Blade (1996),4.06876277923584
913,8,114,Wallace & Gromit: The Best of Aardman Animation (1996),4.056526184082031
913,9,515,"Boot, Das (1981)",4.034733772277832
913,10,480,North by Northwest (1959),4.033056259155273
915,1,408,"Close Shave, A (1995)",4.3208160400390625
915,2,178,12 Angry Men (1957),4.274019241333008
915,3,483,Casablanca (1942),4.2719011306762695
915,4,1449,Pather Panchali (1955),4.242753028869629
915,5,114,Wallace & Gromit: The Best of Aardman Animation (1996),4.215070724487305
915,6,656,M (1931),4.197137832641602
915,7,657,"Manchurian Candidate, The (1962)",4.188868522644043
915,8,480,North by Northwest (1959),4.185218811035156
915,9,64,"Shawshank Redemption, The (1994)",4.179453372955322
915,10,127,"Godfather, The (1972)",4.176301956176758
922,1,1449,Pather Panchali (1955),4.306575775146484
922,2,64,"Shawshank Redemption, The (1994)",4.300595760345459
922,3,318,Schindler's List (1993),4.278934478759766
922,4,114,Wallace & Gromit: The Best of Aardman Animation (1996),4.268206596374512
922,5,169,"Wrong Trousers, The (1993)",4.266940116882324
922,6,408,"Close Shave, A (1995)",4.251603126525879
922,7,1500,Santa with Muscles (1996),4.239812850952148
922,8,483,Casablanca (1942),4.2382121086120605
922,9,480,North by Northwest (1959),4.236186504364014
922,10,178,12 Angry Men (1957),4.233002185821533
923,1,114,Wallace & Gromit: The Best of Aardman Animation (1996),4.77113151550293
923,2,480,North by Northwest (1959),4.7549896240234375
923,3,1500,Santa with Muscles (1996),4.727303504943848
923,4,483,Casablanca (1942),4.7194600105285645
923,5,1449,Pather Panchali (1955),4.718788146972656
923,6,313,Titanic (1997),4.718634605407715
923,7,656,M (1931),4.7162394523620605
923,8,127,"Godfather, The (1972)",4.705314636230469
923,9,191,Amadeus (1984),4.703635215759277
923,10,408,"Close Shave, A (1995)",4.701010227203369
928,1,174,Raiders of the Lost Ark (1981),4.872858047485352
928,2,483,Casablanca (1942),4.870926856994629
928,3,1449,Pather Panchali (1955),4.86546516418457
928,4,480,North by Northwest (1959),4.85999870300293
928,5,313,Titanic (1997),4.859005928039551
928,6,478,"Philadelphia Story, The (1940)",4.857501029968262
928,7,318,Schindler's List (1993),4.854337692260742
928,8,479,Vertigo (1958),4.850723743438721
928,9,50,Star Wars (1977),4.845940113067627
928,10,656,M (1931),4.845905780792236
927,1,114,Wallace & Gromit: The Best of Aardman Animation (1996),4.520172119140625
927,2,50,Star Wars (1977),4.471549034118652
927,3,483,Casablanca (1942),4.46830940246582
927,4,1500,Santa with Muscles (1996),4.465462684631348
927,5,318,Schindler's List (1993),4.456745624542236
927,6,313,Titanic (1997),4.449939727783203
927,7,127,"Godfather, The (1972)",4.435546398162842
927,8,408,"Close Shave, A (1995)",4.424607276916504
927,9,178,12 Angry Men (1957),4.424136161804199
927,10,357,One Flew Over the Cuckoo's Nest (1975),4.423600196838379
924,1,483,Casablanca (1942),4.5939106941223145
924,2,187,"Godfather: Part II, The (1974)",4.587806701660156
924,3,1449,Pather Panchali (1955),4.585107803344727
924,4,1500,Santa with Muscles (1996),4.503403663635254
924,5,302,L.A. Confidential (1997),4.481979846954346
924,6,191,Amadeus (1984),4.47531795501709
924,7,316,As Good As It Gets (1997),4.45448637008667
924,8,169,"Wrong Trousers, The (1993)",4.4515886306762695
924,9,603,Rear Window (1954),4.445937633514404
924,10,493,"Thin Man, The (1934)",4.445319175720215
929,1,178,12 Angry Men (1957),4.359429359436035
929,2,408,"Close Shave, A (1995)",4.357851505279541
929,3,64,"Shawshank Redemption, The (1994)",4.326228141784668
929,4,657,"Manchurian Candidate, The (1962)",4.304357528686523
929,5,114,Wallace & Gromit: The Best of Aardman Animation (1996),4.303230285644531
929,6,1500,Santa with Muscles (1996),4.303122520446777
929,7,1449,Pather Panchali (1955),4.29575777053833
929,8,513,"Third Man, The (1949)",4.271721839904785
929,9,169,"Wrong Trousers, The (1993)",4.271385192871094
929,10,313,Titanic (1997),4.256213665008545
931,1,483,Casablanca (1942),4.564220428466797
931,2,1449,Pather Panchali (1955),4.5610527992248535
931,3,114,Wallace & Gromit: The Best of Aardman Animation (1996),4.538760185241699
931,4,1500,Santa with Muscles (1996),4.516508102416992
931,5,98,"Silence of the Lambs, The (1991)",4.515666961669922
931,6,178,12 Angry Men (1957),4.504500389099121
931,7,480,North by Northwest (1959),4.5015974044799805
931,8,169,"Wrong Trousers, The (1993)",4.494802951812744
931,9,174,Raiders of the Lost Ark (1981),4.493492126464844
931,10,408,"Close Shave, A (1995)",4.488420486450195
917,1,483,Casablanca (1942),4.512255668640137
917,2,1449,Pather Panchali (1955),4.498088836669922
917,3,114,Wallace & Gromit: The Best of Aardman Animation (1996),4.493659019470215
917,4,1500,Santa with Muscles (1996),4.480744361877441
917,5,480,North by Northwest (1959),4.477631568908691
917,6,318,Schindler's List (1993),4.474026679992676
917,7,178,12 Angry Men (1957),4.446002006530762
917,8,127,"Godfather, The (1972)",4.4451584815979
917,9,408,"Close Shave, A (1995)",4.440980911254883
917,10,64,"Shawshank Redemption, The (1994)",4.437246322631836
932,1,318,Schindler's List (1993),4.669696807861328
932,2,50,Star Wars (1977),4.617667198181152
932,3,187,"Godfather: Part II, The (1974)",4.616587162017822
932,4,1500,Santa with Muscles (1996),4.550252914428711
932,5,12,"Usual Suspects, The (1995)",4.530600547790527
932,6,313,Titanic (1997),4.526491165161133
932,7,127,"Godfather, The (1972)",4.51312780380249
932,8,1367,Faust (1994),4.509743690490723
932,9,408,"Close Shave, A (1995)",4.505025863647461
932,10,223,Sling Blade (1996),4.502050876617432
909,1,174,Raiders of the Lost Ark (1981),4.7347636222839355
909,2,114,Wallace & Gromit: The Best of Aardman Animation (1996),4.73135232925415
909,3,483,Casablanca (1942),4.729135513305664
909,4,127,"Godfather, The (1972)",4.719916343688965
909,5,480,North by Northwest (1959),4.719216346740723
909,6,1449,Pather Panchali (1955),4.711818218231201
909,7,318,Schindler's List (1993),4.710721969604492
909,8,1500,Santa with Muscles (1996),4.709427833557129
909,9,408,"Close Shave, A (1995)",4.7083845138549805
909,10,313,Titanic (1997),4.702308654785156
934,1,114,Wallace & Gromit: The Best of Aardman Animation (1996),4.416997909545898
934,2,1500,Santa with Muscles (1996),4.365766525268555
934,3,178,12 Angry Men (1957),4.3473310470581055
934,4,480,North by Northwest (1959),4.343963146209717
934,5,318,Schindler's List (1993),4.341204643249512
934,6,357,One Flew Over the Cuckoo's Nest (1975),4.339370250701904
934,7,64,"Shawshank Redemption, The (1994)",4.329294681549072
934,8,98,"Silence of the Lambs, The (1991)",4.324924468994141
934,9,408,"Close Shave, A (1995)",4.3071980476379395
934,10,12,"Usual Suspects, The (1995)",4.305907249450684
933,1,1500,Santa with Muscles (1996),4.419002532958984
933,2,178,12 Angry Men (1957),4.399446964263916
933,3,1449,Pather Panchali (1955),4.382838726043701
933,4,169,"Wrong Trousers, The (1993)",4.376321792602539
933,5,114,Wallace & Gromit: The Best of Aardman Animation (1996),4.3593430519104
933,6,408,"Close Shave, A (1995)",4.356271743774414
933,7,313,Titanic (1997),4.34797477722168
933,8,603,Rear Window (1954),4.347704887390137
933,9,480,North by Northwest (1959),4.295058727264404
933,10,134,Citizen Kane (1941),4.288873672485352
935,1,480,North by Northwest (1959),4.581363677978516
935,2,483,Casablanca (1942),4.573524475097656
935,3,64,"Shawshank Redemption, The (1994)",4.557435512542725
935,4,114,Wallace & Gromit: The Best of Aardman Animation (1996),4.554213523864746
935,5,187,"Godfather: Part II, The (1974)",4.537578582763672
935,6,408,"Close Shave, A (1995)",4.5370988845825195
935,7,656,M (1931),4.532750129699707
935,8,178,12 Angry Men (1957),4.512939929962158
935,9,302,L.A. Confidential (1997),4.505459308624268
935,10,515,"Boot, Das (1981)",4.492677688598633
938,1,483,Casablanca (1942),4.627860069274902
938,2,64,"Shawshank Redemption, The (1994)",4.627107620239258
938,3,480,North by Northwest (1959),4.539899826049805
938,4,479,Vertigo (1958),4.537464141845703
938,5,1449,Pather Panchali (1955),4.528820037841797
938,6,114,Wallace & Gromit: The Best of Aardman Animation (1996),4.527008056640625
938,7,1500,Santa with Muscles (1996),4.5130133628845215
938,8,657,"Manchurian Candidate, The (1962)",4.509899139404297
938,9,178,12 Angry Men (1957),4.499747276306152
938,10,318,Schindler's List (1993),4.498180389404297
940,1,483,Casablanca (1942),4.3965349197387695
940,2,1449,Pather Panchali (1955),4.290494441986084
940,3,480,North by Northwest (1959),4.287570953369141
940,4,1500,Santa with Muscles (1996),4.2786335945129395
940,5,64,"Shawshank Redemption, The (1994)",4.2776899337768555
940,6,114,Wallace & Gromit: The Best of Aardman Animation (1996),4.250443458557129
940,7,134,Citizen Kane (1941),4.235865592956543
940,8,318,Schindler's List (1993),4.234830379486084
940,9,408,"Close Shave, A (1995)",4.233091354370117
940,10,127,"Godfather, The (1972)",4.232483863830566
888,1,114,Wallace & Gromit: The Best of Aardman Animation (1996),4.701193809509277
888,2,480,North by Northwest (1959),4.6982269287109375
888,3,1449,Pather Panchali (1955),4.687078952789307
888,4,127,"Godfather, The (1972)",4.673898696899414
888,5,1500,Santa with Muscles (1996),4.6673994064331055
888,6,483,Casablanca (1942),4.663144111633301
888,7,178,12 Angry Men (1957),4.662533760070801
888,8,313,Titanic (1997),4.656965255737305
888,9,174,Raiders of the Lost Ark (1981),4.652225494384766
888,10,657,"Manchurian Candidate, The (1962)",4.640346050262451
925,1,64,"Shawshank Redemption, The (1994)",4.301231384277344
925,2,480,North by Northwest (1959),4.2343878746032715
925,3,408,"Close Shave, A (1995)",4.221985340118408
925,4,318,Schindler's List (1993),4.209362030029297
925,5,483,Casablanca (1942),4.186648368835449
925,6,1449,Pather Panchali (1955),4.15786075592041
925,7,603,Rear Window (1954),4.1549482345581055
925,8,127,"Godfather, The (1972)",4.154702186584473
925,9,657,"Manchurian Candidate, The (1962)",4.154679775238037
925,10,178,12 Angry Men (1957),4.144752025604248
942,1,114,Wallace & Gromit: The Best of Aardman Animation (1996),4.659059524536133
942,2,64,"Shawshank Redemption, The (1994)",4.62375545501709
942,3,483,Casablanca (1942),4.60316276550293
942,4,127,"Godfather, The (1972)",4.6000566482543945
942,5,187,"Godfather: Part II, The (1974)",4.596835136413574
942,6,656,M (1931),4.596828460693359
942,7,408,"Close Shave, A (1995)",4.5924224853515625
942,8,302,L.A. Confidential (1997),4.585360527038574
942,9,654,Chinatown (1974),4.580256462097168
942,10,191,Amadeus (1984),4.570628643035889
937,1,64,"Shawshank Redemption, The (1994)",4.324211597442627
937,2,1449,Pather Panchali (1955),4.261519432067871
937,3,114,Wallace & Gromit: The Best of Aardman Animation (1996),4.255636692047119
937,4,12,"Usual Suspects, The (1995)",4.246413707733154
937,5,479,Vertigo (1958),4.237340927124023
937,6,483,Casablanca (1942),4.235746383666992
937,7,98,"Silence of the Lambs, The (1991)",4.210212707519531
937,8,484,"Maltese Falcon, The (1941)",4.20062255859375
937,9,169,"Wrong Trousers, The (1993)",4.19597053527832
937,10,1500,Santa with Muscles (1996),4.1818952560424805
926,1,483,Casablanca (1942),4.372575283050537
926,2,127,"Godfather, The (1972)",4.32545280456543
926,3,1449,Pather Panchali (1955),4.296639442443848
926,4,408,"Close Shave, A (1995)",4.2674407958984375
926,5,64,"Shawshank Redemption, The (1994)",4.265841484069824
926,6,134,Citizen Kane (1941),4.243089199066162
926,7,114,Wallace & Gromit: The Best of Aardman Animation (1996),4.241036891937256
926,8,169,"Wrong Trousers, The (1993)",4.23887300491333
926,9,1500,Santa with Muscles (1996),4.20969295501709
926,10,480,North by Northwest (1959),4.191272735595703
943,1,483,Casablanca (1942),4.539156913757324
943,2,408,"Close Shave, A (1995)",4.402796268463135
943,3,114,Wallace & Gromit: The Best of Aardman Animation (1996),4.399576187133789
943,4,657,"Manchurian Candidate, The (1962)",4.387271881103516
943,5,480,North by Northwest (1959),4.378292560577393
943,6,178,12 Angry Men (1957),4.376367568969727
943,7,1500,Santa with Muscles (1996),4.335573196411133
943,8,513,"Third Man, The (1949)",4.335410118103027
943,9,1449,Pather Panchali (1955),4.328761100769043
943,10,515,"Boot, Das (1981)",4.326664924621582
939,1,174,Raiders of the Lost Ark (1981),4.832497596740723
939,2,483,Casablanca (1942),4.822403907775879
939,3,114,Wallace & Gromit: The Best of Aardman Animation (1996),4.818146705627441
939,4,318,Schindler's List (1993),4.809431076049805
939,5,480,North by Northwest (1959),4.807491302490234
939,6,1449,Pather Panchali (1955),4.801759719848633
939,7,408,"Close Shave, A (1995)",4.800228118896484
939,8,187,"Godfather: Part II, The (1974)",4.798781871795654
939,9,313,Titanic (1997),4.797758102416992
939,10,1500,Santa with Muscles (1996),4.797657012939453
936,1,483,Casablanca (1942),4.645689964294434
936,2,114,Wallace & Gromit: The Best of Aardman Animation (1996),4.629383087158203
936,3,408,"Close Shave, A (1995)",4.621865272521973
936,4,64,"Shawshank Redemption, The (1994)",4.607753276824951
936,5,302,L.A. Confidential (1997),4.572975158691406
936,6,480,North by Northwest (1959),4.567211151123047
936,7,1500,Santa with Muscles (1996),4.564569473266602
936,8,656,M (1931),4.5587873458862305
936,9,191,Amadeus (1984),4.551792621612549
936,10,174,Raiders of the Lost Ark (1981),4.549671173095703
930,1,427,To Kill a Mockingbird (1962),3.8118464946746826
930,2,98,"Silence of the Lambs, The (1991)",3.75240421295166
930,3,89,Blade Runner (1982),3.751554250717163
930,4,12,"Usual Suspects, The (1995)",3.749638557434082
930,5,479,Vertigo (1958),3.7440223693847656
930,6,169,"Wrong Trousers, The (1993)",3.7099525928497314
930,7,528,"Killing Fields, The (1984)",3.689134359359741
930,8,318,Schindler's List (1993),3.6865031719207764
930,9,657,"Manchurian Candidate, The (1962)",3.6566357612609863
930,10,1449,Pather Panchali (1955),3.625319242477417
920,1,318,Schindler's List (1993),4.425932884216309
920,2,64,"Shawshank Redemption, The (1994)",4.392519950866699
920,3,174,Raiders of the Lost Ark (1981),4.365235328674316
920,4,50,Star Wars (1977),4.363602638244629
920,5,408,"Close Shave, A (1995)",4.338016033172607
920,6,1449,Pather Panchali (1955),4.335137367248535
920,7,12,"Usual Suspects, The (1995)",4.325904846191406
920,8,427,To Kill a Mockingbird (1962),4.312711715698242
920,9,178,12 Angry Men (1957),4.3120222091674805
920,10,169,"Wrong Trousers, The (1993)",4.311933517456055
941,1,174,Raiders of the Lost Ark (1981),4.676931381225586
941,2,187,"Godfather: Part II, The (1974)",4.6645965576171875
941,3,50,Star Wars (1977),4.66229248046875
941,4,483,Casablanca (1942),4.655703544616699
941,5,64,"Shawshank Redemption, The (1994)",4.650942802429199
941,6,318,Schindler's List (1993),4.641556739807129
941,7,1449,Pather Panchali (1955),4.611050605773926
941,8,114,Wallace & Gromit: The Best of Aardman Animation (1996),4.610865592956543
941,9,313,Titanic (1997),4.603462219238281
941,10,1500,Santa with Muscles (1996),4.589279651641846
